MFR URL,Ref URL 1,Ref URL 2,Ref URL 3,Ref URL 4,Ref URL 5,PART_NUMBER,Dept,Class,Fine,SKU - MY_PART_NUMBER,Mfg_Part_Num,Part_Desc,E1_Brand,Unilog_Brand,DIB_Brand,Part_Manuf,MANUFACTURER_NAME,BRAND_NAME,TRADE_NAME,MANUFACTURER_PART_NUMBER,ALTERNATE_PART_NUMBER,Classpath,MOBILE_DESC,INVOICE_DESC,SHORT_DESC,LONG_DESC1,RETAIL_DESC,MARKETING_DESCRIPTION,ITEM_FEATURES_1,ITEM_FEATURES_2,ITEM_FEATURES_3,ITEM_FEATURES_4,ITEM_FEATURES_5,ITEM_FEATURES_6,ITEM_FEATURES_7,ITEM_FEATURES_8,ITEM_FEATURES_9,ITEM_FEATURES_10,ITEM_FEATURES_11,ITEM_FEATURES_12,ITEM_FEATURES_13,ITEM_FEATURES_14,ITEM_FEATURES_15,ITEM_FEATURES_16,ITEM_FEATURES_17,ITEM_FEATURES_18,ITEM_FEATURES_19,ITEM_FEATURES_20,With,Standard/Approvals,Prop 65,Application,Includes,Product Name,ATTRIBUTE_LABEL 1,ATTRIBUTE_VALUE 1,ATTRIBUTE_UOM 1,ATTRIBUTE_LABEL 2,ATTRIBUTE_VALUE 2,ATTRIBUTE_UOM 2,ATTRIBUTE_LABEL 3,ATTRIBUTE_VALUE 3,ATTRIBUTE_UOM 3,ATTRIBUTE_LABEL 4,ATTRIBUTE_VALUE 4,ATTRIBUTE_UOM 4,ATTRIBUTE_LABEL 5,ATTRIBUTE_VALUE 5,ATTRIBUTE_UOM 5,ATTRIBUTE_LABEL 6,ATTRIBUTE_VALUE 6,ATTRIBUTE_UOM 6,ATTRIBUTE_LABEL 7,ATTRIBUTE_VALUE 7,ATTRIBUTE_UOM 7,ATTRIBUTE_LABEL 8,ATTRIBUTE_VALUE 8,ATTRIBUTE_UOM 8,ATTRIBUTE_LABEL 9,ATTRIBUTE_VALUE 9,ATTRIBUTE_UOM 9,ATTRIBUTE_LABEL 10,ATTRIBUTE_VALUE 10,ATTRIBUTE_UOM 10,ATTRIBUTE_LABEL 11,ATTRIBUTE_VALUE 11,ATTRIBUTE_UOM 11,ATTRIBUTE_LABEL 12,ATTRIBUTE_VALUE 12,ATTRIBUTE_UOM 12,ATTRIBUTE_LABEL 13,ATTRIBUTE_VALUE 13,ATTRIBUTE_UOM 13,ATTRIBUTE_LABEL 14,ATTRIBUTE_VALUE 14,ATTRIBUTE_UOM 14,ATTRIBUTE_LABEL 15,ATTRIBUTE_VALUE 15,ATTRIBUTE_UOM 15,ATTRIBUTE_LABEL 16,ATTRIBUTE_VALUE 16,ATTRIBUTE_UOM 16,ATTRIBUTE_LABEL 17,ATTRIBUTE_VALUE 17,ATTRIBUTE_UOM 17,ATTRIBUTE_LABEL 18,ATTRIBUTE_VALUE 18,ATTRIBUTE_UOM 18,ATTRIBUTE_LABEL 19,ATTRIBUTE_VALUE 19,ATTRIBUTE_UOM 19,ATTRIBUTE_LABEL 20,ATTRIBUTE_VALUE 20,ATTRIBUTE_UOM 20,ATTRIBUTE_LABEL 21,ATTRIBUTE_VALUE 21,ATTRIBUTE_UOM 21,ATTRIBUTE_LABEL 22,ATTRIBUTE_VALUE 22,ATTRIBUTE_UOM 22,ATTRIBUTE_LABEL 23,ATTRIBUTE_VALUE 23,ATTRIBUTE_UOM 23,ATTRIBUTE_LABEL 24,ATTRIBUTE_VALUE 24,ATTRIBUTE_UOM 24,ATTRIBUTE_LABEL 25,ATTRIBUTE_VALUE 25,ATTRIBUTE_UOM 25,ATTRIBUTE_LABEL 26,ATTRIBUTE_VALUE 26,ATTRIBUTE_UOM 26,ATTRIBUTE_LABEL 27,ATTRIBUTE_VALUE 27,ATTRIBUTE_UOM 27,ATTRIBUTE_LABEL 28,ATTRIBUTE_VALUE 28,ATTRIBUTE_UOM 28,ATTRIBUTE_LABEL 29,ATTRIBUTE_VALUE 29,ATTRIBUTE_UOM 29,ATTRIBUTE_LABEL 30,ATTRIBUTE_VALUE 30,ATTRIBUTE_UOM 30,ATTRIBUTE_LABEL 31,ATTRIBUTE_VALUE 31,ATTRIBUTE_UOM 31,ATTRIBUTE_LABEL 32,ATTRIBUTE_VALUE 32,ATTRIBUTE_UOM 32,ATTRIBUTE_LABEL 33,ATTRIBUTE_VALUE 33,ATTRIBUTE_UOM 33,ATTRIBUTE_LABEL 34,ATTRIBUTE_VALUE 34,ATTRIBUTE_UOM 34,ATTRIBUTE_LABEL 35,ATTRIBUTE_VALUE 35,ATTRIBUTE_UOM 35,ATTRIBUTE_LABEL 36,ATTRIBUTE_VALUE 36,ATTRIBUTE_UOM 36,ATTRIBUTE_LABEL 37,ATTRIBUTE_VALUE 37,ATTRIBUTE_UOM 37,ATTRIBUTE_LABEL 38,ATTRIBUTE_VALUE 38,ATTRIBUTE_UOM 38,ATTRIBUTE_LABEL 39,ATTRIBUTE_VALUE 39,ATTRIBUTE_UOM 39,ATTRIBUTE_LABEL 40,ATTRIBUTE_VALUE 40,ATTRIBUTE_UOM 40,ATTRIBUTE_LABEL 41,ATTRIBUTE_VALUE 41,ATTRIBUTE_UOM 41,ATTRIBUTE_LABEL 42,ATTRIBUTE_VALUE 42,ATTRIBUTE_UOM 42,ATTRIBUTE_LABEL 43,ATTRIBUTE_VALUE 43,ATTRIBUTE_UOM 43,ATTRIBUTE_LABEL 44,ATTRIBUTE_VALUE 44,ATTRIBUTE_UOM 44,ATTRIBUTE_LABEL 45,ATTRIBUTE_VALUE 45,ATTRIBUTE_UOM 45,ATTRIBUTE_LABEL 46,ATTRIBUTE_VALUE 46,ATTRIBUTE_UOM 46,ATTRIBUTE_LABEL 47,ATTRIBUTE_VALUE 47,ATTRIBUTE_UOM 47,ATTRIBUTE_LABEL 48,ATTRIBUTE_VALUE 48,ATTRIBUTE_UOM 48,ATTRIBUTE_LABEL 49,ATTRIBUTE_VALUE 49,ATTRIBUTE_UOM 49,ATTRIBUTE_LABEL 50,ATTRIBUTE_VALUE 50,ATTRIBUTE_UOM 50,UPC,EAN,GTIN,UNSPSC,Warranty,List Price,Selling Qty,Selling UOM,Standard Packaging Information,LENGTH,LENGTH_UOM,HEIGHT,HEIGHT_UOM,WIDTH,WIDTH_UOM,WEIGHT,WEIGHT_UOM,VOLUME,VOLUME_UOM,Product Image,Alternate Image 1,Alternate Image 2,Alternate Image 3,Alternate Image 4,SDS,SDS_1,Warranty Information,Catalog,Specification Sheet,Instruction/Installation Manual,Service Manual,Owners/User Manual,Line Drawing,MTR,RoHS,Full Engineering Drawing,Energy Star Guide,Technical Bulletin,Submittal,Compatibility Chart,Size Chart,Product Label/Insert,Video Link,Video Link 1,Country Of Origin,Discontinued,Actual Image (Yes/No)
https://,,,,,,,,,,,34688A,34688A Kichler Chandelier Lt,,,,,,Kichler,Kichler,34688A,,Lighting & Fans>Indoor Lighting>Chandeliers,"Kichler, Chandelier, 34688A, 34688A, 34688 A",CHANDELIER 34688A 34688A,Kichler 34688A Chandelier,"Kichler Chandelier, 34688A, 34688 A Amperage Rating","Chandelier, 34688A","Chandelier, 34688A",,,,,,,,,,,,,,,,,,,,,,,,,,,Model Number,34688A,,Amperage Rating,34688,A,,,,,,,,,,,,,,,,,,,,,,,,,,,,,,,,,,,,,,,,,,,,,,,,,,,,,,,,,,,,,,,,,,,,,,,,,,,,,,,,,,,,,,,,,,,,,,,,,,,,,,,,,,,,,,,,,,,,,,,,,,,,,,,,,,,,,,,,,,,,,,,,,,,,39111500,,,,,,,,,,,,,,,,,,,,,,,,,,,,,,,,,,,,,,,,,,,
https://,,,,,,,,,,,3000A,3000A Whiteside Router Bit,,,,Whiteside Machine & Repair Co (WHIMA),Whiteside Machine & Repair Co,Whiteside,Whiteside,3000A,,Tools & Equipment>Power Tool Accessories>Router Bits,"Whiteside Machine & Repair Co Whiteside, Router Bit, 3000A, 3000 A",ROUTER BIT 3000A,Whiteside 3000A Router Bit,"Whiteside Router Bit, 3000 A Amperage Rating",Router Bit,Router Bit,,,,,,,,,,,,,,,,,,,,,,,,,,,Amperage Rating,3000,A,,,,,,,,,,,,,,,,,,,,,,,,,,,,,,,,,,,,,,,,,,,,,,,,,,,,,,,,,,,,,,,,,,,,,,,,,,,,,,,,,,,,,,,,,,,,,,,,,,,,,,,,,,,,,,,,,,,,,,,,,,,,,,,,,,,,,,,,,,,,,,,,,,,,,,,27112806,,,,,,,,,,,,,,,,,,,,,,,,,,,,,,,,,,,,,,,,,,,
https://,,,,,,,,,,,S3720,S3720 40w Inc A15 Med 26k,,,Satco,Satco Prod Inc (5573),Satco Prod Inc,Satco,,S3720,,Lighting & Fans>Light Bulbs>Incandescent Bulbs,"Satco Prod Inc Satco, Incandescent Bulb, S3720, S3720, 40 w, A15",INCANDESCENT BULB S3720 40W A15 MED 26K,Satco S3720 Incandescent Bulb,"Satco Incandescent Bulb, S3720, 40 w Wattage, A15, Med, 26k","Incandescent Bulb, S3720, 40 w, A15","Incandescent Bulb, S3720, 40 w, A15",,,,,,,,,,,,,,,,,,,,,,,,,,,Model Number,S3720,,Wattage,40,w,Bulb Shape,A15,,Base Type,Med,,Color Temperature,26k,,,,,,,,,,,,,,,,,,,,,,,,,,,,,,,,,,,,,,,,,,,,,,,,,,,,,,,,,,,,,,,,,,,,,,,,,,,,,,,,,,,,,,,,,,,,,,,,,,,,,,,,,,,,,,,,,,,,,,,,,,,,,,,,,,,,,,,,,,,,39101601,,,,,,,,,,,,,,,,,,,,,,,,,,,,,,,,,,,,,,,,,,,
https://kichler.com,,,,,,,,,,,34686A,34686A Kichler Chandelier Lt,,,,Kichler Lighting (KICLI),Kichler Lighting,Kichler,Kichler,34686A,,Lighting & Fans>Indoor Lighting>Chandeliers,"Kichler Lighting Kichler, Chandelier, 34686A, 34686A, 34686 A",CHANDELIER 34686A 34686A,Kichler 34686A Chandelier,"Kichler Chandelier, 34686A, 34686 A Amperage Rating","Chandelier, 34686A","Chandelier, 34686A",,,,,,,,,,,,,,,,,,,,,,,,,,,Model Number,34686A,,Amperage Rating,34686,A,,,,,,,,,,,,,,,,,,,,,,,,,,,,,,,,,,,,,,,,,,,,,,,,,,,,,,,,,,,,,,,,,,,,,,,,,,,,,,,,,,,,,,,,,,,,,,,,,,,,,,,,,,,,,,,,,,,,,,,,,,,,,,,,,,,,,,,,,,,,,,,,,,,,39111500,,,,,,,,,,,,,,,,,,,,,,,,,,,,,,,,,,,,,,,,,,,
https://kichler.com,,,,,,,,,,,34687A,34687A Kichler Chandelier Lt,,,,Kichler Lighting (KICLI),Kichler Lighting,Kichler,Kichler,34687A,,Lighting & Fans>Indoor Lighting>Chandeliers,"Kichler Lighting Kichler, Chandelier, 34687A, 34687A, 34687 A",CHANDELIER 34687A 34687A,Kichler 34687A Chandelier,"Kichler Chandelier, 34687A, 34687 A Amperage Rating","Chandelier, 34687A","Chandelier, 34687A",,,,,,,,,,,,,,,,,,,,,,,,,,,Model Number,34687A,,Amperage Rating,34687,A,,,,,,,,,,,,,,,,,,,,,,,,,,,,,,,,,,,,,,,,,,,,,,,,,,,,,,,,,,,,,,,,,,,,,,,,,,,,,,,,,,,,,,,,,,,,,,,,,,,,,,,,,,,,,,,,,,,,,,,,,,,,,,,,,,,,,,,,,,,,,,,,,,,,39111500,,,,,,,,,,,,,,,,,,,,,,,,,,,,,,,,,,,,,,,,,,,
https://,,,,,,,,,,,49-94-0058,"49-94-0058 Milwaukee 12""x1/8""x20mm Metal Cut Off Disc",,,,Milwaukee Accessory (4031),Milwaukee Accessory,Milwaukee,Milwaukee,49-94-0058,,Tools & Equipment>Abrasives>Cut-Off Wheels,"Milwaukee Accessory Milwaukee, cut off disc, 49-94-0058, 12 in, 1/8 in, 20 mm",CUT OFF DISC 12IN 1/8IN 20MM,Milwaukee 49-94-0058 cut off disc,"Milwaukee cut off disc, 12 in Diameter, 1/8 in Thickness, 20 mm Arbor","cut off disc, 12 in, 1/8 in, 20 mm","cut off disc, 12 in, 1/8 in, 20 mm",,,,,,,,,,,,,,,,,,,,,,,,Metal,,,Diameter,12,in,Thickness,1/8,in,Arbor,20,mm,,,,,,,,,,,,,,,,,,,,,,,,,,,,,,,,,,,,,,,,,,,,,,,,,,,,,,,,,,,,,,,,,,,,,,,,,,,,,,,,,,,,,,,,,,,,,,,,,,,,,,,,,,,,,,,,,,,,,,,,,,,,,,,,,,,,,,,,,,,,,,,,,31191506,,,,,,,,,,,,,,,,,,,,,,,,,,,,,,,,,,,,,,,,,,,
https://,,,,,,,,,,,49-94-0068,"49-94-0068 Milwaukee 14""x1/8""x20mm Metal Cut Off Disc",,,,Milwaukee Accessory (4031),Milwaukee Accessory,Milwaukee,Milwaukee,49-94-0068,,Tools & Equipment>Abrasives>Cut-Off Wheels,"Milwaukee Accessory Milwaukee, cut off disc, 49-94-0068, 14 in, 1/8 in, 20 mm",CUT OFF DISC 14IN 1/8IN 20MM,Milwaukee 49-94-0068 cut off disc,"Milwaukee cut off disc, 14 in Diameter, 1/8 in Thickness, 20 mm Arbor","cut off disc, 14 in, 1/8 in, 20 mm","cut off disc, 14 in, 1/8 in, 20 mm",,,,,,,,,,,,,,,,,,,,,,,,Metal,,,Diameter,14,in,Thickness,1/8,in,Arbor,20,mm,,,,,,,,,,,,,,,,,,,,,,,,,,,,,,,,,,,,,,,,,,,,,,,,,,,,,,,,,,,,,,,,,,,,,,,,,,,,,,,,,,,,,,,,,,,,,,,,,,,,,,,,,,,,,,,,,,,,,,,,,,,,,,,,,,,,,,,,,,,,,,,,,31191506,,,,,,,,,,,,,,,,,,,,,,,,,,,,,,,,,,,,,,,,,,,
https://black.com,,,,,,,,,,,DCG410B,"DCG410B Dewalt 20V 4-1/2""-5"" - Angle Grinder (Bare)",,,DEWALT,Black & Decker/dewlt (2585),Black & Decker/dewlt,Dewalt,Dewalt,DCG410B,,Tools & Equipment>Power Tools>Angle Grinders,"Black & Decker/dewlt Dewalt, angle grinder, DCG410B, 4-1/2 in, 20 V, 5 in",ANGLE GRINDER 4-1/2IN 20V 5IN,Dewalt DCG410B angle grinder With Bare,"Dewalt angle grinder With Bare, 4-1/2 in Diameter, 20 V Voltage Rating, 5 in Arbor","angle grinder, 4-1/2 in, 5 in","angle grinder, 4-1/2 in, 5 in",Bare,,,,,,,,,,,,,,,,,,,,With Bare,,,,,,Diameter,4-1/2,in,Voltage Rating,20,V,Arbor,5,in,,,,,,,,,,,,,,,,,,,,,,,,,,,,,,,,,,,,,,,,,,,,,,,,,,,,,,,,,,,,,,,,,,,,,,,,,,,,,,,,,,,,,,,,,,,,,,,,,,,,,,,,,,,,,,,,,,,,,,,,,,,,,,,,,,,,,,,,,,,,,,,,,27112705,,,,,,,,,,,,,,,,,,,,,,,,,,,,,,,,,,,,,,,,,,,
https://mirka.com,,,,,,,,,,,24-35M-320,"24-35M-320 Iridium Grip - 3.2"" x 5.2"" Grip",,,,Mirka Abrasives Inc (MIRUS),Mirka Abrasives Inc,Mirka,Mirka,24-35M-320,,Hardware>Abrasives>Sanding Sheets,"Mirka Abrasives Inc Mirka, sanding sheet, Iridium Grip, 24-35M-320",SANDING SHEET 3.2IN 5.2IN 3.2IN 5.2IN,Mirka Iridium Grip 24-35M-320 sanding sheet With Grip backing,"Mirka sanding sheet With Grip backing, Iridium Grip, 3.2 in Length, 5.2 in Width, 3.2 in Diameter, 5.2 in Arbor","Iridium Grip sanding sheet, 3.2 in, 5.2 in, 3.2 in","Iridium Grip sanding sheet, 3.2 in, 5.2 in, 3.2 in",Grip backing,,,,,,,,,,,,,,,,,,,,With Grip backing,,,,,,Length,3.2,in,Width,5.2,in,Diameter,3.2,in,Arbor,5.2,in,,,,,,,,,,,,,,,,,,,,,,,,,,,,,,,,,,,,,,,,,,,,,,,,,,,,,,,,,,,,,,,,,,,,,,,,,,,,,,,,,,,,,,,,,,,,,,,,,,,,,,,,,,,,,,,,,,,,,,,,,,,,,,,,,,,,,,,,,,,,,,31191500,,,,,,,,,,,,,,,,,,,,,,,,,,,,,,,,,,,,,,,,,,,
https://,,,,,,,,,,,SPB-44BPL,"Patriot 4""x4""x37""/43"" Adjustable Self Leveling Support Post",,,,,,Patriot,Patriot,SPB-44BPL,,Building Materials>Structural Components>Support Posts & Columns,"Patriot, support post, SPB-44BPL, 4 in, 4 in, 37-43 in",SUPPORT POST 4IN 4IN 37-43IN 4IN 4IN,Patriot SPB-44BPL support post With Adjustable,"Patriot support post With Adjustable, 4 in Width, 4 in Depth, 37-43 in Adjustable height range, 4 in Diameter, 4 in Thickness, 37 in Arbor","support post, 4 in, 4 in, 37-43 in","support post, 4 in, 4 in, 37-43 in",Adjustable,Self leveling,,,,,,,,,,,,,,,,,,,With Adjustable,,,,,,Width,4,in,Depth,4,in,Adjustable height range,37-43,in,Diameter,4,in,Thickness,4,in,Arbor,37,in,,,,,,,,,,,,,,,,,,,,,,,,,,,,,,,,,,,,,,,,,,,,,,,,,,,,,,,,,,,,,,,,,,,,,,,,,,,,,,,,,,,,,,,,,,,,,,,,,,,,,,,,,,,,,,,,,,,,,,,,,,,,,,,,,,,,,,,,30103600,,,,,,,,,,,,,,,,,,,,,,,,,,,,,,,,,,,,,,,,,,,
https://,,,,,,,,,,,173950TBK,"4""x8'-6"" DSI SQ Black Alum Post Wrap",,,,Palmer Donavin Mfg Company (PALDO),Palmer Donavin Mfg Company,DSI,DSI,173950TBK,,Building Materials>Decking & Fencing>Post Wraps & Columns,"Palmer Donavin Mfg Company DSI, post wrap, 173950TBK, 4 in, 8-6 ft, Aluminum",POST WRAP 4IN 8-6FT ALUMINUM 4IN 6IN,"DSI 173950TBK post wrap With Square, Aluminum","DSI post wrap With Square, 4 in Width, 8-6 ft Length, Aluminum, 4 in Diameter, 6 in Arbor, Additional Information: 4""x8'-6"" DSI SQ Black Alum Post Wrap","post wrap, 4 in, 8-6 ft, Aluminum","post wrap, 4 in, 8-6 ft, Aluminum",Square,,,,,,,,,,,,,,,,,,,,With Square,,,,,,Width,4,in,Length,8-6,ft,Material,Aluminum,,Diameter,4,in,Arbor,6,in,,,,,,,,,,,,,,,,,,,,,,,,,,,,,,,,,,,,,,,,,,,,,,,,,,,,,,,,,,,,,,,,,,,,,,,,,,,,,,,,,,,,,,,,,,,,,,,,,,,,,,,,,,,,,,,,,,,,,,,,,,,,,,,,,,,,,,,,,,,30151900,,,,,,,,,,,,,,,,,,,,,,,,,,,,,,,,,,,,,,,,,,,
https://certainteed.com,,,,,,,,,,,640383,"1/2"" 54""x10 Drywall Easi-Lite",,,,Certainteed Gypsum (2765),Certainteed Gypsum,Certainteed,Certainteed,640383,,Building Materials>Wallboard & Drywall>Gypsum Board,"Certainteed Gypsum Certainteed, drywall, Easi-Lite, 640383, 1/2 in, 54x10, 1/2 in",DRYWALL 1/2IN 54X10 1/2IN 54IN,Certainteed Easi-Lite 640383 drywall With Easi-Lite,"Certainteed drywall With Easi-Lite, Easi-Lite, 1/2 in Thickness, 54x10, 1/2 in Diameter, 54 in Arbor","Easi-Lite drywall, 1/2 in, 54x10, 1/2 in","Easi-Lite drywall, 1/2 in, 54x10, 1/2 in",Easi-Lite,,,,,,,,,,,,,,,,,,,,With Easi-Lite,,,,,,Thickness,1/2,in,Dimensions,54x10,,Diameter,1/2,in,Arbor,54,in,,,,,,,,,,,,,,,,,,,,,,,,,,,,,,,,,,,,,,,,,,,,,,,,,,,,,,,,,,,,,,,,,,,,,,,,,,,,,,,,,,,,,,,,,,,,,,,,,,,,,,,,,,,,,,,,,,,,,,,,,,,,,,,,,,,,,,,,,,,,,,30161500,,,,,,,,,,,,,,,,,,,,,,,,,,,,,,,,,,,,,,,,,,,
https://,,,,,,,,,,,DCB518ASTS06G,"DCB518ASTS06G Diablo 1/2""x18"" - Sanding Belt 6pc",,,,Freud Inc (2435),Freud Inc,Diablo®,Diablo®,DCB518ASTS06G,,Power Tools & Accessories>Abrasives>Sanding Belts,"Freud Inc Diablo®, sanding belt, DCB518ASTS06G, Diablo, 1/2 in, 18 in",SANDING BELT DIABLO 1/2IN 18IN 6PC,"Diablo® DCB518ASTS06G sanding belt With 1/2""x18"" sanding belt","Diablo® sanding belt With 1/2""x18"" sanding belt, Diablo, 1/2 in Width, 18 in Length, 6 pc Quantity, 1/2 in Diameter, 18 in Arbor","sanding belt, Diablo, 1/2 in, 18 in","sanding belt, Diablo, 1/2 in, 18 in","1/2""x18"" sanding belt",6pc pack,,,,,,,,,,,,,,,,,,,"With 1/2""x18"" sanding belt",,,,,,Brand Name,Diablo,,Width,1/2,in,Length,18,in,Quantity,6,pc,Diameter,1/2,in,Arbor,18,in,,,,,,,,,,,,,,,,,,,,,,,,,,,,,,,,,,,,,,,,,,,,,,,,,,,,,,,,,,,,,,,,,,,,,,,,,,,,,,,,,,,,,,,,,,,,,,,,,,,,,,,,,,,,,,,,,,,,,,,,,,,,,,,,,,,,,,,,31191505,,,,,,,,,,,,,,,,,,,,,,,,,,,,,,,,,,,,,,,,,,,
https://velux.com,,,,,,,,,,,FS C01 2004S,"FS C01 Velux Fxd Skylt Gry/Water Heater - w/Solar Shade RO 21""x26-7/8""",,,,Velux America Inc (VELAM),Velux America Inc,Velux,Velux,FS C01 2004S,,Building Materials>Windows & Skylights>Fixed Skylights,"Velux America Inc Velux, skylight, FS, FS C01 2004S, 21 in, 26-7/8 in, 21 in",SKYLIGHT 21IN 26-7/8IN 21IN 26-7/8IN,Velux FS FS C01 2004S skylight With Fixed,"Velux skylight With Fixed, FS, 21 in Rough opening width, 26-7/8 in Rough opening height, 21 in Diameter, 26-7/8 in Arbor, Additional Information: FS C01 Velux Fxd Skylt Gry/Water Heater","FS skylight, 21 in, 26-7/8 in, 21 in","FS skylight, 21 in, 26-7/8 in, 21 in",Fixed,Solar shade,,,,,,,,,,,,,,,,,,,With Fixed,,,,Solar Shade,,Rough opening width,21,in,Rough opening height,26-7/8,in,Diameter,21,in,Arbor,26-7/8,in,,,,,,,,,,,,,,,,,,,,,,,,,,,,,,,,,,,,,,,,,,,,,,,,,,,,,,,,,,,,,,,,,,,,,,,,,,,,,,,,,,,,,,,,,,,,,,,,,,,,,,,,,,,,,,,,,,,,,,,,,,,,,,,,,,,,,,,,,,,,,,30171701,,,,,,,,,,,,,,,,,,,,,,,,,,,,,,,,,,,,,,,,,,,
https://velux.com,,,,,,,,,,,FS C04 2004S,"FS C04 Velux Fxd Skylt Gry/Water Heater - w/Solar Shade RO 21""x37-7/8""",,,,Velux America Inc (VELAM),Velux America Inc,Velux,Velux,FS C04 2004S,,Building Materials>Windows & Skylights>Fixed Skylights,"Velux America Inc Velux, skylight, FS, FS C04 2004S, 21 in, 37-7/8 in, 21 in",SKYLIGHT 21IN 37-7/8IN 21IN 37-7/8IN,Velux FS FS C04 2004S skylight With Fixed,"Velux skylight With Fixed, FS, 21 in Rough opening width, 37-7/8 in Rough opening height, 21 in Diameter, 37-7/8 in Arbor, Additional Information: FS C04 Velux Fxd Skylt Gry/Water Heater","FS skylight, 21 in, 37-7/8 in, 21 in","FS skylight, 21 in, 37-7/8 in, 21 in",Fixed,Solar shade,,,,,,,,,,,,,,,,,,,With Fixed,,,,Solar Shade,,Rough opening width,21,in,Rough opening height,37-7/8,in,Diameter,21,in,Arbor,37-7/8,in,,,,,,,,,,,,,,,,,,,,,,,,,,,,,,,,,,,,,,,,,,,,,,,,,,,,,,,,,,,,,,,,,,,,,,,,,,,,,,,,,,,,,,,,,,,,,,,,,,,,,,,,,,,,,,,,,,,,,,,,,,,,,,,,,,,,,,,,,,,,,,30171701,,,,,,,,,,,,,,,,,,,,,,,,,,,,,,,,,,,,,,,,,,,
https://velux.com,,,,,,,,,,,FS C06 2004S,"FS C06 Velux Fxd Skylt Gry/Water Heater - w/Solar Shade RO 21""x45-7/8""",,,,Velux America Inc (VELAM),Velux America Inc,Velux,Velux,FS C06 2004S,,Building Materials>Windows & Skylights>Fixed Skylights,"Velux America Inc Velux, skylight, FS, FS C06 2004S, 21 in, 45-7/8 in, 21 in",SKYLIGHT 21IN 45-7/8IN 21IN 45-7/8IN,Velux FS FS C06 2004S skylight With Fixed,"Velux skylight With Fixed, FS, 21 in Rough opening width, 45-7/8 in Rough opening height, 21 in Diameter, 45-7/8 in Arbor, Additional Information: FS C06 Velux Fxd Skylt Gry/Water Heater","FS skylight, 21 in, 45-7/8 in, 21 in","FS skylight, 21 in, 45-7/8 in, 21 in",Fixed,Solar shade,,,,,,,,,,,,,,,,,,,With Fixed,,,,Solar Shade,,Rough opening width,21,in,Rough opening height,45-7/8,in,Diameter,21,in,Arbor,45-7/8,in,,,,,,,,,,,,,,,,,,,,,,,,,,,,,,,,,,,,,,,,,,,,,,,,,,,,,,,,,,,,,,,,,,,,,,,,,,,,,,,,,,,,,,,,,,,,,,,,,,,,,,,,,,,,,,,,,,,,,,,,,,,,,,,,,,,,,,,,,,,,,,30171701,,,,,,,,,,,,,,,,,,,,,,,,,,,,,,,,,,,,,,,,,,,
https://,,,,,,,,,,,73045028,Custom Finyline Water Heater Gate Sq Bal,,,,,,,,73045028,,Building Materials>Decking & Railing>Railing Gates,"gate, Finyline, 73045028, Square",GATE SQUARE,Finyline 73045028 gate,"gate, Finyline, Square","Finyline gate, Square","Finyline gate, Square",,,,,,,,,,,,,,,,,,,,,,,,,,,Baluster Type,Square,,,,,,,,,,,,,,,,,,,,,,,,,,,,,,,,,,,,,,,,,,,,,,,,,,,,,,,,,,,,,,,,,,,,,,,,,,,,,,,,,,,,,,,,,,,,,,,,,,,,,,,,,,,,,,,,,,,,,,,,,,,,,,,,,,,,,,,,,,,,,,,,,,,,,,,,30263600,,,,,,,,,,,,,,,,,,,,,,,,,,,,,,,,,,,,,,,,,,,
https://,,,,,,,,,,,73045031,Custom Finyline Water Heater Gate Rd - w/Black Alum Balusters,,,,,,,,73045031,,Building Materials>Decking & Railing>Railing Gates,"gate, Finyline, 73045031, Round, Aluminum, Black",GATE ROUND ALUMINUM BLACK,"Finyline 73045031 gate, Aluminum, Black","gate, Finyline, Round, Aluminum, Black","Finyline gate, Round, Aluminum, Black","Finyline gate, Round, Aluminum, Black",,,,,,,,,,,,,,,,,,,,,,,,,,,Baluster Type,Round,,Material,Aluminum,,Color,Black,,,,,,,,,,,,,,,,,,,,,,,,,,,,,,,,,,,,,,,,,,,,,,,,,,,,,,,,,,,,,,,,,,,,,,,,,,,,,,,,,,,,,,,,,,,,,,,,,,,,,,,,,,,,,,,,,,,,,,,,,,,,,,,,,,,,,,,,,,,,,,,,,,30263600,,,,,,,,,,,,,,,,,,,,,,,,,,,,,,,,,,,,,,,,,,,
https://,,,,,,,,,,,TP-1935,TP-1935 Hole Drilling System,,,,,,,,TP-1935,,Industrial Supply>Power Tools>Drilling Equipment,"Hole Drilling System, TP-1935, TP-1935",HOLE DRILLING SYSTEM TP-1935,TP-1935 Hole Drilling System,"Hole Drilling System, TP-1935","Hole Drilling System, TP-1935","Hole Drilling System, TP-1935",,,,,,,,,,,,,,,,,,,,,,,,,,,Model Number,TP-1935,,,,,,,,,,,,,,,,,,,,,,,,,,,,,,,,,,,,,,,,,,,,,,,,,,,,,,,,,,,,,,,,,,,,,,,,,,,,,,,,,,,,,,,,,,,,,,,,,,,,,,,,,,,,,,,,,,,,,,,,,,,,,,,,,,,,,,,,,,,,,,,,,,,,,,,,27112800,,,,,,,,,,,,,,,,,,,,,,,,,,,,,,,,,,,,,,,,,,,
https://,,,,,,,,,,,21839NN,"21839NN File Bstd Mill 10""",,,Nicholson,,,Nicholson,,21839NN,,Hand Tools>Files & Rasps>Mill Files,"Nicholson, File, 21839NN, Bstd Mill, 10 in",FILE BSTDMILL 10IN,Nicholson 21839NN File,"Nicholson File, Bstd Mill, 10 in Length","File, Bstd Mill, 10 in","File, Bstd Mill, 10 in",,,,,,,,,,,,,,,,,,,,,,,,,,,Type,Bstd Mill,,Length,10,in,,,,,,,,,,,,,,,,,,,,,,,,,,,,,,,,,,,,,,,,,,,,,,,,,,,,,,,,,,,,,,,,,,,,,,,,,,,,,,,,,,,,,,,,,,,,,,,,,,,,,,,,,,,,,,,,,,,,,,,,,,,,,,,,,,,,,,,,,,,,,,,,,,,,27111900,,,,,,,,,,,,,,,,,,,,,,,,,,,,,,,,,,,,,,,,,,,
https://southwire.com,,,,,,,,,,,52C3-5/8-UPC,4x4 1G Box Cover,,,Southwire,Southwire/g Turner (6603),Southwire/g Turner,Southwire,,52C3-5/8-UPC,,Electrical>Boxes & Covers>Box Covers,"Southwire/g Turner Southwire, Box Cover, 52C3-5/8-UPC, 4x4 in, 1",BOX COVER 4X4IN 1,"Southwire 52C3-5/8-UPC Box Cover, 4x4 in","Southwire Box Cover, 4x4 in Size, 1","Box Cover, 4x4 in, 1","Box Cover, 4x4 in, 1",,,,,,,,,,,,,,,,,,,,,,,,,,,Size,4x4,in,Gang,1,,,,,,,,,,,,,,,,,,,,,,,,,,,,,,,,,,,,,,,,,,,,,,,,,,,,,,,,,,,,,,,,,,,,,,,,,,,,,,,,,,,,,,,,,,,,,,,,,,,,,,,,,,,,,,,,,,,,,,,,,,,,,,,,,,,,,,,,,,,,,,,,,,,,,39121300,,,,,,,,,,,,,,,,,,,,,,,,,,,,,,,,,,,,,,,,,,,
https://southwire.com,,,,,,,,,,,52C14-5/8-UPC,4x4 1G Box Cover,,,Southwire,Southwire/g Turner (6603),Southwire/g Turner,Southwire,,52C14-5/8-UPC,,Electrical>Boxes & Covers>Box Covers,"Southwire/g Turner Southwire, Box Cover, 52C14-5/8-UPC, 4x4 in, 1",BOX COVER 4X4IN 1,"Southwire 52C14-5/8-UPC Box Cover, 4x4 in","Southwire Box Cover, 4x4 in Size, 1","Box Cover, 4x4 in, 1","Box Cover, 4x4 in, 1",,,,,,,,,,,,,,,,,,,,,,,,,,,Size,4x4,in,Gang,1,,,,,,,,,,,,,,,,,,,,,,,,,,,,,,,,,,,,,,,,,,,,,,,,,,,,,,,,,,,,,,,,,,,,,,,,,,,,,,,,,,,,,,,,,,,,,,,,,,,,,,,,,,,,,,,,,,,,,,,,,,,,,,,,,,,,,,,,,,,,,,,,,,,,,39121300,,,,,,,,,,,,,,,,,,,,,,,,,,,,,,,,,,,,,,,,,,,
https://southwire.com,,,,,,,,,,,52C3-UPC,4x4 1G Box Cover,,,Southwire,Southwire/g Turner (6603),Southwire/g Turner,Southwire,,52C3-UPC,,Electrical>Boxes & Covers>Box Covers,"Southwire/g Turner Southwire, Box Cover, 52C3-UPC, 4x4 in, 1",BOX COVER 4X4IN 1,"Southwire 52C3-UPC Box Cover, 4x4 in","Southwire Box Cover, 4x4 in Size, 1","Box Cover, 4x4 in, 1","Box Cover, 4x4 in, 1",,,,,,,,,,,,,,,,,,,,,,,,,,,Size,4x4,in,Gang,1,,,,,,,,,,,,,,,,,,,,,,,,,,,,,,,,,,,,,,,,,,,,,,,,,,,,,,,,,,,,,,,,,,,,,,,,,,,,,,,,,,,,,,,,,,,,,,,,,,,,,,,,,,,,,,,,,,,,,,,,,,,,,,,,,,,,,,,,,,,,,,,,,,,,,39121300,,,,,,,,,,,,,,,,,,,,,,,,,,,,,,,,,,,,,,,,,,,
https://cooper.com,,,,,,,,,,,HLBSL609FS5,"HLBSL609FS5 6"" Down Light",,,,Cooper Lighting (7638),Cooper Lighting,Cooper Lighting,,HLBSL609FS5,,Lighting & Electrical>Lighting Fixtures>Recessed Lighting,"Cooper Lighting, Down Light, HLBSL609FS5, 6 in",DOWN LIGHT 6IN,"Cooper Lighting HLBSL609FS5 Down Light, 6 in","Cooper Lighting Down Light, 6 in Size","Down Light, 6 in","Down Light, 6 in",,,,,,,,,,,,,,,,,,,,,,,,,,,Size,6,in,,,,,,,,,,,,,,,,,,,,,,,,,,,,,,,,,,,,,,,,,,,,,,,,,,,,,,,,,,,,,,,,,,,,,,,,,,,,,,,,,,,,,,,,,,,,,,,,,,,,,,,,,,,,,,,,,,,,,,,,,,,,,,,,,,,,,,,,,,,,,,,,,,,,,,,39111500,,,,,,,,,,,,,,,,,,,,,,,,,,,,,,,,,,,,,,,,,,,
https://,,,,,,,,,,,WF4REGSWW590CRIMW,"WF4REGSWW590CRIMW 4"" Down Light",,,,Lithonia Lighting (2776),Lithonia Lighting,Lithonia Lighting,,WF4REGSWW590CRIMW,,Lighting & Electrical>Lighting Fixtures>Recessed Lighting,"Lithonia Lighting, Down Light, WF4REGSWW590CRIMW, 4 in",DOWN LIGHT 4IN,"Lithonia Lighting WF4REGSWW590CRIMW Down Light, 4 in","Lithonia Lighting Down Light, 4 in Size","Down Light, 4 in","Down Light, 4 in",,,,,,,,,,,,,,,,,,,,,,,,,,,Size,4,in,,,,,,,,,,,,,,,,,,,,,,,,,,,,,,,,,,,,,,,,,,,,,,,,,,,,,,,,,,,,,,,,,,,,,,,,,,,,,,,,,,,,,,,,,,,,,,,,,,,,,,,,,,,,,,,,,,,,,,,,,,,,,,,,,,,,,,,,,,,,,,,,,,,,,,,39111500,,,,,,,,,,,,,,,,,,,,,,,,,,,,,,,,,,,,,,,,,,,
https://,,,,,,,,,,,12-4 SO,12-4 SO Cord (Linear Foot),,,,,,,,12-4 SO,,Electrical>Wire & Cable>Portable Cords,"Cord, SO, 12-4 SO, 12, 4",CORD 12 4,SO 12-4 SO Cord With SO Cord,"Cord With SO Cord, SO, 12, 4, Additional Information: Sold by the linear foot.","SO Cord, 12, 4","SO Cord, 12, 4",SO Cord,,,,,,,,,,,,,,,,,,,,With SO Cord,,,,,,Gauge,12,,Conductors,4,,,,,,,,,,,,,,,,,,,,,,,,,,,,,,,,,,,,,,,,,,,,,,,,,,,,,,,,,,,,,,,,,,,,,,,,,,,,,,,,,,,,,,,,,,,,,,,,,,,,,,,,,,,,,,,,,,,,,,,,,,,,,,,,,,,,,,,,,,,,,,,,,,,,,26121600,,,,,,,,,,,,,,,,,,,,,,,,,,,,,,,,,,,,,,,,,,,
https://fenton.com,,,,,,,,,,,CG50K,"CG50K 1/2"" Cord Grip Kit",,,,Fenton Bros Electric Inc (FENBR),Fenton Bros Electric Inc,Fenton Bros Electric Inc,,CG50K,,Electrical>Conduit & Fittings>Cord Grips & Strain Relief,"Fenton Bros Electric Inc, Cord Grip Kit, CG50K, 1/2 in",CORD GRIP KIT 1/2IN,Fenton Bros Electric Inc CG50K Cord Grip Kit,"Fenton Bros Electric Inc Cord Grip Kit, 1/2 in Trade Size","Cord Grip Kit, 1/2 in","Cord Grip Kit, 1/2 in",,,,,,,,,,,,,,,,,,,,,,,,,,,Trade Size,1/2,in,,,,,,,,,,,,,,,,,,,,,,,,,,,,,,,,,,,,,,,,,,,,,,,,,,,,,,,,,,,,,,,,,,,,,,,,,,,,,,,,,,,,,,,,,,,,,,,,,,,,,,,,,,,,,,,,,,,,,,,,,,,,,,,,,,,,,,,,,,,,,,,,,,,,,,,39121400,,,,,,,,,,,,,,,,,,,,,,,,,,,,,,,,,,,,,,,,,,,
https://nationalnail.com,,,,,,,,,,,603150,"603150 2-1/2"" Finish Nail 15GA - 4M",,,,National Nail Corp (7439),National Nail Corp,National Nail Corp,,603150,,Hardware>Fasteners>Nails,"National Nail Corp, Finish Nail, 603150, 2-1/2 in, 15 GA, 4 M",FINISH NAIL 2-1/2IN 15GA 4M,National Nail Corp 603150 Finish Nail,"National Nail Corp Finish Nail, 2-1/2 in Length, 15 GA Gauge, 4 M Quantity","Finish Nail, 2-1/2 in, 15 GA, 4 M","Finish Nail, 2-1/2 in, 15 GA, 4 M",,,,,,,,,,,,,,,,,,,,,,,,,,,Length,2-1/2,in,Gauge,15,GA,Quantity,4,M,,,,,,,,,,,,,,,,,,,,,,,,,,,,,,,,,,,,,,,,,,,,,,,,,,,,,,,,,,,,,,,,,,,,,,,,,,,,,,,,,,,,,,,,,,,,,,,,,,,,,,,,,,,,,,,,,,,,,,,,,,,,,,,,,,,,,,,,,,,,,,,,,31162000,,,,,,,,,,,,,,,,,,,,,,,,,,,,,,,,,,,,,,,,,,,
https://,,,,,,,,,,,37300952,"095842 Fisch Plug Cutter 3/8""",,,,,,Fisch,Fisch,37300952,,Tools>Power Tool Accessories>Drill Bits,"Fisch, plug cutter, 37300952, 3/8 in",PLUG CUTTER 3/8IN,"Fisch 37300952 plug cutter, 3/8 in","Fisch plug cutter, 3/8 in Size","plug cutter, 3/8 in","plug cutter, 3/8 in",,,,,,,,,,,,,,,,,,,,,,,,,,,Size,3/8,in,,,,,,,,,,,,,,,,,,,,,,,,,,,,,,,,,,,,,,,,,,,,,,,,,,,,,,,,,,,,,,,,,,,,,,,,,,,,,,,,,,,,,,,,,,,,,,,,,,,,,,,,,,,,,,,,,,,,,,,,,,,,,,,,,,,,,,,,,,,,,,,,,,,,,,,27112800,,,,,,,,,,,,,,,,,,,,,,,,,,,,,,,,,,,,,,,,,,,
https://,,,,,,,,,,,VN56920,"VN56920 10 1/2"" Saw Blade",,,,Marshalltown Trowel (5155),Marshalltown Trowel,Marshalltown Trowel,,VN56920,,Hand Tools>Saws>Hand Saw Blades,"Marshalltown Trowel, Saw Blade, VN56920, 10 1/2 in",SAW BLADE 101/2IN,Marshalltown Trowel VN56920 Saw Blade,"Marshalltown Trowel Saw Blade, 10 1/2 in Length","Saw Blade, 10 1/2 in","Saw Blade, 10 1/2 in",,,,,,,,,,,,,,,,,,,,,,,,,,,Length,10 1/2,in,,,,,,,,,,,,,,,,,,,,,,,,,,,,,,,,,,,,,,,,,,,,,,,,,,,,,,,,,,,,,,,,,,,,,,,,,,,,,,,,,,,,,,,,,,,,,,,,,,,,,,,,,,,,,,,,,,,,,,,,,,,,,,,,,,,,,,,,,,,,,,,,,,,,,,,27112800,,,,,,,,,,,,,,,,,,,,,,,,,,,,,,,,,,,,,,,,,,,
https://king.com,,,,,,,,,,,58006,58006 Voyager Drill Press,,,,King Canada Inc (KINCA),King Canada Inc,King Canada Inc,,58006,,Tools & Equipment>Stationary Power Tools>Drill Presses,"King Canada Inc, Drill Press, Voyager, 58006, 58006",DRILL PRESS 58006,King Canada Inc Voyager 58006 Drill Press,"King Canada Inc Drill Press, Voyager, 58006","Voyager Drill Press, 58006","Voyager Drill Press, 58006",,,,,,,,,,,,,,,,,,,,,,,,,,,Model Number,58006,,,,,,,,,,,,,,,,,,,,,,,,,,,,,,,,,,,,,,,,,,,,,,,,,,,,,,,,,,,,,,,,,,,,,,,,,,,,,,,,,,,,,,,,,,,,,,,,,,,,,,,,,,,,,,,,,,,,,,,,,,,,,,,,,,,,,,,,,,,,,,,,,,,,,,,,27112705,,,,,,,,,,,,,,,,,,,,,,,,,,,,,,,,,,,,,,,,,,,
https://primewirecable.com,https://primewirecable.com/search?q=tnocd002,https://primewirecable.com/products/tnocd0022-outlet-outdoor-thumbdial-countdown-timer-w-photosensor?_pos=1&_sid=758525bc2&_ss=r,,,,,,,,,TNOCD002,TNOCD002 125V Outdooor Timer,,,Prime,Prime Wire & Cable (3562),Prime Wire & Cable,Prime,,TNOCD002,,Electrical>Wiring Devices>Electrical Timers,"Prime Wire & Cable Prime, Product, TNOCD002, 125 V",PRODUCT 125V,Prime TNOCD002 Product,"Prime Product, 125 V Voltage Rating",Product,Product,,,,,,,,,,,,,,,,,,,,,,,,,,,Voltage Rating,125,V,,,,,,,,,,,,,,,,,,,,,,,,,,,,,,,,,,,,,,,,,,,,,,,,,,,,,,,,,,,,,,,,,,,,,,,,,,,,,,,,,,,,,,,,,,,,,,,,,,,,,,,,,,,,,,,,,,,,,,,,,,,,,,,,,,,,,,,,,,,,,,,,,,,,,,,39121500,,,,,,,,,,,,,,,,,,,,,,,,,,,,,,,,,,,,,,,,,,,
https://primewirecable.com,https://primewirecable.com/search?q=tndhd002,https://primewirecable.com/products/tndhd0022-outlet-heavy-duty-7-day-digital-indoor-timer-w-16-programs?_pos=1&_sid=468352452&_ss=r,,,,,,,,,TNDHD002,TNDHD002 125V 7Day Timer,,,Prime,Prime Wire & Cable (3562),Prime Wire & Cable,Prime,,TNDHD002,,Electrical>Wiring Devices>Electrical Timers,"Prime Wire & Cable Prime, Product, TNDHD002, 125 V",PRODUCT 125V,Prime TNDHD002 Product,"Prime Product, 125 V Voltage Rating",Product,Product,,,,,,,,,,,,,,,,,,,,,,,,,,,Voltage Rating,125,V,,,,,,,,,,,,,,,,,,,,,,,,,,,,,,,,,,,,,,,,,,,,,,,,,,,,,,,,,,,,,,,,,,,,,,,,,,,,,,,,,,,,,,,,,,,,,,,,,,,,,,,,,,,,,,,,,,,,,,,,,,,,,,,,,,,,,,,,,,,,,,,,,,,,,,,39121500,,,,,,,,,,,,,,,,,,,,,,,,,,,,,,,,,,,,,,,,,,,
https://primewirecable.com,https://primewirecable.com/search?q=tnidp12,,,,,,,,,,TNIDP12,TNIDP12 125V Dig Indoor Timer,,,Prime,Prime Wire & Cable (3562),Prime Wire & Cable,Prime,,TNIDP12,,Electrical>Wiring Devices>Electrical Timers,"Prime Wire & Cable Prime, Product, TNIDP12, 125 V",PRODUCT 125V,Prime TNIDP12 Product,"Prime Product, 125 V Voltage Rating",Product,Product,,,,,,,,,,,,,,,,,,,,,,,,,,,Voltage Rating,125,V,,,,,,,,,,,,,,,,,,,,,,,,,,,,,,,,,,,,,,,,,,,,,,,,,,,,,,,,,,,,,,,,,,,,,,,,,,,,,,,,,,,,,,,,,,,,,,,,,,,,,,,,,,,,,,,,,,,,,,,,,,,,,,,,,,,,,,,,,,,,,,,,,,,,,,,39121500,,,,,,,,,,,,,,,,,,,,,,,,,,,,,,,,,,,,,,,,,,,
https://primewirecable.com,https://primewirecable.com/search?q=tniw24,,,,,,,,,,TNIW24,TNIW24 125V 24hr Mech Timer,,,Prime,Prime Wire & Cable (3562),Prime Wire & Cable,Prime,,TNIW24,,Electrical>Wiring Devices>Electrical Timers,"Prime Wire & Cable Prime, Product, TNIW24, 125 V",PRODUCT 125V,Prime TNIW24 Product,"Prime Product, 125 V Voltage Rating",Product,Product,,,,,,,,,,,,,,,,,,,,,,,,,,,Voltage Rating,125,V,,,,,,,,,,,,,,,,,,,,,,,,,,,,,,,,,,,,,,,,,,,,,,,,,,,,,,,,,,,,,,,,,,,,,,,,,,,,,,,,,,,,,,,,,,,,,,,,,,,,,,,,,,,,,,,,,,,,,,,,,,,,,,,,,,,,,,,,,,,,,,,,,,,,,,,39121500,,,,,,,,,,,,,,,,,,,,,,,,,,,,,,,,,,,,,,,,,,,
https://phillips.com,,,,,,,,,,,141465,"141465 15W Flor 18"" T12 27k",,,Philips,Phillips Lighting (5831),Phillips Lighting,Philips,,141465,,Lighting & Fans>Light Bulbs>Linear Fluorescent Bulbs,"Phillips Lighting Philips, Fluorescent bulb, T12, 141465, 15 W, 18 in, 27 k",FLUORESCENT BULB 15W 18IN 27K,Philips T12 141465 Fluorescent bulb,"Philips Fluorescent bulb, T12, 15 W Wattage, 18 in Length, 27 k Color Temperature","T12 Fluorescent bulb, 15 W, 18 in, 27 k","T12 Fluorescent bulb, 15 W, 18 in, 27 k",,,,,,,,,,,,,,,,,,,,,,,,,,,Wattage,15,W,Length,18,in,Color Temperature,27,k,,,,,,,,,,,,,,,,,,,,,,,,,,,,,,,,,,,,,,,,,,,,,,,,,,,,,,,,,,,,,,,,,,,,,,,,,,,,,,,,,,,,,,,,,,,,,,,,,,,,,,,,,,,,,,,,,,,,,,,,,,,,,,,,,,,,,,,,,,,,,,,,,39101600,,,,,,,,,,,,,,,,,,,,,,,,,,,,,,,,,,,,,,,,,,,
https://phillips.com,,,,,,,,,,,391227,"391227 32W LED 12"" T9 30K",,,Philips,Phillips Lighting (5831),Phillips Lighting,Philips,,391227,,Lighting & Electrical>Light Bulbs>LED Bulbs,"Phillips Lighting Philips, LED bulb, T9, 391227, 32 W, 12 in, 30 K",LED BULB 32W 12IN 30K,Philips T9 391227 LED bulb,"Philips LED bulb, T9, 32 W Wattage, 12 in Diameter, 30 K Color Temperature","T9 LED bulb, 32 W, 12 in, 30 K","T9 LED bulb, 32 W, 12 in, 30 K",,,,,,,,,,,,,,,,,,,,,,,,,,,Wattage,32,W,Diameter,12,in,Color Temperature,30,K,,,,,,,,,,,,,,,,,,,,,,,,,,,,,,,,,,,,,,,,,,,,,,,,,,,,,,,,,,,,,,,,,,,,,,,,,,,,,,,,,,,,,,,,,,,,,,,,,,,,,,,,,,,,,,,,,,,,,,,,,,,,,,,,,,,,,,,,,,,,,,,,,39101628,,,,,,,,,,,,,,,,,,,,,,,,,,,,,,,,,,,,,,,,,,,
https://phillips.com,,,,,,,,,,,392225,"392225 22W Flor 8"" T9 30k",,,Philips,Phillips Lighting (5831),Phillips Lighting,Philips,,392225,,Lighting & Electrical>Light Bulbs>Fluorescent Bulbs,"Phillips Lighting Philips, Fluorescent bulb, T9, 392225, 22 W, 8 in, 30 k",FLUORESCENT BULB 22W 8IN 30K,Philips T9 392225 Fluorescent bulb,"Philips Fluorescent bulb, T9, 22 W Wattage, 8 in Diameter, 30 k Color Temperature","T9 Fluorescent bulb, 22 W, 8 in, 30 k","T9 Fluorescent bulb, 22 W, 8 in, 30 k",,,,,,,,,,,,,,,,,,,,,,,,,,,Wattage,22,W,Diameter,8,in,Color Temperature,30,k,,,,,,,,,,,,,,,,,,,,,,,,,,,,,,,,,,,,,,,,,,,,,,,,,,,,,,,,,,,,,,,,,,,,,,,,,,,,,,,,,,,,,,,,,,,,,,,,,,,,,,,,,,,,,,,,,,,,,,,,,,,,,,,,,,,,,,,,,,,,,,,,,39101605,,,,,,,,,,,,,,,,,,,,,,,,,,,,,,,,,,,,,,,,,,,
https://,,,,,,,,,,,S3496,S3496 300W Halogen T3 Bulb,,,Satco,Satco Prod Inc (5573),Satco Prod Inc,Satco,,S3496,,Lighting & Electrical>Light Bulbs>Halogen Bulbs,"Satco Prod Inc Satco, Halogen bulb, T3, S3496, 300 W",HALOGEN BULB 300W,Satco T3 S3496 Halogen bulb,"Satco Halogen bulb, T3, 300 W Wattage","T3 Halogen bulb, 300 W","T3 Halogen bulb, 300 W",,,,,,,,,,,,,,,,,,,,,,,,,,,Wattage,300,W,,,,,,,,,,,,,,,,,,,,,,,,,,,,,,,,,,,,,,,,,,,,,,,,,,,,,,,,,,,,,,,,,,,,,,,,,,,,,,,,,,,,,,,,,,,,,,,,,,,,,,,,,,,,,,,,,,,,,,,,,,,,,,,,,,,,,,,,,,,,,,,,,,,,,,,39101609,,,,,,,,,,,,,,,,,,,,,,,,,,,,,,,,,,,,,,,,,,,
https://phillips.com,,,,,,,,,,,565812,565812 60W Med LED 50k,,,Philips,Phillips Lighting (5831),Phillips Lighting,Philips,,565812,,Lighting & Fans>Light Bulbs>LED Bulbs,"Phillips Lighting Philips, LED Bulb, 565812, 60 W",LED BULB 60W,Philips 565812 LED Bulb,"Philips LED Bulb, 60 W Wattage, Additional Information: 50k","LED Bulb, 60 W","LED Bulb, 60 W",,,,,,,,,,,,,,,,,,,,,,,,,,,Wattage,60,W,,,,,,,,,,,,,,,,,,,,,,,,,,,,,,,,,,,,,,,,,,,,,,,,,,,,,,,,,,,,,,,,,,,,,,,,,,,,,,,,,,,,,,,,,,,,,,,,,,,,,,,,,,,,,,,,,,,,,,,,,,,,,,,,,,,,,,,,,,,,,,,,,,,,,,,39101628,,,,,,,,,,,,,,,,,,,,,,,,,,,,,,,,,,,,,,,,,,,
https://phillips.com,,,,,,,,,,,564385,564385 40w LED Med 27k 2pk,,,Philips,Phillips Lighting (5831),Phillips Lighting,Philips,,564385,,Lighting & Fans>Light Bulbs>LED Bulbs,"Phillips Lighting Philips, LED Bulb, 564385, 564385, 40 W, Medium",LED BULB 564385 40W MEDIUM 2700K 2PK,Philips 564385 LED Bulb,"Philips LED Bulb, 564385, 40 W Wattage, Medium, 2700 K Color Temperature, 2 pk Quantity","LED Bulb, 564385, 40 W, Medium","LED Bulb, 564385, 40 W, Medium",,,,,,,,,,,,,,,,,,,,,,,,,,,Model Number,564385,,Wattage,40,W,Base Type,Medium,,Color Temperature,2700,K,Quantity,2,pk,,,,,,,,,,,,,,,,,,,,,,,,,,,,,,,,,,,,,,,,,,,,,,,,,,,,,,,,,,,,,,,,,,,,,,,,,,,,,,,,,,,,,,,,,,,,,,,,,,,,,,,,,,,,,,,,,,,,,,,,,,,,,,,,,,,,,,,,,,,39101628,,,,,,,,,,,,,,,,,,,,,,,,,,,,,,,,,,,,,,,,,,,
https://,,,,,,,,,,,23346-0408,23346-0408 Wire 16/3 SJEWA 250 (Linear Foot),,,,,,,,23346-0408,,Electrical>Wire & Cable>Portable Cords,"Wire, SJEWA, 23346-0408, 23346-0408, 16, 3",WIRE 23346-0408 16 3 250,SJEWA 23346-0408 Wire With Portable cord,"Wire With Portable cord, SJEWA, 23346-0408, 16, 3, 250, Additional Information: Sold by the linear foot.","SJEWA Wire, 23346-0408, 16, 3","SJEWA Wire, 23346-0408, 16, 3",Portable cord,,,,,,,,,,,,,,,,,,,,With Portable cord,,,,,,Part number,23346-0408,,Gauge,16,,Conductors,3,,Length,250,,,,,,,,,,,,,,,,,,,,,,,,,,,,,,,,,,,,,,,,,,,,,,,,,,,,,,,,,,,,,,,,,,,,,,,,,,,,,,,,,,,,,,,,,,,,,,,,,,,,,,,,,,,,,,,,,,,,,,,,,,,,,,,,,,,,,,,,,,,,,,,26121600,,,,,,,,,,,,,,,,,,,,,,,,,,,,,,,,,,,,,,,,,,,
https://phillips.com,,,,,,,,,,,566364,566364 75W LED ST19 27k 4pk,,,Philips,Phillips Lighting (5831),Phillips Lighting,Philips,,566364,,Lighting & Electrical>Light Bulbs>LED Bulbs,"Phillips Lighting Philips, LED Bulb, 566364, 75 W, ST19, 2700 K",LED BULB 75W ST19 2700K 4PK,Philips 566364 LED Bulb,"Philips LED Bulb, 75 W Wattage, ST19, 2700 K Color Temperature, 4 pk Quantity","LED Bulb, 75 W, ST19, 2700 K","LED Bulb, 75 W, ST19, 2700 K",,,,,,,,,,,,,,,,,,,,,,,,,,,Wattage,75,W,Shape,ST19,,Color Temperature,2700,K,Quantity,4,pk,,,,,,,,,,,,,,,,,,,,,,,,,,,,,,,,,,,,,,,,,,,,,,,,,,,,,,,,,,,,,,,,,,,,,,,,,,,,,,,,,,,,,,,,,,,,,,,,,,,,,,,,,,,,,,,,,,,,,,,,,,,,,,,,,,,,,,,,,,,,,,39101628,,,,,,,,,,,,,,,,,,,,,,,,,,,,,,,,,,,,,,,,,,,
https://phillips.com,,,,,,,,,,,576306,576306 40W LED A19 5CCT 4pk,,,Philips,Phillips Lighting (5831),Phillips Lighting,Philips,,576306,,Lighting & Electrical>Light Bulbs>LED Bulbs,"Phillips Lighting Philips, LED Bulb, 576306, 40 W, A19, 5 CCT",LED BULB 40W A19 5CCT 4PK,Philips 576306 LED Bulb,"Philips LED Bulb, 40 W Wattage, A19, 5 CCT Color Temperature, 4 pk Quantity","LED Bulb, 40 W, A19, 5 CCT","LED Bulb, 40 W, A19, 5 CCT",,,,,,,,,,,,,,,,,,,,,,,,,,,Wattage,40,W,Shape,A19,,Color Temperature,5,CCT,Quantity,4,pk,,,,,,,,,,,,,,,,,,,,,,,,,,,,,,,,,,,,,,,,,,,,,,,,,,,,,,,,,,,,,,,,,,,,,,,,,,,,,,,,,,,,,,,,,,,,,,,,,,,,,,,,,,,,,,,,,,,,,,,,,,,,,,,,,,,,,,,,,,,,,,39101628,,,,,,,,,,,,,,,,,,,,,,,,,,,,,,,,,,,,,,,,,,,
https://phillips.com,,,,,,,,,,,574004,574004 75W LED ST19 27k 2pk,,,Philips,Phillips Lighting (5831),Phillips Lighting,Philips,,574004,,Lighting & Electrical>Light Bulbs>LED Bulbs,"Phillips Lighting Philips, LED Bulb, 574004, 75 W, ST19, 2700 K",LED BULB 75W ST19 2700K 2PK,Philips 574004 LED Bulb,"Philips LED Bulb, 75 W Wattage, ST19, 2700 K Color Temperature, 2 pk Quantity","LED Bulb, 75 W, ST19, 2700 K","LED Bulb, 75 W, ST19, 2700 K",,,,,,,,,,,,,,,,,,,,,,,,,,,Wattage,75,W,Shape,ST19,,Color Temperature,2700,K,Quantity,2,pk,,,,,,,,,,,,,,,,,,,,,,,,,,,,,,,,,,,,,,,,,,,,,,,,,,,,,,,,,,,,,,,,,,,,,,,,,,,,,,,,,,,,,,,,,,,,,,,,,,,,,,,,,,,,,,,,,,,,,,,,,,,,,,,,,,,,,,,,,,,,,,39101628,,,,,,,,,,,,,,,,,,,,,,,,,,,,,,,,,,,,,,,,,,,
https://phillips.com,,,,,,,,,,,574012,574012 75W LED ST19 50k 2pk,,,Philips,Phillips Lighting (5831),Phillips Lighting,Philips,,574012,,Lighting & Electrical>Light Bulbs>LED Bulbs,"Phillips Lighting Philips, LED Bulb, 574012, 75 W, ST19, 5000 K",LED BULB 75W ST19 5000K 2PK,Philips 574012 LED Bulb,"Philips LED Bulb, 75 W Wattage, ST19, 5000 K Color Temperature, 2 pk Quantity","LED Bulb, 75 W, ST19, 5000 K","LED Bulb, 75 W, ST19, 5000 K",,,,,,,,,,,,,,,,,,,,,,,,,,,Wattage,75,W,Shape,ST19,,Color Temperature,5000,K,Quantity,2,pk,,,,,,,,,,,,,,,,,,,,,,,,,,,,,,,,,,,,,,,,,,,,,,,,,,,,,,,,,,,,,,,,,,,,,,,,,,,,,,,,,,,,,,,,,,,,,,,,,,,,,,,,,,,,,,,,,,,,,,,,,,,,,,,,,,,,,,,,,,,,,,39101628,,,,,,,,,,,,,,,,,,,,,,,,,,,,,,,,,,,,,,,,,,,
https://phillips.com,,,,,,,,,,,575217,575217 60W LED Med 50k 2pk,,,Philips,Phillips Lighting (5831),Phillips Lighting,Philips,,575217,,Lighting & Electrical>Light Bulbs>LED Bulbs,"Phillips Lighting Philips, LED Bulb, 575217, 60 W, Med, 5000 K",LED BULB 60W MED 5000K 2PK,Philips 575217 LED Bulb,"Philips LED Bulb, 60 W Wattage, Med, 5000 K Color Temperature, 2 pk Package Quantity","LED Bulb, 60 W, Med, 5000 K","LED Bulb, 60 W, Med, 5000 K",,,,,,,,,,,,,,,,,,,,,,,,,,,Wattage,60,W,Base Type,Med,,Color Temperature,5000,K,Package Quantity,2,pk,,,,,,,,,,,,,,,,,,,,,,,,,,,,,,,,,,,,,,,,,,,,,,,,,,,,,,,,,,,,,,,,,,,,,,,,,,,,,,,,,,,,,,,,,,,,,,,,,,,,,,,,,,,,,,,,,,,,,,,,,,,,,,,,,,,,,,,,,,,,,,39101628,,,,,,,,,,,,,,,,,,,,,,,,,,,,,,,,,,,,,,,,,,,
https://phillips.com,,,,,,,,,,,570762,570762 50W LED Par16 30k 3pk,,,Philips,Phillips Lighting (5831),Phillips Lighting,Philips,,570762,,Lighting & Electrical>Light Bulbs>LED Bulbs,"Phillips Lighting Philips, LED Bulb, 570762, 50 W, Par16, 3000 K",LED BULB 50W PAR16 3000K 3PK,Philips 570762 LED Bulb,"Philips LED Bulb, 50 W Wattage, Par16, 3000 K Color Temperature, 3 pk Package Quantity","LED Bulb, 50 W, Par16, 3000 K","LED Bulb, 50 W, Par16, 3000 K",,,,,,,,,,,,,,,,,,,,,,,,,,,Wattage,50,W,Shape,Par16,,Color Temperature,3000,K,Package Quantity,3,pk,,,,,,,,,,,,,,,,,,,,,,,,,,,,,,,,,,,,,,,,,,,,,,,,,,,,,,,,,,,,,,,,,,,,,,,,,,,,,,,,,,,,,,,,,,,,,,,,,,,,,,,,,,,,,,,,,,,,,,,,,,,,,,,,,,,,,,,,,,,,,,39101628,,,,,,,,,,,,,,,,,,,,,,,,,,,,,,,,,,,,,,,,,,,
https://phillips.com,,,,,,,,,,,566695,566695 60W LED Med 27k 3pk,,,Philips,Phillips Lighting (5831),Phillips Lighting,Philips,,566695,,Lighting>Light Bulbs>LED Bulbs,"Phillips Lighting Philips, LED light bulb, 566695, 60 W, Medium, 2700 K",LED LIGHT BULB 60W MEDIUM 2700K 3PK,Philips 566695 LED light bulb,"Philips LED light bulb, 60 W Wattage, Medium, 2700 K Color temperature, 3 pk Quantity","LED light bulb, 60 W, Medium, 2700 K","LED light bulb, 60 W, Medium, 2700 K",,,,,,,,,,,,,,,,,,,,,,,,,,,Wattage,60,W,Base type,Medium,,Color temperature,2700,K,Quantity,3,pk,,,,,,,,,,,,,,,,,,,,,,,,,,,,,,,,,,,,,,,,,,,,,,,,,,,,,,,,,,,,,,,,,,,,,,,,,,,,,,,,,,,,,,,,,,,,,,,,,,,,,,,,,,,,,,,,,,,,,,,,,,,,,,,,,,,,,,,,,,,,,,39101628,,,,,,,,,,,,,,,,,,,,,,,,,,,,,,,,,,,,,,,,,,,
https://phillips.com,,,,,,,,,,,566653,566653 25W LED Cand 27k 3pk,,,Philips,Phillips Lighting (5831),Phillips Lighting,Philips,,566653,,Lighting>Light Bulbs>LED Bulbs,"Phillips Lighting Philips, LED light bulb, 566653, 25 W, Candelabra, 2700 K",LED LIGHT BULB 25W CANDELABRA 2700K 3PK,Philips 566653 LED light bulb,"Philips LED light bulb, 25 W Wattage, Candelabra, 2700 K Color temperature, 3 pk Quantity","LED light bulb, 25 W, Candelabra, 2700 K","LED light bulb, 25 W, Candelabra, 2700 K",,,,,,,,,,,,,,,,,,,,,,,,,,,Wattage,25,W,Base type,Candelabra,,Color temperature,2700,K,Quantity,3,pk,,,,,,,,,,,,,,,,,,,,,,,,,,,,,,,,,,,,,,,,,,,,,,,,,,,,,,,,,,,,,,,,,,,,,,,,,,,,,,,,,,,,,,,,,,,,,,,,,,,,,,,,,,,,,,,,,,,,,,,,,,,,,,,,,,,,,,,,,,,,,,39101628,,,,,,,,,,,,,,,,,,,,,,,,,,,,,,,,,,,,,,,,,,,
https://phillips.com,,,,,,,,,,,566679,566679 40W LED Med 27k 3pk,,,Philips,Phillips Lighting (5831),Phillips Lighting,Philips,,566679,,Lighting>Light Bulbs>LED Bulbs,"Phillips Lighting Philips, LED light bulb, 566679, 40 W, Medium, 2700 K",LED LIGHT BULB 40W MEDIUM 2700K 3PK,Philips 566679 LED light bulb,"Philips LED light bulb, 40 W Wattage, Medium, 2700 K Color temperature, 3 pk Quantity","LED light bulb, 40 W, Medium, 2700 K","LED light bulb, 40 W, Medium, 2700 K",,,,,,,,,,,,,,,,,,,,,,,,,,,Wattage,40,W,Base type,Medium,,Color temperature,2700,K,Quantity,3,pk,,,,,,,,,,,,,,,,,,,,,,,,,,,,,,,,,,,,,,,,,,,,,,,,,,,,,,,,,,,,,,,,,,,,,,,,,,,,,,,,,,,,,,,,,,,,,,,,,,,,,,,,,,,,,,,,,,,,,,,,,,,,,,,,,,,,,,,,,,,,,,39101628,,,,,,,,,,,,,,,,,,,,,,,,,,,,,,,,,,,,,,,,,,,
https://phillips.com,,,,,,,,,,,573311,573311 60W LED Med 27k 2pk,,,Philips,Phillips Lighting (5831),Phillips Lighting,Philips,,573311,,Lighting>Light Bulbs>LED Bulbs,"Phillips Lighting Philips, LED Bulb, 573311, 60 W, 2700 K, Medium",LED BULB 60W 2700K MEDIUM 2PK,Philips 573311 LED Bulb,"Philips LED Bulb, 60 W Wattage, 2700 K Color Temperature, Medium, 2 pk Package Quantity","LED Bulb, 60 W, 2700 K, Medium","LED Bulb, 60 W, 2700 K, Medium",,,,,,,,,,,,,,,,,,,,,,,,,,,Wattage,60,W,Color Temperature,2700,K,Base Type,Medium,,Package Quantity,2,pk,,,,,,,,,,,,,,,,,,,,,,,,,,,,,,,,,,,,,,,,,,,,,,,,,,,,,,,,,,,,,,,,,,,,,,,,,,,,,,,,,,,,,,,,,,,,,,,,,,,,,,,,,,,,,,,,,,,,,,,,,,,,,,,,,,,,,,,,,,,,,,39101628,,,,,,,,,,,,,,,,,,,,,,,,,,,,,,,,,,,,,,,,,,,
https://phillips.com,,,,,,,,,,,573394,573394 60W LED Cand 27k 2pk,,,Philips,Phillips Lighting (5831),Phillips Lighting,Philips,,573394,,Lighting>Light Bulbs>LED Bulbs,"Phillips Lighting Philips, LED Bulb, 573394, 60 W, 2700 K, Candelabra",LED BULB 60W 2700K CANDELABRA 2PK,Philips 573394 LED Bulb,"Philips LED Bulb, 60 W Wattage, 2700 K Color Temperature, Candelabra, 2 pk Package Quantity","LED Bulb, 60 W, 2700 K, Candelabra","LED Bulb, 60 W, 2700 K, Candelabra",,,,,,,,,,,,,,,,,,,,,,,,,,,Wattage,60,W,Color Temperature,2700,K,Base Type,Candelabra,,Package Quantity,2,pk,,,,,,,,,,,,,,,,,,,,,,,,,,,,,,,,,,,,,,,,,,,,,,,,,,,,,,,,,,,,,,,,,,,,,,,,,,,,,,,,,,,,,,,,,,,,,,,,,,,,,,,,,,,,,,,,,,,,,,,,,,,,,,,,,,,,,,,,,,,,,,39101628,,,,,,,,,,,,,,,,,,,,,,,,,,,,,,,,,,,,,,,,,,,
https://phillips.com,,,,,,,,,,,573329,573329 60W Cand LED 27k 2pk,,,Philips,Phillips Lighting (5831),Phillips Lighting,Philips,,573329,,Lighting>Light Bulbs>LED Bulbs,"Phillips Lighting Philips, LED Bulb, 573329, 60 W, 2700 K, Candelabra",LED BULB 60W 2700K CANDELABRA 2PK,Philips 573329 LED Bulb,"Philips LED Bulb, 60 W Wattage, 2700 K Color Temperature, Candelabra, 2 pk Package Quantity","LED Bulb, 60 W, 2700 K, Candelabra","LED Bulb, 60 W, 2700 K, Candelabra",,,,,,,,,,,,,,,,,,,,,,,,,,,Wattage,60,W,Color Temperature,2700,K,Base Type,Candelabra,,Package Quantity,2,pk,,,,,,,,,,,,,,,,,,,,,,,,,,,,,,,,,,,,,,,,,,,,,,,,,,,,,,,,,,,,,,,,,,,,,,,,,,,,,,,,,,,,,,,,,,,,,,,,,,,,,,,,,,,,,,,,,,,,,,,,,,,,,,,,,,,,,,,,,,,,,,39101628,,,,,,,,,,,,,,,,,,,,,,,,,,,,,,,,,,,,,,,,,,,
https://phillips.com,,,,,,,,,,,564930,564930 40W Cand LED 50k 3pk,,,Philips,Phillips Lighting (5831),Phillips Lighting,Philips,,564930,,Lighting>Light Bulbs>LED Bulbs,"Phillips Lighting Philips, LED Bulb, 564930, 40 W, 5000 K, Candelabra",LED BULB 40W 5000K CANDELABRA 3PK,Philips 564930 LED Bulb,"Philips LED Bulb, 40 W Wattage, 5000 K Color Temperature, Candelabra, 3 pk Package Quantity","LED Bulb, 40 W, 5000 K, Candelabra","LED Bulb, 40 W, 5000 K, Candelabra",,,,,,,,,,,,,,,,,,,,,,,,,,,Wattage,40,W,Color Temperature,5000,K,Base Type,Candelabra,,Package Quantity,3,pk,,,,,,,,,,,,,,,,,,,,,,,,,,,,,,,,,,,,,,,,,,,,,,,,,,,,,,,,,,,,,,,,,,,,,,,,,,,,,,,,,,,,,,,,,,,,,,,,,,,,,,,,,,,,,,,,,,,,,,,,,,,,,,,,,,,,,,,,,,,,,,39101628,,,,,,,,,,,,,,,,,,,,,,,,,,,,,,,,,,,,,,,,,,,
https://phillips.com,,,,,,,,,,,565000,565000 60W LED Med 27k 2pk,,,Philips,Phillips Lighting (5831),Phillips Lighting,Philips,,565000,,Lighting>Light Bulbs>LED Bulbs,"Phillips Lighting Philips, LED Bulb, 565000, 60 W, 2700 K, Medium",LED BULB 60W 2700K MEDIUM 2PK,Philips 565000 LED Bulb,"Philips LED Bulb, 60 W Wattage, 2700 K Color Temperature, Medium, 2 pk Package Quantity","LED Bulb, 60 W, 2700 K, Medium","LED Bulb, 60 W, 2700 K, Medium",,,,,,,,,,,,,,,,,,,,,,,,,,,Wattage,60,W,Color Temperature,2700,K,Base Type,Medium,,Package Quantity,2,pk,,,,,,,,,,,,,,,,,,,,,,,,,,,,,,,,,,,,,,,,,,,,,,,,,,,,,,,,,,,,,,,,,,,,,,,,,,,,,,,,,,,,,,,,,,,,,,,,,,,,,,,,,,,,,,,,,,,,,,,,,,,,,,,,,,,,,,,,,,,,,,39101628,,,,,,,,,,,,,,,,,,,,,,,,,,,,,,,,,,,,,,,,,,,
https://phillips.com,,,,,,,,,,,564922,564922 60W LED BA11 50k 3pk,,,Philips,Phillips Lighting (5831),Phillips Lighting,Philips,,564922,,Lighting>Light Bulbs>LED Bulbs,"Phillips Lighting Philips, LED Bulb, 564922, 60 W, BA11, 5000 K",LED BULB 60W BA11 5000K 3PK,Philips 564922 LED Bulb,"Philips LED Bulb, 60 W Wattage, BA11, 5000 K Color Temperature, 3 pk Package Quantity","LED Bulb, 60 W, BA11, 5000 K","LED Bulb, 60 W, BA11, 5000 K",,,,,,,,,,,,,,,,,,,,,,,,,,,Wattage,60,W,Shape,BA11,,Color Temperature,5000,K,Package Quantity,3,pk,,,,,,,,,,,,,,,,,,,,,,,,,,,,,,,,,,,,,,,,,,,,,,,,,,,,,,,,,,,,,,,,,,,,,,,,,,,,,,,,,,,,,,,,,,,,,,,,,,,,,,,,,,,,,,,,,,,,,,,,,,,,,,,,,,,,,,,,,,,,,,39101628,,,,,,,,,,,,,,,,,,,,,,,,,,,,,,,,,,,,,,,,,,,
https://phillips.com,,,,,,,,,,,573295,573295 40W LED Med 27k 2pk,,,Philips,Phillips Lighting (5831),Phillips Lighting,Philips,,573295,,Lighting>Light Bulbs>LED Bulbs,"Phillips Lighting Philips, LED Bulb, 573295, 40 W, 2700 K, Medium",LED BULB 40W 2700K MEDIUM 2PK,Philips 573295 LED Bulb,"Philips LED Bulb, 40 W Wattage, 2700 K Color Temperature, Medium, 2 pk Package Quantity","LED Bulb, 40 W, 2700 K, Medium","LED Bulb, 40 W, 2700 K, Medium",,,,,,,,,,,,,,,,,,,,,,,,,,,Wattage,40,W,Color Temperature,2700,K,Base Type,Medium,,Package Quantity,2,pk,,,,,,,,,,,,,,,,,,,,,,,,,,,,,,,,,,,,,,,,,,,,,,,,,,,,,,,,,,,,,,,,,,,,,,,,,,,,,,,,,,,,,,,,,,,,,,,,,,,,,,,,,,,,,,,,,,,,,,,,,,,,,,,,,,,,,,,,,,,,,,39101628,,,,,,,,,,,,,,,,,,,,,,,,,,,,,,,,,,,,,,,,,,,
https://phillips.com,,,,,,,,,,,564914,564914 60W Med LED 50k 2pk,,,Philips,Phillips Lighting (5831),Phillips Lighting,Philips,,564914,,Lighting>Light Bulbs>LED Bulbs,"Phillips Lighting Philips, LED Bulb, 564914, 60 W, Medium, 5000 K",LED BULB 60W MEDIUM 5000K 2PK,Philips 564914 LED Bulb,"Philips LED Bulb, 60 W Wattage, Medium, 5000 K Color Temperature, 2 pk Package Quantity","LED Bulb, 60 W, Medium, 5000 K","LED Bulb, 60 W, Medium, 5000 K",,,,,,,,,,,,,,,,,,,,,,,,,,,Wattage,60,W,Base Type,Medium,,Color Temperature,5000,K,Package Quantity,2,pk,,,,,,,,,,,,,,,,,,,,,,,,,,,,,,,,,,,,,,,,,,,,,,,,,,,,,,,,,,,,,,,,,,,,,,,,,,,,,,,,,,,,,,,,,,,,,,,,,,,,,,,,,,,,,,,,,,,,,,,,,,,,,,,,,,,,,,,,,,,,,,39101628,,,,,,,,,,,,,,,,,,,,,,,,,,,,,,,,,,,,,,,,,,,
https://phillips.com,,,,,,,,,,,570846,570846 50W LED Med 22K 2pk,,,Philips,Phillips Lighting (5831),Phillips Lighting,Philips,,570846,,Lighting>Light Bulbs>LED Bulbs,"Phillips Lighting Philips, LED bulb, 570846, 50 W, Medium, 22000 K",LED BULB 50W MEDIUM 22000K 2PK,Philips 570846 LED bulb,"Philips LED bulb, 50 W Wattage, Medium, 22000 K Color Temperature, 2 pk Package Quantity","LED bulb, 50 W, Medium, 22000 K","LED bulb, 50 W, Medium, 22000 K",,,,,,,,,,,,,,,,,,,,,,,,,,,Wattage,50,W,Base Type,Medium,,Color Temperature,22000,K,Package Quantity,2,pk,,,,,,,,,,,,,,,,,,,,,,,,,,,,,,,,,,,,,,,,,,,,,,,,,,,,,,,,,,,,,,,,,,,,,,,,,,,,,,,,,,,,,,,,,,,,,,,,,,,,,,,,,,,,,,,,,,,,,,,,,,,,,,,,,,,,,,,,,,,,,,39101628,,,,,,,,,,,,,,,,,,,,,,,,,,,,,,,,,,,,,,,,,,,
https://phillips.com,,,,,,,,,,,573402,573402 60W LED Med 50k 2pk,,,Philips,Phillips Lighting (5831),Phillips Lighting,Philips,,573402,,Lighting>Light Bulbs>LED Bulbs,"Phillips Lighting Philips, LED bulb, 573402, 60 W, Medium, 50000 K",LED BULB 60W MEDIUM 50000K 2PK,Philips 573402 LED bulb,"Philips LED bulb, 60 W Wattage, Medium, 50000 K Color Temperature, 2 pk Package Quantity","LED bulb, 60 W, Medium, 50000 K","LED bulb, 60 W, Medium, 50000 K",,,,,,,,,,,,,,,,,,,,,,,,,,,Wattage,60,W,Base Type,Medium,,Color Temperature,50000,K,Package Quantity,2,pk,,,,,,,,,,,,,,,,,,,,,,,,,,,,,,,,,,,,,,,,,,,,,,,,,,,,,,,,,,,,,,,,,,,,,,,,,,,,,,,,,,,,,,,,,,,,,,,,,,,,,,,,,,,,,,,,,,,,,,,,,,,,,,,,,,,,,,,,,,,,,,39101628,,,,,,,,,,,,,,,,,,,,,,,,,,,,,,,,,,,,,,,,,,,
https://phillips.com,,,,,,,,,,,573352,573352 40W LED Med 27k 2pk,,,Philips,Phillips Lighting (5831),Phillips Lighting,Philips,,573352,,Lighting>Light Bulbs>LED Bulbs,"Phillips Lighting Philips, LED bulb, 573352, 40 W, Medium, 27000 K",LED BULB 40W MEDIUM 27000K 2PK,Philips 573352 LED bulb,"Philips LED bulb, 40 W Wattage, Medium, 27000 K Color Temperature, 2 pk Package Quantity","LED bulb, 40 W, Medium, 27000 K","LED bulb, 40 W, Medium, 27000 K",,,,,,,,,,,,,,,,,,,,,,,,,,,Wattage,40,W,Base Type,Medium,,Color Temperature,27000,K,Package Quantity,2,pk,,,,,,,,,,,,,,,,,,,,,,,,,,,,,,,,,,,,,,,,,,,,,,,,,,,,,,,,,,,,,,,,,,,,,,,,,,,,,,,,,,,,,,,,,,,,,,,,,,,,,,,,,,,,,,,,,,,,,,,,,,,,,,,,,,,,,,,,,,,,,,39101628,,,,,,,,,,,,,,,,,,,,,,,,,,,,,,,,,,,,,,,,,,,
https://phillips.com,,,,,,,,,,,573428,573428 40W Med LED 50k 2pk,,,Philips,Phillips Lighting (5831),Phillips Lighting,Philips,,573428,,Lighting>Light Bulbs>LED Bulbs,"Phillips Lighting Philips, LED bulb, 573428, 40 W, Medium, 50000 K",LED BULB 40W MEDIUM 50000K 2PK,Philips 573428 LED bulb,"Philips LED bulb, 40 W Wattage, Medium, 50000 K Color Temperature, 2 pk Package Quantity","LED bulb, 40 W, Medium, 50000 K","LED bulb, 40 W, Medium, 50000 K",,,,,,,,,,,,,,,,,,,,,,,,,,,Wattage,40,W,Base Type,Medium,,Color Temperature,50000,K,Package Quantity,2,pk,,,,,,,,,,,,,,,,,,,,,,,,,,,,,,,,,,,,,,,,,,,,,,,,,,,,,,,,,,,,,,,,,,,,,,,,,,,,,,,,,,,,,,,,,,,,,,,,,,,,,,,,,,,,,,,,,,,,,,,,,,,,,,,,,,,,,,,,,,,,,,39101628,,,,,,,,,,,,,,,,,,,,,,,,,,,,,,,,,,,,,,,,,,,
https://,,,,,,,,,,,1700-1PK-BB40,3/4x60' Vinyl Elect Tape,,,3M,3 M Co (5293),3 M Co,3M,,1700-1PK-BB40,,Electrical>Electrical Supplies>Electrical Tape,"3 M Co 3M, Electrical Tape, 1700-1PK-BB40, 3/4 in, 60 ft, Vinyl",ELECTRICAL TAPE 3/4IN 60FT VINYL,3M 1700-1PK-BB40 Electrical Tape,"3M Electrical Tape, 3/4 in width, 60 ft length, Vinyl","Electrical Tape, 3/4 in, 60 ft, Vinyl","Electrical Tape, 3/4 in, 60 ft, Vinyl",,,,,,,,,,,,,,,,,,,,,,,,,,,width,3/4,in,length,60,ft,material,Vinyl,,,,,,,,,,,,,,,,,,,,,,,,,,,,,,,,,,,,,,,,,,,,,,,,,,,,,,,,,,,,,,,,,,,,,,,,,,,,,,,,,,,,,,,,,,,,,,,,,,,,,,,,,,,,,,,,,,,,,,,,,,,,,,,,,,,,,,,,,,,,,,,,,,31201500,,,,,,,,,,,,,,,,,,,,,,,,,,,,,,,,,,,,,,,,,,,
https://,,,,,,,,,,,73018066,Clay 6x6 Elite Post Trim RDI - 4pc,,,,,,RDI,RDI,73018066,,Building Materials>Railing Systems>Railing Accessories,"RDI, post trim, Elite, 73018066, Clay, 6x6, 4 pc",POST TRIM CLAY 6X6 4PC,RDI Elite 73018066 post trim,"RDI post trim, Elite, Clay, 6x6, 4 pc quantity","Elite post trim, Clay, 6x6, 4 pc","Elite post trim, Clay, 6x6, 4 pc",,,,,,,,,,,,,,,,,,,,,,,,,,,color,Clay,,size,6x6,,quantity,4,pc,,,,,,,,,,,,,,,,,,,,,,,,,,,,,,,,,,,,,,,,,,,,,,,,,,,,,,,,,,,,,,,,,,,,,,,,,,,,,,,,,,,,,,,,,,,,,,,,,,,,,,,,,,,,,,,,,,,,,,,,,,,,,,,,,,,,,,,,,,,,,,,,,30152002,,,,,,,,,,,,,,,,,,,,,,,,,,,,,,,,,,,,,,,,,,,
https://,,,,,,,,,,,1514681,"1"" 4x8 Huber Zip R3.6 - Insulated R-Sheathing",,,,,,Huber,Huber,1514681,,Building Materials>Insulation>Rigid Foam Insulation,"Huber, Insulated R-Sheathing, Zip R, 1514681, 1 in, 4x8, 3.6",INSULATED R-SHEATHING 1IN 4X8 3.6,Huber Zip R 1514681 Insulated R-Sheathing,"Huber Insulated R-Sheathing, Zip R, 1 in Thickness, 4x8, 3.6","Zip R Insulated R-Sheathing, 1 in, 4x8, 3.6","Zip R Insulated R-Sheathing, 1 in, 4x8, 3.6",,,,,,,,,,,,,,,,,,,,,,,,,,,Thickness,1,in,Dimensions,4x8,,R-Value,3.6,,,,,,,,,,,,,,,,,,,,,,,,,,,,,,,,,,,,,,,,,,,,,,,,,,,,,,,,,,,,,,,,,,,,,,,,,,,,,,,,,,,,,,,,,,,,,,,,,,,,,,,,,,,,,,,,,,,,,,,,,,,,,,,,,,,,,,,,,,,,,,,,,,30141500,,,,,,,,,,,,,,,,,,,,,,,,,,,,,,,,,,,,,,,,,,,
https://,,,,,,,,,,,1514726,"2"" 4x8 Huber Zip R9.6 - Insulated R-Sheathing",,,,,,Huber,Huber,1514726,,Building Materials>Insulation>Rigid Foam Insulation,"Huber, Insulated R-Sheathing, Zip R, 1514726, 2 in, 4x8, 9.6",INSULATED R-SHEATHING 2IN 4X8 9.6,Huber Zip R 1514726 Insulated R-Sheathing,"Huber Insulated R-Sheathing, Zip R, 2 in Thickness, 4x8, 9.6","Zip R Insulated R-Sheathing, 2 in, 4x8, 9.6","Zip R Insulated R-Sheathing, 2 in, 4x8, 9.6",,,,,,,,,,,,,,,,,,,,,,,,,,,Thickness,2,in,Dimensions,4x8,,R-Value,9.6,,,,,,,,,,,,,,,,,,,,,,,,,,,,,,,,,,,,,,,,,,,,,,,,,,,,,,,,,,,,,,,,,,,,,,,,,,,,,,,,,,,,,,,,,,,,,,,,,,,,,,,,,,,,,,,,,,,,,,,,,,,,,,,,,,,,,,,,,,,,,,,,,,30141500,,,,,,,,,,,,,,,,,,,,,,,,,,,,,,,,,,,,,,,,,,,
https://millertech.com,,,,,,,,,,,402-R,402R 12V12AH 8D Battery,,,,MillerTech Energy Solutions (MILTE),MillerTech Energy Solutions,MillerTech Energy Solutions,,402-R,,Electrical>Batteries>Lead Acid Batteries,"MillerTech Energy Solutions, Battery, 402-R, 402R, 12 V, 12 AH",BATTERY 402R 12V 12AH,MillerTech Energy Solutions 402-R Battery,"MillerTech Energy Solutions Battery, 402R, 12 V Voltage, 12 AH Capacity","Battery, 402R, 12 V, 12 AH","Battery, 402R, 12 V, 12 AH",,,,,,,,,,,,,,,,,,,,,,,,,,,Model Number,402R,,Voltage,12,V,Capacity,12,AH,,,,,,,,,,,,,,,,,,,,,,,,,,,,,,,,,,,,,,,,,,,,,,,,,,,,,,,,,,,,,,,,,,,,,,,,,,,,,,,,,,,,,,,,,,,,,,,,,,,,,,,,,,,,,,,,,,,,,,,,,,,,,,,,,,,,,,,,,,,,,,,,,26111700,,,,,,,,,,,,,,,,,,,,,,,,,,,,,,,,,,,,,,,,,,,
https://,,,,,,,,,,,SL1672,SL1672 Jumpstart & Pwr Supply,,,Schumacher,,,Schumacher,,SL1672,,Automotive>Battery Accessories>Jump Starters,"Schumacher, Jumpstart & Power Supply, SL1672, SL1672",JUMPSTART & POWER SUPPLY SL1672,Schumacher SL1672 Jumpstart & Power Supply,"Schumacher Jumpstart & Power Supply, SL1672","Jumpstart & Power Supply, SL1672","Jumpstart & Power Supply, SL1672",,,,,,,,,,,,,,,,,,,,,,,,,,,Model Number,SL1672,,,,,,,,,,,,,,,,,,,,,,,,,,,,,,,,,,,,,,,,,,,,,,,,,,,,,,,,,,,,,,,,,,,,,,,,,,,,,,,,,,,,,,,,,,,,,,,,,,,,,,,,,,,,,,,,,,,,,,,,,,,,,,,,,,,,,,,,,,,,,,,,,,,,,,,,26111700,,,,,,,,,,,,,,,,,,,,,,,,,,,,,,,,,,,,,,,,,,,
https://southwire.com,,,,,,,,,,,G1950-UPC,4x4 2G GFI Box Cover,,,Southwire,Southwire/g Turner (6603),Southwire/g Turner,Southwire,,G1950-UPC,,Electrical>Boxes & Covers>Box Covers,"Southwire/g Turner Southwire, Box Cover, G1950-UPC, 4x4 in, 2, GFI",BOX COVER 4X4IN 2 GFI,"Southwire G1950-UPC Box Cover, 4x4 in","Southwire Box Cover, 4x4 in Size, 2, GFI","Box Cover, 4x4 in, 2, GFI","Box Cover, 4x4 in, 2, GFI",,,,,,,,,,,,,,,,,,,,,,,,,,,Size,4x4,in,Gang,2,,Configuration,GFI,,,,,,,,,,,,,,,,,,,,,,,,,,,,,,,,,,,,,,,,,,,,,,,,,,,,,,,,,,,,,,,,,,,,,,,,,,,,,,,,,,,,,,,,,,,,,,,,,,,,,,,,,,,,,,,,,,,,,,,,,,,,,,,,,,,,,,,,,,,,,,,,,,39121300,,,,,,,,,,,,,,,,,,,,,,,,,,,,,,,,,,,,,,,,,,,
https://thomas.com,https://thomas.com/lander?q=A410RCAR,,,,,,,,,,A410RCAR,4x4 1G PVC Box Cover,,,Carlon,Thomas & Betts (7405),Thomas & Betts,Carlon,,A410RCAR,,Electrical>Boxes & Covers>Box Covers,"Thomas & Betts Carlon, Box Cover, A410RCAR, 4x4 in, 1, PVC",BOX COVER 4X4IN 1 PVC,"Carlon A410RCAR Box Cover, 4x4 in, PVC","Carlon Box Cover, 4x4 in Size, 1, PVC","Box Cover, 4x4 in, 1, PVC","Box Cover, 4x4 in, 1, PVC",,,,,,,,,,,,,,,,,,,,,,,,,,,Size,4x4,in,Gang,1,,Material,PVC,,,,,,,,,,,,,,,,,,,,,,,,,,,,,,,,,,,,,,,,,,,,,,,,,,,,,,,,,,,,,,,,,,,,,,,,,,,,,,,,,,,,,,,,,,,,,,,,,,,,,,,,,,,,,,,,,,,,,,,,,,,,,,,,,,,,,,,,,,,,,,,,,,39121300,,,,,,,,,,,,,,,,,,,,,,,,,,,,,,,,,,,,,,,,,,,
https://southwire.com,,,,,,,,,,,G1951-UPC,4x4 2G GFCI Duplex Box Cover,,,Southwire,Southwire/g Turner (6603),Southwire/g Turner,Southwire,,G1951-UPC,,Electrical>Boxes & Covers>Box Covers,"Southwire/g Turner Southwire, Box Cover, G1951-UPC, 4x4 in, 2, GFCI Duplex",BOX COVER 4X4IN 2 GFCIDUPLEX,"Southwire G1951-UPC Box Cover, 4x4 in","Southwire Box Cover, 4x4 in Size, 2, GFCI Duplex","Box Cover, 4x4 in, 2, GFCI Duplex","Box Cover, 4x4 in, 2, GFCI Duplex",,,,,,,,,,,,,,,,,,,,,,,,,,,Size,4x4,in,Gang,2,,Configuration,GFCI Duplex,,,,,,,,,,,,,,,,,,,,,,,,,,,,,,,,,,,,,,,,,,,,,,,,,,,,,,,,,,,,,,,,,,,,,,,,,,,,,,,,,,,,,,,,,,,,,,,,,,,,,,,,,,,,,,,,,,,,,,,,,,,,,,,,,,,,,,,,,,,,,,,,,,39121300,,,,,,,,,,,,,,,,,,,,,,,,,,,,,,,,,,,,,,,,,,,
https://phillips.com,,,,,,,,,,,571497,571497 150W LED Med 27k,,,Philips,Phillips Lighting (5831),Phillips Lighting,Philips,,571497,,Lighting & Electrical>Light Bulbs>LED Bulbs,"Phillips Lighting Philips, LED Bulb, 571497, 150 W, Medium, 2700 K",LED BULB 150W MEDIUM 2700K,Philips 571497 LED Bulb,"Philips LED Bulb, 150 W Wattage, Medium, 2700 K Color Temperature","LED Bulb, 150 W, Medium, 2700 K","LED Bulb, 150 W, Medium, 2700 K",,,,,,,,,,,,,,,,,,,,,,,,,,,Wattage,150,W,Base,Medium,,Color Temperature,2700,K,,,,,,,,,,,,,,,,,,,,,,,,,,,,,,,,,,,,,,,,,,,,,,,,,,,,,,,,,,,,,,,,,,,,,,,,,,,,,,,,,,,,,,,,,,,,,,,,,,,,,,,,,,,,,,,,,,,,,,,,,,,,,,,,,,,,,,,,,,,,,,,,,39101628,,,,,,,,,,,,,,,,,,,,,,,,,,,,,,,,,,,,,,,,,,,
https://phillips.com,,,,,,,,,,,588533,588533 40W LED Cand 3pk,,,Philips,Phillips Lighting (5831),Phillips Lighting,Philips,,588533,,Lighting & Electrical>Light Bulbs>LED Bulbs,"Phillips Lighting Philips, LED Bulb, 588533, 40 W, Candelabra, 3 pk",LED BULB 40W CANDELABRA 3PK,Philips 588533 LED Bulb,"Philips LED Bulb, 40 W Wattage, Candelabra, 3 pk Quantity","LED Bulb, 40 W, Candelabra, 3 pk","LED Bulb, 40 W, Candelabra, 3 pk",,,,,,,,,,,,,,,,,,,,,,,,,,,Wattage,40,W,Shape,Candelabra,,Quantity,3,pk,,,,,,,,,,,,,,,,,,,,,,,,,,,,,,,,,,,,,,,,,,,,,,,,,,,,,,,,,,,,,,,,,,,,,,,,,,,,,,,,,,,,,,,,,,,,,,,,,,,,,,,,,,,,,,,,,,,,,,,,,,,,,,,,,,,,,,,,,,,,,,,,,39101628,,,,,,,,,,,,,,,,,,,,,,,,,,,,,,,,,,,,,,,,,,,
https://phillips.com,,,,,,,,,,,576520,576520 65W LED Med 27k,,,Philips,Phillips Lighting (5831),Phillips Lighting,Philips,,576520,,Lighting & Electrical>Light Bulbs>LED Bulbs,"Phillips Lighting Philips, LED Bulb, 576520, 65 W, Medium, 2700 K",LED BULB 65W MEDIUM 2700K,Philips 576520 LED Bulb,"Philips LED Bulb, 65 W Wattage, Medium, 2700 K Color Temperature","LED Bulb, 65 W, Medium, 2700 K","LED Bulb, 65 W, Medium, 2700 K",,,,,,,,,,,,,,,,,,,,,,,,,,,Wattage,65,W,Base,Medium,,Color Temperature,2700,K,,,,,,,,,,,,,,,,,,,,,,,,,,,,,,,,,,,,,,,,,,,,,,,,,,,,,,,,,,,,,,,,,,,,,,,,,,,,,,,,,,,,,,,,,,,,,,,,,,,,,,,,,,,,,,,,,,,,,,,,,,,,,,,,,,,,,,,,,,,,,,,,,39101628,,,,,,,,,,,,,,,,,,,,,,,,,,,,,,,,,,,,,,,,,,,
https://phillips.com,,,,,,,,,,,581181,581181 40W LED Med 2pk,,,Philips,Phillips Lighting (5831),Phillips Lighting,Philips,,581181,,Lighting & Electrical>Light Bulbs>LED Bulbs,"Phillips Lighting Philips, LED bulb, 581181, 40 W, Med, 2 pk",LED BULB 40W MED 2PK,Philips 581181 LED bulb,"Philips LED bulb, 40 W Wattage, Med, 2 pk Package Quantity","LED bulb, 40 W, Med, 2 pk","LED bulb, 40 W, Med, 2 pk",,,,,,,,,,,,,,,,,,,,,,,,,,,Wattage,40,W,Base,Med,,Package Quantity,2,pk,,,,,,,,,,,,,,,,,,,,,,,,,,,,,,,,,,,,,,,,,,,,,,,,,,,,,,,,,,,,,,,,,,,,,,,,,,,,,,,,,,,,,,,,,,,,,,,,,,,,,,,,,,,,,,,,,,,,,,,,,,,,,,,,,,,,,,,,,,,,,,,,,39101628,,,,,,,,,,,,,,,,,,,,,,,,,,,,,,,,,,,,,,,,,,,
https://phillips.com,,,,,,,,,,,586883,586883 100W LED Multi CCT 2pk,,,Philips,Phillips Lighting (5831),Phillips Lighting,Philips,,586883,,Lighting & Electrical>Light Bulbs>LED Bulbs,"Phillips Lighting Philips, LED Bulb, 586883, 100 W, Multi CCT, 2 pk",LED BULB 100W MULTICCT 2PK,Philips 586883 LED Bulb,"Philips LED Bulb, 100 W Wattage, Multi CCT, 2 pk Package Quantity","LED Bulb, 100 W, Multi CCT, 2 pk","LED Bulb, 100 W, Multi CCT, 2 pk",,,,,,,,,,,,,,,,,,,,,,,,,,,Wattage,100,W,Color Temperature,Multi CCT,,Package Quantity,2,pk,,,,,,,,,,,,,,,,,,,,,,,,,,,,,,,,,,,,,,,,,,,,,,,,,,,,,,,,,,,,,,,,,,,,,,,,,,,,,,,,,,,,,,,,,,,,,,,,,,,,,,,,,,,,,,,,,,,,,,,,,,,,,,,,,,,,,,,,,,,,,,,,,39101628,,,,,,,,,,,,,,,,,,,,,,,,,,,,,,,,,,,,,,,,,,,
https://phillips.com,,,,,,,,,,,533352,571505 150W LED Med 50k,,,Philips,Phillips Lighting (5831),Phillips Lighting,Philips,,533352,,Lighting & Electrical>Light Bulbs>LED Bulbs,"Phillips Lighting Philips, LED Bulb, 533352, 150 W, Med, 5000 K",LED BULB 150W MED 5000K,Philips 533352 LED Bulb,"Philips LED Bulb, 150 W Wattage, Med, 5000 K Color Temperature","LED Bulb, 150 W, Med, 5000 K","LED Bulb, 150 W, Med, 5000 K",,,,,,,,,,,,,,,,,,,,,,,,,,,Wattage,150,W,Base Type,Med,,Color Temperature,5000,K,,,,,,,,,,,,,,,,,,,,,,,,,,,,,,,,,,,,,,,,,,,,,,,,,,,,,,,,,,,,,,,,,,,,,,,,,,,,,,,,,,,,,,,,,,,,,,,,,,,,,,,,,,,,,,,,,,,,,,,,,,,,,,,,,,,,,,,,,,,,,,,,,39101628,,,,,,,,,,,,,,,,,,,,,,,,,,,,,,,,,,,,,,,,,,,
https://phillips.com,,,,,,,,,,,544874,544874 32W LED T8 UBulb 40k,,,Philips,Phillips Lighting (5831),Phillips Lighting,Philips,,544874,,Lighting>Light Bulbs>Fluorescent Bulbs,"Phillips Lighting Philips, LED bulb, 544874, 32 W, T8 UBulb, 40000 K",LED BULB 32W T8UBULB 40000K,Philips 544874 LED bulb,"Philips LED bulb, 32 W Wattage, T8 UBulb, 40000 K Color Temperature","LED bulb, 32 W, T8 UBulb, 40000 K","LED bulb, 32 W, T8 UBulb, 40000 K",,,,,,,,,,,,,,,,,,,,,,,,,,,Wattage,32,W,Bulb Shape,T8 UBulb,,Color Temperature,40000,K,,,,,,,,,,,,,,,,,,,,,,,,,,,,,,,,,,,,,,,,,,,,,,,,,,,,,,,,,,,,,,,,,,,,,,,,,,,,,,,,,,,,,,,,,,,,,,,,,,,,,,,,,,,,,,,,,,,,,,,,,,,,,,,,,,,,,,,,,,,,,,,,,39101605,,,,,,,,,,,,,,,,,,,,,,,,,,,,,,,,,,,,,,,,,,,
https://phillips.com,,,,,,,,,,,565473,565473 60W LED A19 Bulb 2pk,,,Philips,Phillips Lighting (5831),Phillips Lighting,Philips,,565473,,Lighting>Light Bulbs>LED Bulbs,"Phillips Lighting Philips, LED bulb, 565473, 60 W, A19, 2 pk",LED BULB 60W A19 2PK,Philips 565473 LED bulb,"Philips LED bulb, 60 W Wattage, A19, 2 pk Package Quantity","LED bulb, 60 W, A19, 2 pk","LED bulb, 60 W, A19, 2 pk",,,,,,,,,,,,,,,,,,,,,,,,,,,Wattage,60,W,Bulb Shape,A19,,Package Quantity,2,pk,,,,,,,,,,,,,,,,,,,,,,,,,,,,,,,,,,,,,,,,,,,,,,,,,,,,,,,,,,,,,,,,,,,,,,,,,,,,,,,,,,,,,,,,,,,,,,,,,,,,,,,,,,,,,,,,,,,,,,,,,,,,,,,,,,,,,,,,,,,,,,,,,39101628,,,,,,,,,,,,,,,,,,,,,,,,,,,,,,,,,,,,,,,,,,,
https://phillips.com,,,,,,,,,,,565671,565671 25W LED Med 20K,,,Philips,Phillips Lighting (5831),Phillips Lighting,Philips,,565671,,Lighting & Fans>Light Bulbs>LED Bulbs,"Phillips Lighting Philips, LED bulb, 565671, 25 W, Medium, 2000 K",LED BULB 25W MEDIUM 2000K,Philips 565671 LED bulb,"Philips LED bulb, 25 W Wattage, Medium, 2000 K Color Temperature","LED bulb, 25 W, Medium, 2000 K","LED bulb, 25 W, Medium, 2000 K",,,,,,,,,,,,,,,,,,,,,,,,,,,Wattage,25,W,Base Type,Medium,,Color Temperature,2000,K,,,,,,,,,,,,,,,,,,,,,,,,,,,,,,,,,,,,,,,,,,,,,,,,,,,,,,,,,,,,,,,,,,,,,,,,,,,,,,,,,,,,,,,,,,,,,,,,,,,,,,,,,,,,,,,,,,,,,,,,,,,,,,,,,,,,,,,,,,,,,,,,,39101628,,,,,,,,,,,,,,,,,,,,,,,,,,,,,,,,,,,,,,,,,,,
https://phillips.com,,,,,,,,,,,567313,567313 50W LED MR16 30K 3pk,,,Philips,Phillips Lighting (5831),Phillips Lighting,Philips,,567313,,Lighting & Electrical>Light Bulbs>LED Bulbs,"Phillips Lighting Philips, light bulb, 567313, 50 W, LED, MR16",LIGHT BULB 50W LED MR16 3000K 3PK,Philips 567313 light bulb,"Philips light bulb, 50 W Wattage, LED, MR16, 3000 K Color Temperature, 3 pk Quantity","light bulb, 50 W, LED, MR16","light bulb, 50 W, LED, MR16",,,,,,,,,,,,,,,,,,,,,,,,,,,Wattage,50,W,Bulb Technology,LED,,Bulb Shape,MR16,,Color Temperature,3000,K,Quantity,3,pk,,,,,,,,,,,,,,,,,,,,,,,,,,,,,,,,,,,,,,,,,,,,,,,,,,,,,,,,,,,,,,,,,,,,,,,,,,,,,,,,,,,,,,,,,,,,,,,,,,,,,,,,,,,,,,,,,,,,,,,,,,,,,,,,,,,,,,,,,,,39101628,,,,,,,,,,,,,,,,,,,,,,,,,,,,,,,,,,,,,,,,,,,
https://phillips.com,,,,,,,,,,,574392,574392 40W LED B11 Med 27k 3pk,,,Philips,Phillips Lighting (5831),Phillips Lighting,Philips,,574392,,Lighting & Electrical>Light Bulbs>LED Bulbs,"Phillips Lighting Philips, LED light bulb, 574392, 40 W, B11, Medium",LED LIGHT BULB 40W B11 MEDIUM 2700K 3PK,Philips 574392 LED light bulb,"Philips LED light bulb, 40 W Wattage, B11, Medium, 2700 K Color temperature, 3 pk Quantity","LED light bulb, 40 W, B11, Medium","LED light bulb, 40 W, B11, Medium",,,,,,,,,,,,,,,,,,,,,,,,,,,Wattage,40,W,Bulb shape,B11,,Base type,Medium,,Color temperature,2700,K,Quantity,3,pk,,,,,,,,,,,,,,,,,,,,,,,,,,,,,,,,,,,,,,,,,,,,,,,,,,,,,,,,,,,,,,,,,,,,,,,,,,,,,,,,,,,,,,,,,,,,,,,,,,,,,,,,,,,,,,,,,,,,,,,,,,,,,,,,,,,,,,,,,,,39101628,,,,,,,,,,,,,,,,,,,,,,,,,,,,,,,,,,,,,,,,,,,
https://phillips.com,,,,,,,,,,,573485,573485 60W LED A19 Med 50k 2pk,,,Philips,Phillips Lighting (5831),Phillips Lighting,Philips,,573485,,Lighting>Light Bulbs>LED Bulbs,"Phillips Lighting Philips, LED bulb, 573485, 60 W, A19, Medium",LED BULB 60W A19 MEDIUM 50000K 2PK,Philips 573485 LED bulb,"Philips LED bulb, 60 W Wattage, A19, Medium, 50000 K Color Temperature, 2 pk Package Quantity","LED bulb, 60 W, A19, Medium","LED bulb, 60 W, A19, Medium",,,,,,,,,,,,,,,,,,,,,,,,,,,Wattage,60,W,Bulb Shape,A19,,Base Type,Medium,,Color Temperature,50000,K,Package Quantity,2,pk,,,,,,,,,,,,,,,,,,,,,,,,,,,,,,,,,,,,,,,,,,,,,,,,,,,,,,,,,,,,,,,,,,,,,,,,,,,,,,,,,,,,,,,,,,,,,,,,,,,,,,,,,,,,,,,,,,,,,,,,,,,,,,,,,,,,,,,,,,,39101628,,,,,,,,,,,,,,,,,,,,,,,,,,,,,,,,,,,,,,,,,,,
https://phillips.com,,,,,,,,,,,573337,573337 40W LED G25 Med 50k 2pk,,,Philips,Phillips Lighting (5831),Phillips Lighting,Philips,,573337,,Lighting>Light Bulbs>LED Bulbs,"Phillips Lighting Philips, LED bulb, 573337, 40 W, G25, Medium",LED BULB 40W G25 MEDIUM 50000K 2PK,Philips 573337 LED bulb,"Philips LED bulb, 40 W Wattage, G25, Medium, 50000 K Color Temperature, 2 pk Package Quantity","LED bulb, 40 W, G25, Medium","LED bulb, 40 W, G25, Medium",,,,,,,,,,,,,,,,,,,,,,,,,,,Wattage,40,W,Bulb Shape,G25,,Base Type,Medium,,Color Temperature,50000,K,Package Quantity,2,pk,,,,,,,,,,,,,,,,,,,,,,,,,,,,,,,,,,,,,,,,,,,,,,,,,,,,,,,,,,,,,,,,,,,,,,,,,,,,,,,,,,,,,,,,,,,,,,,,,,,,,,,,,,,,,,,,,,,,,,,,,,,,,,,,,,,,,,,,,,,39101628,,,,,,,,,,,,,,,,,,,,,,,,,,,,,,,,,,,,,,,,,,,
https://,,,,,,,,,,,73019603,Finyline Water Heater 6' Fl Rail Kit Sq,,,,,,Finyline,Finyline,73019603,,Building Materials>Decking & Railing>Railing Systems,"Finyline, Rail Kit, Finyline, 73019603, 6 ft, Square",RAIL KIT 6FT SQUARE,Finyline Finyline 73019603 Rail Kit,"Finyline Rail Kit, Finyline, 6 ft Length, Square","Finyline Rail Kit, 6 ft, Square","Finyline Rail Kit, 6 ft, Square",,,,,,,,,,,,,,,,,,,,,,,,,,,Length,6,ft,Baluster Shape,Square,,,,,,,,,,,,,,,,,,,,,,,,,,,,,,,,,,,,,,,,,,,,,,,,,,,,,,,,,,,,,,,,,,,,,,,,,,,,,,,,,,,,,,,,,,,,,,,,,,,,,,,,,,,,,,,,,,,,,,,,,,,,,,,,,,,,,,,,,,,,,,,,,,,,,30263600,,,,,,,,,,,,,,,,,,,,,,,,,,,,,,,,,,,,,,,,,,,
https://,,,,,,,,,,,73019652,Finyline Water Heater 8' Fl Rail Kit Sq,,,,,,Finyline,Finyline,73019652,,Building Materials>Decking & Railing>Railing Systems,"Finyline, Rail Kit, Finyline, 73019652, 8 ft, Square",RAIL KIT 8FT SQUARE,Finyline Finyline 73019652 Rail Kit,"Finyline Rail Kit, Finyline, 8 ft Length, Square","Finyline Rail Kit, 8 ft, Square","Finyline Rail Kit, 8 ft, Square",,,,,,,,,,,,,,,,,,,,,,,,,,,Length,8,ft,Baluster Shape,Square,,,,,,,,,,,,,,,,,,,,,,,,,,,,,,,,,,,,,,,,,,,,,,,,,,,,,,,,,,,,,,,,,,,,,,,,,,,,,,,,,,,,,,,,,,,,,,,,,,,,,,,,,,,,,,,,,,,,,,,,,,,,,,,,,,,,,,,,,,,,,,,,,,,,,30263600,,,,,,,,,,,,,,,,,,,,,,,,,,,,,,,,,,,,,,,,,,,
https://,,,,,,,,,,,73019517,Finyline Water Heater 10' Fl Rail Kit Sq,,,,,,Finyline,Finyline,73019517,,Building Materials>Decking & Railing>Railing Systems,"Finyline, Rail Kit, Finyline, 73019517, 10 ft, Square",RAIL KIT 10FT SQUARE,Finyline Finyline 73019517 Rail Kit,"Finyline Rail Kit, Finyline, 10 ft Length, Square","Finyline Rail Kit, 10 ft, Square","Finyline Rail Kit, 10 ft, Square",,,,,,,,,,,,,,,,,,,,,,,,,,,Length,10,ft,Baluster Shape,Square,,,,,,,,,,,,,,,,,,,,,,,,,,,,,,,,,,,,,,,,,,,,,,,,,,,,,,,,,,,,,,,,,,,,,,,,,,,,,,,,,,,,,,,,,,,,,,,,,,,,,,,,,,,,,,,,,,,,,,,,,,,,,,,,,,,,,,,,,,,,,,,,,,,,,30263600,,,,,,,,,,,,,,,,,,,,,,,,,,,,,,,,,,,,,,,,,,,
https://,,,,,,,,,,,73018091,4x4 Water Heater Elite Post Trim RDI,,,,,,RDI,RDI,73018091,,Building Materials>Railing Systems>Railing Accessories,"RDI, post trim, Elite, 73018091, 4x4, Water Heater",POST TRIM 4X4 WATERHEATER,RDI Elite 73018091 post trim,"RDI post trim, Elite, 4x4, Water Heater","Elite post trim, 4x4, Water Heater","Elite post trim, 4x4, Water Heater",,,,,,,,,,,,,,,,,,,,,,,,,,,size,4x4,,color,Water Heater,,,,,,,,,,,,,,,,,,,,,,,,,,,,,,,,,,,,,,,,,,,,,,,,,,,,,,,,,,,,,,,,,,,,,,,,,,,,,,,,,,,,,,,,,,,,,,,,,,,,,,,,,,,,,,,,,,,,,,,,,,,,,,,,,,,,,,,,,,,,,,,,,,,,,30152002,,,,,,,,,,,,,,,,,,,,,,,,,,,,,,,,,,,,,,,,,,,
https://,,,,,,,,,,,73018731,Water Heater 6x6-108 Post Sleeve RDI,,,,,,RDI,RDI,73018731,,Building Materials>Railing Systems>Railing Accessories,"RDI, post sleeve, 73018731, Water Heater, 6x6-108",POST SLEEVE WATERHEATER 6X6-108,RDI 73018731 post sleeve,"RDI post sleeve, Water Heater, 6x6-108","post sleeve, Water Heater, 6x6-108","post sleeve, Water Heater, 6x6-108",,,,,,,,,,,,,,,,,,,,,,,,,,,color,Water Heater,,size,6x6-108,,,,,,,,,,,,,,,,,,,,,,,,,,,,,,,,,,,,,,,,,,,,,,,,,,,,,,,,,,,,,,,,,,,,,,,,,,,,,,,,,,,,,,,,,,,,,,,,,,,,,,,,,,,,,,,,,,,,,,,,,,,,,,,,,,,,,,,,,,,,,,,,,,,,,30152002,,,,,,,,,,,,,,,,,,,,,,,,,,,,,,,,,,,,,,,,,,,
https://,,,,,,,,,,,61109090,Water Heater 4x4-108 Post Sleeve RDI,,,,,,RDI,RDI,61109090,,Building Materials>Railing Systems>Railing Accessories,"RDI, post sleeve, 61109090, Water Heater, 4x4-108",POST SLEEVE WATERHEATER 4X4-108,RDI 61109090 post sleeve,"RDI post sleeve, Water Heater, 4x4-108","post sleeve, Water Heater, 4x4-108","post sleeve, Water Heater, 4x4-108",,,,,,,,,,,,,,,,,,,,,,,,,,,color,Water Heater,,size,4x4-108,,,,,,,,,,,,,,,,,,,,,,,,,,,,,,,,,,,,,,,,,,,,,,,,,,,,,,,,,,,,,,,,,,,,,,,,,,,,,,,,,,,,,,,,,,,,,,,,,,,,,,,,,,,,,,,,,,,,,,,,,,,,,,,,,,,,,,,,,,,,,,,,,,,,,30152002,,,,,,,,,,,,,,,,,,,,,,,,,,,,,,,,,,,,,,,,,,,
https://,,,,,,,,,,,73053603,Clay 4x4-108 Post Sleeve RDI,,,,,,RDI,RDI,73053603,,Building Materials>Railing Systems>Railing Accessories,"RDI, post sleeve, 73053603, Clay, 4x4-108",POST SLEEVE CLAY 4X4-108,RDI 73053603 post sleeve,"RDI post sleeve, Clay, 4x4-108","post sleeve, Clay, 4x4-108","post sleeve, Clay, 4x4-108",,,,,,,,,,,,,,,,,,,,,,,,,,,color,Clay,,size,4x4-108,,,,,,,,,,,,,,,,,,,,,,,,,,,,,,,,,,,,,,,,,,,,,,,,,,,,,,,,,,,,,,,,,,,,,,,,,,,,,,,,,,,,,,,,,,,,,,,,,,,,,,,,,,,,,,,,,,,,,,,,,,,,,,,,,,,,,,,,,,,,,,,,,,,,,30152002,,,,,,,,,,,,,,,,,,,,,,,,,,,,,,,,,,,,,,,,,,,
https://,,,,,,,,,,,73053608,Clay 6x6-108 Post Sleeve RDI,,,,,,RDI,RDI,73053608,,Building Materials>Railing Systems>Railing Accessories,"RDI, post sleeve, 73053608, Clay, 6x6-108",POST SLEEVE CLAY 6X6-108,RDI 73053608 post sleeve,"RDI post sleeve, Clay, 6x6-108","post sleeve, Clay, 6x6-108","post sleeve, Clay, 6x6-108",,,,,,,,,,,,,,,,,,,,,,,,,,,color,Clay,,size,6x6-108,,,,,,,,,,,,,,,,,,,,,,,,,,,,,,,,,,,,,,,,,,,,,,,,,,,,,,,,,,,,,,,,,,,,,,,,,,,,,,,,,,,,,,,,,,,,,,,,,,,,,,,,,,,,,,,,,,,,,,,,,,,,,,,,,,,,,,,,,,,,,,,,,,,,,30152002,,,,,,,,,,,,,,,,,,,,,,,,,,,,,,,,,,,,,,,,,,,
https://,,,,,,,,,,,73272TBK,6x6-10' Black Alum Deco - Support Post,DSI Westbury,,,Palmer Donavin Mfg Company (PALDO),Palmer Donavin Mfg Company,DSI Westbury,,73272TBK,,Building Materials>Railing Systems>Railing Posts,"Palmer Donavin Mfg Company DSI Westbury, support post, Deco, 73272TBK",SUPPORT POST 6X6 10FT BLACK ALUMINUM,DSI Westbury Deco 73272TBK support post,"DSI Westbury support post, Deco, 6x6, 10 ft length, Black, Aluminum","Deco support post, 6x6, 10 ft, Black","Deco support post, 6x6, 10 ft, Black",,,,,,,,,,,,,,,,,,,,,,,,,,,size,6x6,,length,10,ft,color,Black,,material,Aluminum,,,,,,,,,,,,,,,,,,,,,,,,,,,,,,,,,,,,,,,,,,,,,,,,,,,,,,,,,,,,,,,,,,,,,,,,,,,,,,,,,,,,,,,,,,,,,,,,,,,,,,,,,,,,,,,,,,,,,,,,,,,,,,,,,,,,,,,,,,,,,,,30152002,,,,,,,,,,,,,,,,,,,,,,,,,,,,,,,,,,,,,,,,,,,
https://,,,,,,,,,,,73019599,Finyline Water Heater 6' Str Rail Kit Sq,,,,,,,,73019599,,Building Materials>Railing Systems>Railing Kits,"rail kit, Finyline, 73019599, 6 ft, Square",RAIL KIT 6FT SQUARE,Finyline 73019599 rail kit With Str Rail Kit,"rail kit With Str Rail Kit, Finyline, 6 ft length, Square","Finyline rail kit, 6 ft, Square","Finyline rail kit, 6 ft, Square",Str Rail Kit,,,,,,,,,,,,,,,,,,,,With Str Rail Kit,,,,,,length,6,ft,baluster type,Square,,,,,,,,,,,,,,,,,,,,,,,,,,,,,,,,,,,,,,,,,,,,,,,,,,,,,,,,,,,,,,,,,,,,,,,,,,,,,,,,,,,,,,,,,,,,,,,,,,,,,,,,,,,,,,,,,,,,,,,,,,,,,,,,,,,,,,,,,,,,,,,,,,,,,30152002,,,,,,,,,,,,,,,,,,,,,,,,,,,,,,,,,,,,,,,,,,,
https://,,,,,,,,,,,73019648,Finyline Water Heater 8' Str Rail Kit Sq,,,,,,,,73019648,,Building Materials>Railing Systems>Railing Kits,"rail kit, Finyline, 73019648, 8 ft, Square",RAIL KIT 8FT SQUARE,Finyline 73019648 rail kit With Str Rail Kit,"rail kit With Str Rail Kit, Finyline, 8 ft length, Square","Finyline rail kit, 8 ft, Square","Finyline rail kit, 8 ft, Square",Str Rail Kit,,,,,,,,,,,,,,,,,,,,With Str Rail Kit,,,,,,length,8,ft,baluster type,Square,,,,,,,,,,,,,,,,,,,,,,,,,,,,,,,,,,,,,,,,,,,,,,,,,,,,,,,,,,,,,,,,,,,,,,,,,,,,,,,,,,,,,,,,,,,,,,,,,,,,,,,,,,,,,,,,,,,,,,,,,,,,,,,,,,,,,,,,,,,,,,,,,,,,,30152002,,,,,,,,,,,,,,,,,,,,,,,,,,,,,,,,,,,,,,,,,,,
https://certainteed.com,,,,,,,,,,,653258,"5/8"" 4x9 Drywall Firelite",,,,Certainteed Gypsum (2765),Certainteed Gypsum,Certainteed Gypsum,,653258,,Building Materials>Drywall & Insulation>Drywall,"Certainteed Gypsum, Drywall, Firelite, 653258, 5/8 in, 4x9 ft",DRYWALL 5/8IN 4X9FT,Certainteed Gypsum Firelite 653258 Drywall,"Certainteed Gypsum Drywall, Firelite, 5/8 in Thickness, 4x9 ft Dimensions","Firelite Drywall, 5/8 in, 4x9 ft","Firelite Drywall, 5/8 in, 4x9 ft",,,,,,,,,,,,,,,,,,,,,,,,,,,Thickness,5/8,in,Dimensions,4x9,ft,,,,,,,,,,,,,,,,,,,,,,,,,,,,,,,,,,,,,,,,,,,,,,,,,,,,,,,,,,,,,,,,,,,,,,,,,,,,,,,,,,,,,,,,,,,,,,,,,,,,,,,,,,,,,,,,,,,,,,,,,,,,,,,,,,,,,,,,,,,,,,,,,,,,30161500,,,,,,,,,,,,,,,,,,,,,,,,,,,,,,,,,,,,,,,,,,,
https://premier.com,,,,,,,,,,,PP-8CH,8' Premier Rib XL Charcoal,,,,Premier Metals (PREME),Premier Metals,Premier Metals,,PP-8CH,,Building Materials>Roofing & Siding>Metal Roofing,"Premier Metals, metal roofing panel, Premier Rib XL, PP-8CH, 8 ', Charcoal",METAL ROOFING PANEL 8' CHARCOAL,Premier Metals Premier Rib XL PP-8CH metal roofing panel,"Premier Metals metal roofing panel, Premier Rib XL, 8 ' length, Charcoal","Premier Rib XL metal roofing panel, 8 ', Charcoal","Premier Rib XL metal roofing panel, 8 ', Charcoal",,,,,,,,,,,,,,,,,,,,,,,,,,,length,8,',color,Charcoal,,,,,,,,,,,,,,,,,,,,,,,,,,,,,,,,,,,,,,,,,,,,,,,,,,,,,,,,,,,,,,,,,,,,,,,,,,,,,,,,,,,,,,,,,,,,,,,,,,,,,,,,,,,,,,,,,,,,,,,,,,,,,,,,,,,,,,,,,,,,,,,,,,,,,30151703,,,,,,,,,,,,,,,,,,,,,,,,,,,,,,,,,,,,,,,,,,,
https://premier.com,,,,,,,,,,,PP-10CH,10' Premier Rib XL Charcoal,,,,Premier Metals (PREME),Premier Metals,Premier Metals,,PP-10CH,,Building Materials>Roofing & Siding>Metal Roofing,"Premier Metals, metal roofing panel, Premier Rib XL, PP-10CH",METAL ROOFING PANEL 10' CHARCOAL,Premier Metals Premier Rib XL PP-10CH metal roofing panel,"Premier Metals metal roofing panel, Premier Rib XL, 10 ' length, Charcoal","Premier Rib XL metal roofing panel, 10 ', Charcoal","Premier Rib XL metal roofing panel, 10 ', Charcoal",,,,,,,,,,,,,,,,,,,,,,,,,,,length,10,',color,Charcoal,,,,,,,,,,,,,,,,,,,,,,,,,,,,,,,,,,,,,,,,,,,,,,,,,,,,,,,,,,,,,,,,,,,,,,,,,,,,,,,,,,,,,,,,,,,,,,,,,,,,,,,,,,,,,,,,,,,,,,,,,,,,,,,,,,,,,,,,,,,,,,,,,,,,,30151703,,,,,,,,,,,,,,,,,,,,,,,,,,,,,,,,,,,,,,,,,,,
https://premier.com,,,,,,,,,,,PP-12CH,12' Premier Rib XL Charcoal,,,,Premier Metals (PREME),Premier Metals,Premier Metals,,PP-12CH,,Building Materials>Roofing & Siding>Metal Roofing,"Premier Metals, metal roofing panel, Premier Rib XL, PP-12CH",METAL ROOFING PANEL 12' CHARCOAL,Premier Metals Premier Rib XL PP-12CH metal roofing panel,"Premier Metals metal roofing panel, Premier Rib XL, 12 ' length, Charcoal","Premier Rib XL metal roofing panel, 12 ', Charcoal","Premier Rib XL metal roofing panel, 12 ', Charcoal",,,,,,,,,,,,,,,,,,,,,,,,,,,length,12,',color,Charcoal,,,,,,,,,,,,,,,,,,,,,,,,,,,,,,,,,,,,,,,,,,,,,,,,,,,,,,,,,,,,,,,,,,,,,,,,,,,,,,,,,,,,,,,,,,,,,,,,,,,,,,,,,,,,,,,,,,,,,,,,,,,,,,,,,,,,,,,,,,,,,,,,,,,,,30151703,,,,,,,,,,,,,,,,,,,,,,,,,,,,,,,,,,,,,,,,,,,
https://premier.com,,,,,,,,,,,PP-8WH,8' Premier Rib XL White,,,,Premier Metals (PREME),Premier Metals,Premier Metals,,PP-8WH,,Building Materials>Roofing & Siding>Metal Roofing,"Premier Metals, metal roofing panel, Premier Rib XL, PP-8WH, 8 ', White",METAL ROOFING PANEL 8' WHITE,Premier Metals Premier Rib XL PP-8WH metal roofing panel,"Premier Metals metal roofing panel, Premier Rib XL, 8 ' length, White","Premier Rib XL metal roofing panel, 8 ', White","Premier Rib XL metal roofing panel, 8 ', White",,,,,,,,,,,,,,,,,,,,,,,,,,,length,8,',color,White,,,,,,,,,,,,,,,,,,,,,,,,,,,,,,,,,,,,,,,,,,,,,,,,,,,,,,,,,,,,,,,,,,,,,,,,,,,,,,,,,,,,,,,,,,,,,,,,,,,,,,,,,,,,,,,,,,,,,,,,,,,,,,,,,,,,,,,,,,,,,,,,,,,,,30151703,,,,,,,,,,,,,,,,,,,,,,,,,,,,,,,,,,,,,,,,,,,
https://premier.com,,,,,,,,,,,PP-10WH,10' Premier Rib XL White,,,,Premier Metals (PREME),Premier Metals,Premier Metals,,PP-10WH,,Building Materials>Roofing & Siding>Metal Roofing,"Premier Metals, metal roofing panel, Premier Rib XL, PP-10WH",METAL ROOFING PANEL 10' WHITE,Premier Metals Premier Rib XL PP-10WH metal roofing panel,"Premier Metals metal roofing panel, Premier Rib XL, 10 ' length, White","Premier Rib XL metal roofing panel, 10 ', White","Premier Rib XL metal roofing panel, 10 ', White",,,,,,,,,,,,,,,,,,,,,,,,,,,length,10,',color,White,,,,,,,,,,,,,,,,,,,,,,,,,,,,,,,,,,,,,,,,,,,,,,,,,,,,,,,,,,,,,,,,,,,,,,,,,,,,,,,,,,,,,,,,,,,,,,,,,,,,,,,,,,,,,,,,,,,,,,,,,,,,,,,,,,,,,,,,,,,,,,,,,,,,,30151703,,,,,,,,,,,,,,,,,,,,,,,,,,,,,,,,,,,,,,,,,,,
https://southwire.com,,,,,,,,,,,72171-3/4-1W-UPC,4-1/2x4-1/2x2 2G Box,,,Southwire,Southwire/g Turner (6603),Southwire/g Turner,Southwire,,72171-3/4-1W-UPC,,Electrical>Boxes & Covers>Electrical Boxes,"Southwire/g Turner Southwire, box, 72171-3/4-1W-UPC, 4-1/2x4-1/2x2 in, 2",BOX 4-1/2X4-1/2X2IN 2,Southwire 72171-3/4-1W-UPC box,"Southwire box, 4-1/2x4-1/2x2 in Dimensions, 2","box, 4-1/2x4-1/2x2 in, 2","box, 4-1/2x4-1/2x2 in, 2",,,,,,,,,,,,,,,,,,,,,,,,,,,Dimensions,4-1/2x4-1/2x2,in,Gang,2,,,,,,,,,,,,,,,,,,,,,,,,,,,,,,,,,,,,,,,,,,,,,,,,,,,,,,,,,,,,,,,,,,,,,,,,,,,,,,,,,,,,,,,,,,,,,,,,,,,,,,,,,,,,,,,,,,,,,,,,,,,,,,,,,,,,,,,,,,,,,,,,,,,,,39121300,,,,,,,,,,,,,,,,,,,,,,,,,,,,,,,,,,,,,,,,,,,
https://cooper.com,,,,,,,,,,,HLSMS9129FS1E,"HLSMS9129FS1E 9"" Motion Lt",,,,Cooper Lighting (7638),Cooper Lighting,Cooper Lighting,,HLSMS9129FS1E,,Lighting & Fans>Indoor Lighting>Security & Motion Lighting,"Cooper Lighting, Motion Light, HLSMS9129FS1E, 9 in, HLSMS9129FS1E",MOTION LIGHT 9IN HLSMS9129FS1E,"Cooper Lighting HLSMS9129FS1E Motion Light, 9 in","Cooper Lighting Motion Light, 9 in Size, HLSMS9129FS1E","Motion Light, 9 in, HLSMS9129FS1E","Motion Light, 9 in, HLSMS9129FS1E",,,,,,,,,,,,,,,,,,,,,,,,,,,Size,9,in,Model Number,HLSMS9129FS1E,,,,,,,,,,,,,,,,,,,,,,,,,,,,,,,,,,,,,,,,,,,,,,,,,,,,,,,,,,,,,,,,,,,,,,,,,,,,,,,,,,,,,,,,,,,,,,,,,,,,,,,,,,,,,,,,,,,,,,,,,,,,,,,,,,,,,,,,,,,,,,,,,,,,,39111600,,,,,,,,,,,,,,,,,,,,,,,,,,,,,,,,,,,,,,,,,,,
https://,,,,,,,,,,,S11849,"S11849 12"" Down Light Water Heater",,,,Satco Prod Inc (5573),Satco Prod Inc,Satco Prod Inc,,S11849,,Lighting & Electrical>Lighting Fixtures>Recessed Lighting,"Satco Prod Inc, Down Light, S11849, 12 in, Water Heater",DOWN LIGHT 12IN WATERHEATER,"Satco Prod Inc S11849 Down Light, 12 in","Satco Prod Inc Down Light, 12 in Size, Water Heater","Down Light, 12 in, Water Heater","Down Light, 12 in, Water Heater",,,,,,,,,,,,,,,,,,,,,,,,,,,Size,12,in,Description,Water Heater,,,,,,,,,,,,,,,,,,,,,,,,,,,,,,,,,,,,,,,,,,,,,,,,,,,,,,,,,,,,,,,,,,,,,,,,,,,,,,,,,,,,,,,,,,,,,,,,,,,,,,,,,,,,,,,,,,,,,,,,,,,,,,,,,,,,,,,,,,,,,,,,,,,,,39111500,,,,,,,,,,,,,,,,,,,,,,,,,,,,,,,,,,,,,,,,,,,
https://,,,,,,,,,,,62-1777,"62-1777 15"" Ceiling Lt Water Heater",,,,Satco Prod Inc (5573),Satco Prod Inc,Satco Prod Inc,,62-1777,,Lighting & Electrical>Lighting Fixtures>Ceiling Lights,"Satco Prod Inc, Ceiling Light, 62-1777, 15 in, Water Heater",CEILING LIGHT 15IN WATERHEATER,"Satco Prod Inc 62-1777 Ceiling Light, 15 in","Satco Prod Inc Ceiling Light, 15 in Size, Water Heater","Ceiling Light, 15 in, Water Heater","Ceiling Light, 15 in, Water Heater",,,,,,,,,,,,,,,,,,,,,,,,,,,Size,15,in,Description,Water Heater,,,,,,,,,,,,,,,,,,,,,,,,,,,,,,,,,,,,,,,,,,,,,,,,,,,,,,,,,,,,,,,,,,,,,,,,,,,,,,,,,,,,,,,,,,,,,,,,,,,,,,,,,,,,,,,,,,,,,,,,,,,,,,,,,,,,,,,,,,,,,,,,,,,,,39111500,,,,,,,,,,,,,,,,,,,,,,,,,,,,,,,,,,,,,,,,,,,
https://,,,,,,,,,,,62-1778,"62-1778 19"" Ceiling Lt Water Heater",,,,Satco Prod Inc (5573),Satco Prod Inc,Satco Prod Inc,,62-1778,,Lighting & Electrical>Lighting Fixtures>Ceiling Lights,"Satco Prod Inc, Ceiling Light, 62-1778, 19 in, Water Heater",CEILING LIGHT 19IN WATERHEATER,"Satco Prod Inc 62-1778 Ceiling Light, 19 in","Satco Prod Inc Ceiling Light, 19 in Size, Water Heater","Ceiling Light, 19 in, Water Heater","Ceiling Light, 19 in, Water Heater",,,,,,,,,,,,,,,,,,,,,,,,,,,Size,19,in,Description,Water Heater,,,,,,,,,,,,,,,,,,,,,,,,,,,,,,,,,,,,,,,,,,,,,,,,,,,,,,,,,,,,,,,,,,,,,,,,,,,,,,,,,,,,,,,,,,,,,,,,,,,,,,,,,,,,,,,,,,,,,,,,,,,,,,,,,,,,,,,,,,,,,,,,,,,,,39111500,,,,,,,,,,,,,,,,,,,,,,,,,,,,,,,,,,,,,,,,,,,
https://,,,,,,,,,,,62-1784,62-1784 24x24 LED Ceiling Lt,,,,Satco Prod Inc (5573),Satco Prod Inc,Satco Prod Inc,,62-1784,,Lighting & Electrical>Lighting Fixtures>Ceiling Lights,"Satco Prod Inc, Ceiling Light, 62-1784, 24x24 in, LED",CEILING LIGHT 24X24IN LED,"Satco Prod Inc 62-1784 Ceiling Light, 24x24 in","Satco Prod Inc Ceiling Light, 24x24 in Size, LED","Ceiling Light, 24x24 in, LED","Ceiling Light, 24x24 in, LED",,,,,,,,,,,,,,,,,,,,,,,,,,,Size,24x24,in,Technology,LED,,,,,,,,,,,,,,,,,,,,,,,,,,,,,,,,,,,,,,,,,,,,,,,,,,,,,,,,,,,,,,,,,,,,,,,,,,,,,,,,,,,,,,,,,,,,,,,,,,,,,,,,,,,,,,,,,,,,,,,,,,,,,,,,,,,,,,,,,,,,,,,,,,,,,39111500,,,,,,,,,,,,,,,,,,,,,,,,,,,,,,,,,,,,,,,,,,,
https://,,,,,,,,,,,62-1787,"62-1787 15"" Ceiling Lt Black",,,,Satco Prod Inc (5573),Satco Prod Inc,Satco Prod Inc,,62-1787,,Lighting & Electrical>Lighting Fixtures>Ceiling Lights,"Satco Prod Inc, Ceiling Light, 62-1787, 15 in, Black",CEILING LIGHT 15IN BLACK,"Satco Prod Inc 62-1787 Ceiling Light, 15 in, Black","Satco Prod Inc Ceiling Light, 15 in Size, Black","Ceiling Light, 15 in, Black","Ceiling Light, 15 in, Black",,,,,,,,,,,,,,,,,,,,,,,,,,,Size,15,in,Color,Black,,,,,,,,,,,,,,,,,,,,,,,,,,,,,,,,,,,,,,,,,,,,,,,,,,,,,,,,,,,,,,,,,,,,,,,,,,,,,,,,,,,,,,,,,,,,,,,,,,,,,,,,,,,,,,,,,,,,,,,,,,,,,,,,,,,,,,,,,,,,,,,,,,,,,39111500,,,,,,,,,,,,,,,,,,,,,,,,,,,,,,,,,,,,,,,,,,,
https://,,,,,,,,,,,65-1210,65-1210 2' LED Wrap Lt,,,,Satco Prod Inc (5573),Satco Prod Inc,Satco Prod Inc,,65-1210,,Lighting & Fans>Indoor Lighting>Wraparound Lighting,"Satco Prod Inc, LED Wrap Light, 65-1210, 65-1210, 2 ft",LED WRAP LIGHT 65-1210 2FT,Satco Prod Inc 65-1210 LED Wrap Light,"Satco Prod Inc LED Wrap Light, 65-1210, 2 ft Length","LED Wrap Light, 65-1210, 2 ft","LED Wrap Light, 65-1210, 2 ft",,,,,,,,,,,,,,,,,,,,,,,,,,,Model Number,65-1210,,Length,2,ft,,,,,,,,,,,,,,,,,,,,,,,,,,,,,,,,,,,,,,,,,,,,,,,,,,,,,,,,,,,,,,,,,,,,,,,,,,,,,,,,,,,,,,,,,,,,,,,,,,,,,,,,,,,,,,,,,,,,,,,,,,,,,,,,,,,,,,,,,,,,,,,,,,,,39111500,,,,,,,,,,,,,,,,,,,,,,,,,,,,,,,,,,,,,,,,,,,
https://,,,,,,,,,,,65-1211,65-1211 4' LED Wrap Light,,,,Satco Prod Inc (5573),Satco Prod Inc,Satco Prod Inc,,65-1211,,Lighting & Fans>Indoor Lighting>Wraparound Lighting,"Satco Prod Inc, LED Wrap Light, 65-1211, 65-1211, 4 ft",LED WRAP LIGHT 65-1211 4FT,Satco Prod Inc 65-1211 LED Wrap Light,"Satco Prod Inc LED Wrap Light, 65-1211, 4 ft Length","LED Wrap Light, 65-1211, 4 ft","LED Wrap Light, 65-1211, 4 ft",,,,,,,,,,,,,,,,,,,,,,,,,,,Model Number,65-1211,,Length,4,ft,,,,,,,,,,,,,,,,,,,,,,,,,,,,,,,,,,,,,,,,,,,,,,,,,,,,,,,,,,,,,,,,,,,,,,,,,,,,,,,,,,,,,,,,,,,,,,,,,,,,,,,,,,,,,,,,,,,,,,,,,,,,,,,,,,,,,,,,,,,,,,,,,,,,39111500,,,,,,,,,,,,,,,,,,,,,,,,,,,,,,,,,,,,,,,,,,,
https://phillips.com,,,,,,,,,,,576363,576363 100/150/200 LED Med 27k,,,Philips,Phillips Lighting (5831),Phillips Lighting,Philips,,576363,,Lighting & Fans>Light Bulbs>LED Bulbs,"Phillips Lighting Philips, LED Bulb, 576363, 576363, 100/150/200 W, Medium",LED BULB 576363 100/150/200W MEDIUM,Philips 576363 LED Bulb,"Philips LED Bulb, 576363, 100/150/200 W Wattage Equivalent, Medium, 2700 K Color Temperature","LED Bulb, 576363, 100/150/200 W, Medium","LED Bulb, 576363, 100/150/200 W, Medium",,,,,,,,,,,,,,,,,,,,,,,,,,,Model Number,576363,,Wattage Equivalent,100/150/200,W,Base Type,Medium,,Color Temperature,2700,K,,,,,,,,,,,,,,,,,,,,,,,,,,,,,,,,,,,,,,,,,,,,,,,,,,,,,,,,,,,,,,,,,,,,,,,,,,,,,,,,,,,,,,,,,,,,,,,,,,,,,,,,,,,,,,,,,,,,,,,,,,,,,,,,,,,,,,,,,,,,,,39101628,,,,,,,,,,,,,,,,,,,,,,,,,,,,,,,,,,,,,,,,,,,
https://phillips.com,,,,,,,,,,,576371,576371 100/150/200 LED Med 50k,,,Philips,Phillips Lighting (5831),Phillips Lighting,Philips,,576371,,Lighting & Fans>Light Bulbs>LED Bulbs,"Phillips Lighting Philips, LED Bulb, 576371, 576371, 100/150/200 W, Medium",LED BULB 576371 100/150/200W MEDIUM,Philips 576371 LED Bulb,"Philips LED Bulb, 576371, 100/150/200 W Wattage Equivalent, Medium, 5000 K Color Temperature","LED Bulb, 576371, 100/150/200 W, Medium","LED Bulb, 576371, 100/150/200 W, Medium",,,,,,,,,,,,,,,,,,,,,,,,,,,Model Number,576371,,Wattage Equivalent,100/150/200,W,Base Type,Medium,,Color Temperature,5000,K,,,,,,,,,,,,,,,,,,,,,,,,,,,,,,,,,,,,,,,,,,,,,,,,,,,,,,,,,,,,,,,,,,,,,,,,,,,,,,,,,,,,,,,,,,,,,,,,,,,,,,,,,,,,,,,,,,,,,,,,,,,,,,,,,,,,,,,,,,,,,,39101628,,,,,,,,,,,,,,,,,,,,,,,,,,,,,,,,,,,,,,,,,,,
https://phillips.com,,,,,,,,,,,576389,576389 100/200/300 LED Med 27k,,,Philips,Phillips Lighting (5831),Phillips Lighting,Philips,,576389,,Lighting & Fans>Light Bulbs>LED Bulbs,"Phillips Lighting Philips, LED Bulb, 576389, 576389, 100/200/300 W, Medium",LED BULB 576389 100/200/300W MEDIUM,Philips 576389 LED Bulb,"Philips LED Bulb, 576389, 100/200/300 W Wattage Equivalent, Medium, 2700 K Color Temperature","LED Bulb, 576389, 100/200/300 W, Medium","LED Bulb, 576389, 100/200/300 W, Medium",,,,,,,,,,,,,,,,,,,,,,,,,,,Model Number,576389,,Wattage Equivalent,100/200/300,W,Base Type,Medium,,Color Temperature,2700,K,,,,,,,,,,,,,,,,,,,,,,,,,,,,,,,,,,,,,,,,,,,,,,,,,,,,,,,,,,,,,,,,,,,,,,,,,,,,,,,,,,,,,,,,,,,,,,,,,,,,,,,,,,,,,,,,,,,,,,,,,,,,,,,,,,,,,,,,,,,,,,39101628,,,,,,,,,,,,,,,,,,,,,,,,,,,,,,,,,,,,,,,,,,,
https://phillips.com,,,,,,,,,,,576397,576394 100/200/300 LED A23 50k,,,Philips,Phillips Lighting (5831),Phillips Lighting,Philips,,576397,,Lighting & Fans>Light Bulbs>LED Bulbs,"Phillips Lighting Philips, LED Bulb, 576397, 576394, 100/200/300 W, A23",LED BULB 576394 100/200/300W A23 5000K,Philips 576397 LED Bulb,"Philips LED Bulb, 576394, 100/200/300 W Wattage Equivalent, A23, 5000 K Color Temperature","LED Bulb, 576394, 100/200/300 W, A23","LED Bulb, 576394, 100/200/300 W, A23",,,,,,,,,,,,,,,,,,,,,,,,,,,Model Number,576394,,Wattage Equivalent,100/200/300,W,Shape,A23,,Color Temperature,5000,K,,,,,,,,,,,,,,,,,,,,,,,,,,,,,,,,,,,,,,,,,,,,,,,,,,,,,,,,,,,,,,,,,,,,,,,,,,,,,,,,,,,,,,,,,,,,,,,,,,,,,,,,,,,,,,,,,,,,,,,,,,,,,,,,,,,,,,,,,,,,,,39101628,,,,,,,,,,,,,,,,,,,,,,,,,,,,,,,,,,,,,,,,,,,
https://phillips.com,,,,,,,,,,,571513,571513 40/60/100 LED Med 27k,,,Philips,Phillips Lighting (5831),Phillips Lighting,Philips,,571513,,Lighting & Fans>Light Bulbs>LED Bulbs,"Phillips Lighting Philips, LED Bulb, 571513, 571513, 40/60/100 W, Medium",LED BULB 571513 40/60/100W MEDIUM 2700K,Philips 571513 LED Bulb,"Philips LED Bulb, 571513, 40/60/100 W Wattage Equivalent, Medium, 2700 K Color Temperature","LED Bulb, 571513, 40/60/100 W, Medium","LED Bulb, 571513, 40/60/100 W, Medium",,,,,,,,,,,,,,,,,,,,,,,,,,,Model Number,571513,,Wattage Equivalent,40/60/100,W,Base Type,Medium,,Color Temperature,2700,K,,,,,,,,,,,,,,,,,,,,,,,,,,,,,,,,,,,,,,,,,,,,,,,,,,,,,,,,,,,,,,,,,,,,,,,,,,,,,,,,,,,,,,,,,,,,,,,,,,,,,,,,,,,,,,,,,,,,,,,,,,,,,,,,,,,,,,,,,,,,,,39101628,,,,,,,,,,,,,,,,,,,,,,,,,,,,,,,,,,,,,,,,,,,
https://maxsainnovations.com,,,,,,,,,,,46719,49719 Wall Light Motion Water Heater,,,,Maxsa Innovations (MAXIN),Maxsa Innovations,Maxsa Innovations,,46719,,Lighting & Fans>Outdoor Lighting>Wall Lighting,"Maxsa Innovations, Wall Light, 46719, 49719, Motion",WALL LIGHT 49719 MOTION,Maxsa Innovations 46719 Wall Light,"Maxsa Innovations Wall Light, 49719, Motion","Wall Light, 49719, Motion","Wall Light, 49719, Motion",,,,,,,,,,,,,,,,,,,,,,,,,,,Model Number,49719,,Feature,Motion,,,,,,,,,,,,,,,,,,,,,,,,,,,,,,,,,,,,,,,,,,,,,,,,,,,,,,,,,,,,,,,,,,,,,,,,,,,,,,,,,,,,,,,,,,,,,,,,,,,,,,,,,,,,,,,,,,,,,,,,,,,,,,,,,,,,,,,,,,,,,,,,,,,,,39111600,,,,,,,,,,,,,,,,,,,,,,,,,,,,,,,,,,,,,,,,,,,
https://appliance.com,https://www.appliance.com/search?q=XOU2470BCGS,,,,,,,,,,XOU2470BCGS,XOU2470BCGS Tall Beverage Center SS,,,,Appliance Dealers Cooperative (APPDE),Appliance Dealers Cooperative,Appliance Dealers Cooperative,,XOU2470BCGS,,Appliances & Consumer Electronics>Kitchen Appliances>Beverage Centers,"Appliance Dealers Cooperative, Beverage Center, XOU2470BCGS, Tall, Stainless Steel",BEVERAGE CENTER TALL STAINLESSSTEEL,Appliance Dealers Cooperative XOU2470BCGS Beverage Center,"Appliance Dealers Cooperative Beverage Center, Tall, Stainless Steel","Beverage Center, Tall, Stainless Steel","Beverage Center, Tall, Stainless Steel",,,,,,,,,,,,,,,,,,,,,,,,,,,Height,Tall,,Finish,Stainless Steel,,,,,,,,,,,,,,,,,,,,,,,,,,,,,,,,,,,,,,,,,,,,,,,,,,,,,,,,,,,,,,,,,,,,,,,,,,,,,,,,,,,,,,,,,,,,,,,,,,,,,,,,,,,,,,,,,,,,,,,,,,,,,,,,,,,,,,,,,,,,,,,,,,,,,52141505,,,,,,,,,,,,,,,,,,,,,,,,,,,,,,,,,,,,,,,,,,,
https://,,,,,,,,,,,5328,5328 Lg. Leather Phone Holster - Clip-on,,,,,,,,5328,,Tools & Equipment>Tool Storage>Tool Pouches & Holsters,"Phone Holster, 5328, 5328, Leather, Large",PHONE HOLSTER 5328 LEATHER LARGE CLIP-ON,"5328 Phone Holster With Clip-on, Leather, Large","Phone Holster With Clip-on, 5328, Leather, Large, Clip-on","Phone Holster, 5328, Leather, Large","Phone Holster, 5328, Leather, Large",Clip-on,,,,,,,,,,,,,,,,,,,,With Clip-on,,,,,,Model Number,5328,,Material,Leather,,Size,Large,,Attachment Method,Clip-on,,,,,,,,,,,,,,,,,,,,,,,,,,,,,,,,,,,,,,,,,,,,,,,,,,,,,,,,,,,,,,,,,,,,,,,,,,,,,,,,,,,,,,,,,,,,,,,,,,,,,,,,,,,,,,,,,,,,,,,,,,,,,,,,,,,,,,,,,,,,,,,24112403,,,,,,,,,,,,,,,,,,,,,,,,,,,,,,,,,,,,,,,,,,,
https://,,,,,,,,,,,BC-12300,"BC-12300 BigCal 12""/300mm",,,,Woodpeckers Inc (WOODP),Woodpeckers Inc,Woodpeckers Inc,,BC-12300,,Tools & Equipment>Hand Tools>Measuring Tools,"Woodpeckers Inc, Caliper, BigCal, BC-12300, BC-12300, 12 in",CALIPER BC-12300 12IN,Woodpeckers Inc BigCal BC-12300 Caliper,"Woodpeckers Inc Caliper, BigCal, BC-12300, 12 in Length","BigCal Caliper, BC-12300, 12 in","BigCal Caliper, BC-12300, 12 in",,,,,,,,,,,,,,,,,,,,,,,,,,,Model Number,BC-12300,,Length,12,in,,,,,,,,,,,,,,,,,,,,,,,,,,,,,,,,,,,,,,,,,,,,,,,,,,,,,,,,,,,,,,,,,,,,,,,,,,,,,,,,,,,,,,,,,,,,,,,,,,,,,,,,,,,,,,,,,,,,,,,,,,,,,,,,,,,,,,,,,,,,,,,,,,,,27111800,,,,,,,,,,,,,,,,,,,,,,,,,,,,,,,,,,,,,,,,,,,
https://,,,,,,,,,,,BC-24600,"BC-24600 BigCal 24""/600mm",,,,Woodpeckers Inc (WOODP),Woodpeckers Inc,Woodpeckers Inc,,BC-24600,,Tools & Equipment>Hand Tools>Measuring Tools,"Woodpeckers Inc, Caliper, BigCal, BC-24600, BC-24600, 24 in",CALIPER BC-24600 24IN,Woodpeckers Inc BigCal BC-24600 Caliper,"Woodpeckers Inc Caliper, BigCal, BC-24600, 24 in Length","BigCal Caliper, BC-24600, 24 in","BigCal Caliper, BC-24600, 24 in",,,,,,,,,,,,,,,,,,,,,,,,,,,Model Number,BC-24600,,Length,24,in,,,,,,,,,,,,,,,,,,,,,,,,,,,,,,,,,,,,,,,,,,,,,,,,,,,,,,,,,,,,,,,,,,,,,,,,,,,,,,,,,,,,,,,,,,,,,,,,,,,,,,,,,,,,,,,,,,,,,,,,,,,,,,,,,,,,,,,,,,,,,,,,,,,,27111800,,,,,,,,,,,,,,,,,,,,,,,,,,,,,,,,,,,,,,,,,,,
https://,,,,,,,,,,,25759,25759 Mason Line Brd Orange - 1000',,,,U S Tape Company (6694),U S Tape Company,U S Tape Company,,25759,,Tools>Hand Tools>Masonry Tools,"U S Tape Company, Mason Line, 25759, Orange, 1000 ft",MASON LINE ORANGE 1000FT,"U S Tape Company 25759 Mason Line, Orange","U S Tape Company Mason Line, Orange, 1000 ft Length","Mason Line, Orange, 1000 ft","Mason Line, Orange, 1000 ft",,,,,,,,,,,,,,,,,,,,,,,,,,,Color,Orange,,Length,1000,ft,,,,,,,,,,,,,,,,,,,,,,,,,,,,,,,,,,,,,,,,,,,,,,,,,,,,,,,,,,,,,,,,,,,,,,,,,,,,,,,,,,,,,,,,,,,,,,,,,,,,,,,,,,,,,,,,,,,,,,,,,,,,,,,,,,,,,,,,,,,,,,,,,,,,27111900,,,,,,,,,,,,,,,,,,,,,,,,,,,,,,,,,,,,,,,,,,,
https://,,,,,,,,,,,25168,25168 Mason Line Brd Green - 250',CENTURY COMPONENTS,,,U S Tape Company (6694),U S Tape Company,CENTURY COMPONENTS,,25168,,Tools>Hand Tools>Masonry Tools,"U S Tape Company CENTURY COMPONENTS, Mason Line, 25168, Green, 250 ft",MASON LINE GREEN 250FT,"CENTURY COMPONENTS 25168 Mason Line, Green","CENTURY COMPONENTS Mason Line, Green, 250 ft Length","Mason Line, Green, 250 ft","Mason Line, Green, 250 ft",,,,,,,,,,,,,,,,,,,,,,,,,,,Color,Green,,Length,250,ft,,,,,,,,,,,,,,,,,,,,,,,,,,,,,,,,,,,,,,,,,,,,,,,,,,,,,,,,,,,,,,,,,,,,,,,,,,,,,,,,,,,,,,,,,,,,,,,,,,,,,,,,,,,,,,,,,,,,,,,,,,,,,,,,,,,,,,,,,,,,,,,,,,,,27111900,,,,,,,,,,,,,,,,,,,,,,,,,,,,,,,,,,,,,,,,,,,
https://,,,,,,,,,,,S3539,S3539 20W Halogen Pin T4,,,Satco,Satco Prod Inc (5573),Satco Prod Inc,Satco,,S3539,,Lighting & Electrical>Light Bulbs>Halogen Bulbs,"Satco Prod Inc Satco, Halogen bulb, T4, S3539, 20 W, Pin",HALOGEN BULB 20W PIN,Satco T4 S3539 Halogen bulb,"Satco Halogen bulb, T4, 20 W Wattage, Pin","T4 Halogen bulb, 20 W, Pin","T4 Halogen bulb, 20 W, Pin",,,,,,,,,,,,,,,,,,,,,,,,,,,Wattage,20,W,Base Type,Pin,,,,,,,,,,,,,,,,,,,,,,,,,,,,,,,,,,,,,,,,,,,,,,,,,,,,,,,,,,,,,,,,,,,,,,,,,,,,,,,,,,,,,,,,,,,,,,,,,,,,,,,,,,,,,,,,,,,,,,,,,,,,,,,,,,,,,,,,,,,,,,,,,,,,,39101609,,,,,,,,,,,,,,,,,,,,,,,,,,,,,,,,,,,,,,,,,,,
https://phillips.com,,,,,,,,,,,586909,586909 LED 60W Med A19 27K,,,Philips,Phillips Lighting (5831),Phillips Lighting,Philips,,586909,,Lighting & Electrical>Light Bulbs>LED Bulbs,"Phillips Lighting Philips, LED Bulb, 586909, 60 W, Medium, A19",LED BULB 60W MEDIUM A19 2700K,Philips 586909 LED Bulb,"Philips LED Bulb, 60 W Wattage, Medium, A19, 2700 K Color Temperature","LED Bulb, 60 W, Medium, A19","LED Bulb, 60 W, Medium, A19",,,,,,,,,,,,,,,,,,,,,,,,,,,Wattage,60,W,Base,Medium,,Shape,A19,,Color Temperature,2700,K,,,,,,,,,,,,,,,,,,,,,,,,,,,,,,,,,,,,,,,,,,,,,,,,,,,,,,,,,,,,,,,,,,,,,,,,,,,,,,,,,,,,,,,,,,,,,,,,,,,,,,,,,,,,,,,,,,,,,,,,,,,,,,,,,,,,,,,,,,,,,,39101628,,,,,,,,,,,,,,,,,,,,,,,,,,,,,,,,,,,,,,,,,,,
https://phillips.com,,,,,,,,,,,573971,573971 75W LED ST19 20k 4pk,,,Philips,Phillips Lighting (5831),Phillips Lighting,Philips,,573971,,Lighting & Electrical>Light Bulbs>LED Bulbs,"Phillips Lighting Philips, LED bulb, 573971, 75 W, ST19, 20k",LED BULB 75W ST19 20K 4PK,Philips 573971 LED bulb,"Philips LED bulb, 75 W Wattage, ST19, 20k, 4 pk Package Quantity","LED bulb, 75 W, ST19, 20k","LED bulb, 75 W, ST19, 20k",,,,,,,,,,,,,,,,,,,,,,,,,,,Wattage,75,W,Shape,ST19,,Color Temperature,20k,,Package Quantity,4,pk,,,,,,,,,,,,,,,,,,,,,,,,,,,,,,,,,,,,,,,,,,,,,,,,,,,,,,,,,,,,,,,,,,,,,,,,,,,,,,,,,,,,,,,,,,,,,,,,,,,,,,,,,,,,,,,,,,,,,,,,,,,,,,,,,,,,,,,,,,,,,,39101628,,,,,,,,,,,,,,,,,,,,,,,,,,,,,,,,,,,,,,,,,,,
https://phillips.com,,,,,,,,,,,573989,573989 40W LED Med 27K 4pk,,,Philips,Phillips Lighting (5831),Phillips Lighting,Philips,,573989,,Lighting & Electrical>Light Bulbs>LED Bulbs,"Phillips Lighting Philips, LED bulb, 573989, 40 W, Med, 27k",LED BULB 40W MED 27K 4PK,Philips 573989 LED bulb,"Philips LED bulb, 40 W Wattage, Med, 27k, 4 pk Package Quantity","LED bulb, 40 W, Med, 27k","LED bulb, 40 W, Med, 27k",,,,,,,,,,,,,,,,,,,,,,,,,,,Wattage,40,W,Base,Med,,Color Temperature,27k,,Package Quantity,4,pk,,,,,,,,,,,,,,,,,,,,,,,,,,,,,,,,,,,,,,,,,,,,,,,,,,,,,,,,,,,,,,,,,,,,,,,,,,,,,,,,,,,,,,,,,,,,,,,,,,,,,,,,,,,,,,,,,,,,,,,,,,,,,,,,,,,,,,,,,,,,,,39101628,,,,,,,,,,,,,,,,,,,,,,,,,,,,,,,,,,,,,,,,,,,
https://phillips.com,,,,,,,,,,,567446,567446 60W LED Med 50K 3pk,,,Philips,Phillips Lighting (5831),Phillips Lighting,Philips,,567446,,Lighting & Electrical>Light Bulbs>LED Bulbs,"Phillips Lighting Philips, LED bulb, 567446, 60 W, Med, 50k",LED BULB 60W MED 50K 3PK,Philips 567446 LED bulb,"Philips LED bulb, 60 W Wattage, Med, 50k, 3 pk Package Quantity","LED bulb, 60 W, Med, 50k","LED bulb, 60 W, Med, 50k",,,,,,,,,,,,,,,,,,,,,,,,,,,Wattage,60,W,Base,Med,,Color Temperature,50k,,Package Quantity,3,pk,,,,,,,,,,,,,,,,,,,,,,,,,,,,,,,,,,,,,,,,,,,,,,,,,,,,,,,,,,,,,,,,,,,,,,,,,,,,,,,,,,,,,,,,,,,,,,,,,,,,,,,,,,,,,,,,,,,,,,,,,,,,,,,,,,,,,,,,,,,,,,39101628,,,,,,,,,,,,,,,,,,,,,,,,,,,,,,,,,,,,,,,,,,,
https://phillips.com,,,,,,,,,,,573997,573997 40W LED Med 50k 4pk,,,Philips,Phillips Lighting (5831),Phillips Lighting,Philips,,573997,,Lighting & Electrical>Light Bulbs>LED Bulbs,"Phillips Lighting Philips, LED bulb, 573997, 40 W, Med, 50k",LED BULB 40W MED 50K 4PK,Philips 573997 LED bulb,"Philips LED bulb, 40 W Wattage, Med, 50k, 4 pk Package Quantity","LED bulb, 40 W, Med, 50k","LED bulb, 40 W, Med, 50k",,,,,,,,,,,,,,,,,,,,,,,,,,,Wattage,40,W,Base,Med,,Color Temperature,50k,,Package Quantity,4,pk,,,,,,,,,,,,,,,,,,,,,,,,,,,,,,,,,,,,,,,,,,,,,,,,,,,,,,,,,,,,,,,,,,,,,,,,,,,,,,,,,,,,,,,,,,,,,,,,,,,,,,,,,,,,,,,,,,,,,,,,,,,,,,,,,,,,,,,,,,,,,,39101628,,,,,,,,,,,,,,,,,,,,,,,,,,,,,,,,,,,,,,,,,,,
https://phillips.com,,,,,,,,,,,576488,576488 45W LED R20 Med 50k,,,Philips,Phillips Lighting (5831),Phillips Lighting,Philips,,576488,,Lighting & Electrical>Light Bulbs>LED Bulbs,"Phillips Lighting Philips, LED Bulb, 576488, 45 W, R20, Med",LED BULB 45W R20 MED 5000K,Philips 576488 LED Bulb,"Philips LED Bulb, 45 W Wattage, R20, Med, 5000 K Color Temperature","LED Bulb, 45 W, R20, Med","LED Bulb, 45 W, R20, Med",,,,,,,,,,,,,,,,,,,,,,,,,,,Wattage,45,W,Shape,R20,,Base Type,Med,,Color Temperature,5000,K,,,,,,,,,,,,,,,,,,,,,,,,,,,,,,,,,,,,,,,,,,,,,,,,,,,,,,,,,,,,,,,,,,,,,,,,,,,,,,,,,,,,,,,,,,,,,,,,,,,,,,,,,,,,,,,,,,,,,,,,,,,,,,,,,,,,,,,,,,,,,,39101628,,,,,,,,,,,,,,,,,,,,,,,,,,,,,,,,,,,,,,,,,,,
https://phillips.com,,,,,,,,,,,571471,571471 100W LED BR30 Med 27k,,,Philips,Phillips Lighting (5831),Phillips Lighting,Philips,,571471,,Lighting & Electrical>Light Bulbs>LED Bulbs,"Phillips Lighting Philips, LED Bulb, 571471, 100 W, BR30, Med",LED BULB 100W BR30 MED 2700K,Philips 571471 LED Bulb,"Philips LED Bulb, 100 W Wattage, BR30, Med, 2700 K Color Temperature","LED Bulb, 100 W, BR30, Med","LED Bulb, 100 W, BR30, Med",,,,,,,,,,,,,,,,,,,,,,,,,,,Wattage,100,W,Shape,BR30,,Base Type,Med,,Color Temperature,2700,K,,,,,,,,,,,,,,,,,,,,,,,,,,,,,,,,,,,,,,,,,,,,,,,,,,,,,,,,,,,,,,,,,,,,,,,,,,,,,,,,,,,,,,,,,,,,,,,,,,,,,,,,,,,,,,,,,,,,,,,,,,,,,,,,,,,,,,,,,,,,,,39101628,,,,,,,,,,,,,,,,,,,,,,,,,,,,,,,,,,,,,,,,,,,
https://phillips.com,,,,,,,,,,,576009,576009 100W LED Par30L Med 50k,,,Philips,Phillips Lighting (5831),Phillips Lighting,Philips,,576009,,Lighting & Electrical>Light Bulbs>LED Reflector Bulbs,"Phillips Lighting Philips, LED bulb, 576009, 100 W, Par30L, Medium",LED BULB 100W PAR30L MEDIUM 5000K,Philips 576009 LED bulb,"Philips LED bulb, 100 W Wattage, Par30L, Medium, 5000 K Color Temperature","LED bulb, 100 W, Par30L, Medium","LED bulb, 100 W, Par30L, Medium",,,,,,,,,,,,,,,,,,,,,,,,,,,Wattage,100,W,Bulb Shape,Par30L,,Base Type,Medium,,Color Temperature,5000,K,,,,,,,,,,,,,,,,,,,,,,,,,,,,,,,,,,,,,,,,,,,,,,,,,,,,,,,,,,,,,,,,,,,,,,,,,,,,,,,,,,,,,,,,,,,,,,,,,,,,,,,,,,,,,,,,,,,,,,,,,,,,,,,,,,,,,,,,,,,,,,39101628,,,,,,,,,,,,,,,,,,,,,,,,,,,,,,,,,,,,,,,,,,,
https://phillips.com,,,,,,,,,,,572669,572669 60W LED F15 Med 27k,,,Philips,Phillips Lighting (5831),Phillips Lighting,Philips,,572669,,Lighting & Electrical>Light Bulbs>LED Bulbs,"Phillips Lighting Philips, LED bulb, 572669, 60 W, F15, Medium",LED BULB 60W F15 MEDIUM 2700K,Philips 572669 LED bulb,"Philips LED bulb, 60 W Wattage, F15, Medium, 2700 K Color Temperature","LED bulb, 60 W, F15, Medium","LED bulb, 60 W, F15, Medium",,,,,,,,,,,,,,,,,,,,,,,,,,,Wattage,60,W,Bulb Shape,F15,,Base Type,Medium,,Color Temperature,2700,K,,,,,,,,,,,,,,,,,,,,,,,,,,,,,,,,,,,,,,,,,,,,,,,,,,,,,,,,,,,,,,,,,,,,,,,,,,,,,,,,,,,,,,,,,,,,,,,,,,,,,,,,,,,,,,,,,,,,,,,,,,,,,,,,,,,,,,,,,,,,,,39101628,,,,,,,,,,,,,,,,,,,,,,,,,,,,,,,,,,,,,,,,,,,
https://phillips.com,,,,,,,,,,,576504,576504 65W LED BR40 Med 50k,,,Philips,Phillips Lighting (5831),Phillips Lighting,Philips,,576504,,Lighting & Electrical>Light Bulbs>LED Reflector Bulbs,"Phillips Lighting Philips, LED bulb, 576504, 65 W, BR40, Medium",LED BULB 65W BR40 MEDIUM 5000K,Philips 576504 LED bulb,"Philips LED bulb, 65 W Wattage, BR40, Medium, 5000 K Color Temperature","LED bulb, 65 W, BR40, Medium","LED bulb, 65 W, BR40, Medium",,,,,,,,,,,,,,,,,,,,,,,,,,,Wattage,65,W,Bulb Shape,BR40,,Base Type,Medium,,Color Temperature,5000,K,,,,,,,,,,,,,,,,,,,,,,,,,,,,,,,,,,,,,,,,,,,,,,,,,,,,,,,,,,,,,,,,,,,,,,,,,,,,,,,,,,,,,,,,,,,,,,,,,,,,,,,,,,,,,,,,,,,,,,,,,,,,,,,,,,,,,,,,,,,,,,39101628,,,,,,,,,,,,,,,,,,,,,,,,,,,,,,,,,,,,,,,,,,,
https://phillips.com,,,,,,,,,,,576017,576017 100W LED Par30L Med 30k,,,Philips,Phillips Lighting (5831),Phillips Lighting,Philips,,576017,,Lighting & Electrical>Light Bulbs>LED Reflector Bulbs,"Phillips Lighting Philips, LED light bulb, 576017, 100 W, Par30L, Medium",LED LIGHT BULB 100W PAR30L MEDIUM 3000K,Philips 576017 LED light bulb,"Philips LED light bulb, 100 W Wattage, Par30L, Medium, 3000 K Color temperature","LED light bulb, 100 W, Par30L, Medium","LED light bulb, 100 W, Par30L, Medium",,,,,,,,,,,,,,,,,,,,,,,,,,,Wattage,100,W,Bulb shape,Par30L,,Base type,Medium,,Color temperature,3000,K,,,,,,,,,,,,,,,,,,,,,,,,,,,,,,,,,,,,,,,,,,,,,,,,,,,,,,,,,,,,,,,,,,,,,,,,,,,,,,,,,,,,,,,,,,,,,,,,,,,,,,,,,,,,,,,,,,,,,,,,,,,,,,,,,,,,,,,,,,,,,,39101628,,,,,,,,,,,,,,,,,,,,,,,,,,,,,,,,,,,,,,,,,,,
https://phillips.com,,,,,,,,,,,576751,576751 65W LED BR30 Med 3pk,,,Philips,Phillips Lighting (5831),Phillips Lighting,Philips,,576751,,Lighting & Electrical>Light Bulbs>LED Reflector Bulbs,"Phillips Lighting Philips, LED light bulb, 576751, 65 W, BR30, Medium",LED LIGHT BULB 65W BR30 MEDIUM 3PK,Philips 576751 LED light bulb,"Philips LED light bulb, 65 W Wattage, BR30, Medium, 3 pk Quantity","LED light bulb, 65 W, BR30, Medium","LED light bulb, 65 W, BR30, Medium",,,,,,,,,,,,,,,,,,,,,,,,,,,Wattage,65,W,Bulb shape,BR30,,Base type,Medium,,Quantity,3,pk,,,,,,,,,,,,,,,,,,,,,,,,,,,,,,,,,,,,,,,,,,,,,,,,,,,,,,,,,,,,,,,,,,,,,,,,,,,,,,,,,,,,,,,,,,,,,,,,,,,,,,,,,,,,,,,,,,,,,,,,,,,,,,,,,,,,,,,,,,,,,,39101628,,,,,,,,,,,,,,,,,,,,,,,,,,,,,,,,,,,,,,,,,,,
https://phillips.com,,,,,,,,,,,583161,583161 LED 65W Med BR30 3pk,,,Philips,Phillips Lighting (5831),Phillips Lighting,Philips,,583161,,Lighting & Electrical>Light Bulbs>LED Reflector Bulbs,"Phillips Lighting Philips, LED light bulb, 583161, 65 W, BR30, Medium",LED LIGHT BULB 65W BR30 MEDIUM 3PK,Philips 583161 LED light bulb,"Philips LED light bulb, 65 W Wattage, BR30, Medium, 3 pk Quantity","LED light bulb, 65 W, BR30, Medium","LED light bulb, 65 W, BR30, Medium",,,,,,,,,,,,,,,,,,,,,,,,,,,Wattage,65,W,Bulb shape,BR30,,Base type,Medium,,Quantity,3,pk,,,,,,,,,,,,,,,,,,,,,,,,,,,,,,,,,,,,,,,,,,,,,,,,,,,,,,,,,,,,,,,,,,,,,,,,,,,,,,,,,,,,,,,,,,,,,,,,,,,,,,,,,,,,,,,,,,,,,,,,,,,,,,,,,,,,,,,,,,,,,,39101628,,,,,,,,,,,,,,,,,,,,,,,,,,,,,,,,,,,,,,,,,,,
https://phillips.com,,,,,,,,,,,577007,577007 125W LED Med 30k Flood,,,Philips,Phillips Lighting (5831),Phillips Lighting,Philips,,577007,,Lighting>Light Bulbs>LED Bulbs,"Phillips Lighting Philips, LED light bulb, 577007, 125 W, Medium, 3000 K",LED LIGHT BULB 125W MEDIUM 3000K FLOOD,Philips 577007 LED light bulb,"Philips LED light bulb, 125 W Wattage, Medium, 3000 K Color temperature, Flood","LED light bulb, 125 W, Medium, 3000 K","LED light bulb, 125 W, Medium, 3000 K",,,,,,,,,,,,,,,,,,,,,,,,,,,Wattage,125,W,Base type,Medium,,Color temperature,3000,K,Beam type,Flood,,,,,,,,,,,,,,,,,,,,,,,,,,,,,,,,,,,,,,,,,,,,,,,,,,,,,,,,,,,,,,,,,,,,,,,,,,,,,,,,,,,,,,,,,,,,,,,,,,,,,,,,,,,,,,,,,,,,,,,,,,,,,,,,,,,,,,,,,,,,,,,39101628,,,,,,,,,,,,,,,,,,,,,,,,,,,,,,,,,,,,,,,,,,,
https://phillips.com,,,,,,,,,,,573188,573188 250W LED Par38 Med 50k,,,Philips,Phillips Lighting (5831),Phillips Lighting,Philips,,573188,,Lighting & Fans>Light Bulbs>LED Bulbs,"Phillips Lighting Philips, LED bulb, 573188, 250 W, Par38, Medium",LED BULB 250W PAR38 MEDIUM 5000K,Philips 573188 LED bulb,"Philips LED bulb, 250 W Wattage, Par38, Medium, 5000 K Color Temperature","LED bulb, 250 W, Par38, Medium","LED bulb, 250 W, Par38, Medium",,,,,,,,,,,,,,,,,,,,,,,,,,,Wattage,250,W,Shape,Par38,,Base Type,Medium,,Color Temperature,5000,K,,,,,,,,,,,,,,,,,,,,,,,,,,,,,,,,,,,,,,,,,,,,,,,,,,,,,,,,,,,,,,,,,,,,,,,,,,,,,,,,,,,,,,,,,,,,,,,,,,,,,,,,,,,,,,,,,,,,,,,,,,,,,,,,,,,,,,,,,,,,,,39101628,,,,,,,,,,,,,,,,,,,,,,,,,,,,,,,,,,,,,,,,,,,
https://phillips.com,,,,,,,,,,,573204,573204 75W LED Par20 Med 50k,,,Philips,Phillips Lighting (5831),Phillips Lighting,Philips,,573204,,Lighting & Fans>Light Bulbs>LED Bulbs,"Phillips Lighting Philips, LED bulb, 573204, 75 W, Par20, Medium",LED BULB 75W PAR20 MEDIUM 5000K,Philips 573204 LED bulb,"Philips LED bulb, 75 W Wattage, Par20, Medium, 5000 K Color Temperature","LED bulb, 75 W, Par20, Medium","LED bulb, 75 W, Par20, Medium",,,,,,,,,,,,,,,,,,,,,,,,,,,Wattage,75,W,Shape,Par20,,Base Type,Medium,,Color Temperature,5000,K,,,,,,,,,,,,,,,,,,,,,,,,,,,,,,,,,,,,,,,,,,,,,,,,,,,,,,,,,,,,,,,,,,,,,,,,,,,,,,,,,,,,,,,,,,,,,,,,,,,,,,,,,,,,,,,,,,,,,,,,,,,,,,,,,,,,,,,,,,,,,,39101628,,,,,,,,,,,,,,,,,,,,,,,,,,,,,,,,,,,,,,,,,,,
https://,,,,,,,,,,,DSA0250B,"DSA0250B 1/4"" Square x1/4"" Hex - Socket Adapter",,,Diablo,Freud Inc (2435),Freud Inc,Diablo,,DSA0250B,,Tools & Equipment>Power Tool Accessories>Socket Adapters,"Freud Inc Diablo, Socket Adapter, DSA0250B, 1/4 in, 1/4 in, 1/4 in",SOCKET ADAPTER 1/4IN 1/4IN 1/4IN 1/4IN,Diablo DSA0250B Socket Adapter,"Diablo Socket Adapter, 1/4 in Square Drive, 1/4 in Hex Drive, 1/4 in Diameter, 1/4 in Arbor","Socket Adapter, 1/4 in, 1/4 in, 1/4 in","Socket Adapter, 1/4 in, 1/4 in, 1/4 in",,,,,,,,,,,,,,,,,,,,,,,,,,,Square Drive,1/4,in,Hex Drive,1/4,in,Diameter,1/4,in,Arbor,1/4,in,,,,,,,,,,,,,,,,,,,,,,,,,,,,,,,,,,,,,,,,,,,,,,,,,,,,,,,,,,,,,,,,,,,,,,,,,,,,,,,,,,,,,,,,,,,,,,,,,,,,,,,,,,,,,,,,,,,,,,,,,,,,,,,,,,,,,,,,,,,,,,27111700,,,,,,,,,,,,,,,,,,,,,,,,,,,,,,,,,,,,,,,,,,,
https://,,,,,,,,,,,DSA0375B,"DSA0375B 3/8"" Square x1/4"" Hex - Socket Adapter",,,Diablo,Freud Inc (2435),Freud Inc,Diablo,,DSA0375B,,Tools & Equipment>Power Tool Accessories>Socket Adapters,"Freud Inc Diablo, Socket Adapter, DSA0375B, 3/8 in, 1/4 in, 3/8 in",SOCKET ADAPTER 3/8IN 1/4IN 3/8IN 1/4IN,Diablo DSA0375B Socket Adapter,"Diablo Socket Adapter, 3/8 in Square Drive, 1/4 in Hex Drive, 3/8 in Diameter, 1/4 in Arbor","Socket Adapter, 3/8 in, 1/4 in, 3/8 in","Socket Adapter, 3/8 in, 1/4 in, 3/8 in",,,,,,,,,,,,,,,,,,,,,,,,,,,Square Drive,3/8,in,Hex Drive,1/4,in,Diameter,3/8,in,Arbor,1/4,in,,,,,,,,,,,,,,,,,,,,,,,,,,,,,,,,,,,,,,,,,,,,,,,,,,,,,,,,,,,,,,,,,,,,,,,,,,,,,,,,,,,,,,,,,,,,,,,,,,,,,,,,,,,,,,,,,,,,,,,,,,,,,,,,,,,,,,,,,,,,,,27111700,,,,,,,,,,,,,,,,,,,,,,,,,,,,,,,,,,,,,,,,,,,
https://,,,,,,,,,,,DSA0500B,"DSA0500B 1/2"" Square x1/4"" Hex - Socket Adapter",,,Diablo,Freud Inc (2435),Freud Inc,Diablo,,DSA0500B,,Tools & Equipment>Power Tool Accessories>Socket Adapters,"Freud Inc Diablo, Socket Adapter, DSA0500B, 1/2 in, 1/4 in, 1/2 in",SOCKET ADAPTER 1/2IN 1/4IN 1/2IN 1/4IN,Diablo DSA0500B Socket Adapter,"Diablo Socket Adapter, 1/2 in Square Drive, 1/4 in Hex Drive, 1/2 in Diameter, 1/4 in Arbor","Socket Adapter, 1/2 in, 1/4 in, 1/2 in","Socket Adapter, 1/2 in, 1/4 in, 1/2 in",,,,,,,,,,,,,,,,,,,,,,,,,,,Square Drive,1/2,in,Hex Drive,1/4,in,Diameter,1/2,in,Arbor,1/4,in,,,,,,,,,,,,,,,,,,,,,,,,,,,,,,,,,,,,,,,,,,,,,,,,,,,,,,,,,,,,,,,,,,,,,,,,,,,,,,,,,,,,,,,,,,,,,,,,,,,,,,,,,,,,,,,,,,,,,,,,,,,,,,,,,,,,,,,,,,,,,,27111700,,,,,,,,,,,,,,,,,,,,,,,,,,,,,,,,,,,,,,,,,,,
https://westwoodlumbersales.com,,,,,,,,,,,1513577,1x8-12' Doug Fir STK Smooth 1S2E,COMMODITY - UNBRANDED,,,Westwood Lumber Sales (WESLU),Westwood Lumber Sales,COMMODITY - UNBRANDED,,1513577,,Lumber>Boards>Dimensional Lumber,"Westwood Lumber Sales COMMODITY - UNBRANDED, lumber, 1513577",LUMBER 1X8IN 12FT DOUGFIR STK SMOOTH1S2E,COMMODITY - UNBRANDED 1513577 lumber,"COMMODITY - UNBRANDED lumber, 1x8 in Nominal Size, 12 ft Length, Doug Fir, STK, Smooth 1S2E","lumber, 1x8 in, 12 ft, Doug Fir","lumber, 1x8 in, 12 ft, Doug Fir",,,,,,,,,,,,,,,,,,,,,,,,,,,Nominal Size,1x8,in,Length,12,ft,Species,Doug Fir,,Grade,STK,,Surface,Smooth 1S2E,,,,,,,,,,,,,,,,,,,,,,,,,,,,,,,,,,,,,,,,,,,,,,,,,,,,,,,,,,,,,,,,,,,,,,,,,,,,,,,,,,,,,,,,,,,,,,,,,,,,,,,,,,,,,,,,,,,,,,,,,,,,,,,,,,,,,,,,,,,,30103600,,,,,,,,,,,,,,,,,,,,,,,,,,,,,,,,,,,,,,,,,,,
https://westwoodlumbersales.com,,,,,,,,,,,1513578,1x8-16' Doug Fir STK Smooth 1S2E,COMMODITY - UNBRANDED,,,Westwood Lumber Sales (WESLU),Westwood Lumber Sales,COMMODITY - UNBRANDED,,1513578,,Lumber>Boards>Dimensional Lumber,"Westwood Lumber Sales COMMODITY - UNBRANDED, lumber, 1513578",LUMBER 1X8IN 16FT DOUGFIR STK SMOOTH1S2E,COMMODITY - UNBRANDED 1513578 lumber,"COMMODITY - UNBRANDED lumber, 1x8 in Nominal Size, 16 ft Length, Doug Fir, STK, Smooth 1S2E","lumber, 1x8 in, 16 ft, Doug Fir","lumber, 1x8 in, 16 ft, Doug Fir",,,,,,,,,,,,,,,,,,,,,,,,,,,Nominal Size,1x8,in,Length,16,ft,Species,Doug Fir,,Grade,STK,,Surface,Smooth 1S2E,,,,,,,,,,,,,,,,,,,,,,,,,,,,,,,,,,,,,,,,,,,,,,,,,,,,,,,,,,,,,,,,,,,,,,,,,,,,,,,,,,,,,,,,,,,,,,,,,,,,,,,,,,,,,,,,,,,,,,,,,,,,,,,,,,,,,,,,,,,,30103600,,,,,,,,,,,,,,,,,,,,,,,,,,,,,,,,,,,,,,,,,,,
https://westwoodlumbersales.com,,,,,,,,,,,1513579,1x12-12 'Doug Fir STK Smooth 1S2E,COMMODITY - UNBRANDED,,,Westwood Lumber Sales (WESLU),Westwood Lumber Sales,COMMODITY - UNBRANDED,,1513579,,Lumber>Boards>Dimensional Lumber,"Westwood Lumber Sales COMMODITY - UNBRANDED, lumber, 1513579",LUMBER 1X12IN 12FT DOUGFIR STK,COMMODITY - UNBRANDED 1513579 lumber,"COMMODITY - UNBRANDED lumber, 1x12 in Nominal Size, 12 ft Length, Doug Fir, STK, Smooth 1S2E","lumber, 1x12 in, 12 ft, Doug Fir","lumber, 1x12 in, 12 ft, Doug Fir",,,,,,,,,,,,,,,,,,,,,,,,,,,Nominal Size,1x12,in,Length,12,ft,Species,Doug Fir,,Grade,STK,,Surface,Smooth 1S2E,,,,,,,,,,,,,,,,,,,,,,,,,,,,,,,,,,,,,,,,,,,,,,,,,,,,,,,,,,,,,,,,,,,,,,,,,,,,,,,,,,,,,,,,,,,,,,,,,,,,,,,,,,,,,,,,,,,,,,,,,,,,,,,,,,,,,,,,,,,,30103600,,,,,,,,,,,,,,,,,,,,,,,,,,,,,,,,,,,,,,,,,,,
https://westwoodlumbersales.com,,,,,,,,,,,1513580,1x12-16' Doug Fir STK Smooth 1S2E,COMMODITY - UNBRANDED,,,Westwood Lumber Sales (WESLU),Westwood Lumber Sales,COMMODITY - UNBRANDED,,1513580,,Lumber>Boards>Dimensional Lumber,"Westwood Lumber Sales COMMODITY - UNBRANDED, lumber, 1513580",LUMBER 1X12IN 16FT DOUGFIR STK,COMMODITY - UNBRANDED 1513580 lumber,"COMMODITY - UNBRANDED lumber, 1x12 in Nominal Size, 16 ft Length, Doug Fir, STK, Smooth 1S2E","lumber, 1x12 in, 16 ft, Doug Fir","lumber, 1x12 in, 16 ft, Doug Fir",,,,,,,,,,,,,,,,,,,,,,,,,,,Nominal Size,1x12,in,Length,16,ft,Species,Doug Fir,,Grade,STK,,Surface,Smooth 1S2E,,,,,,,,,,,,,,,,,,,,,,,,,,,,,,,,,,,,,,,,,,,,,,,,,,,,,,,,,,,,,,,,,,,,,,,,,,,,,,,,,,,,,,,,,,,,,,,,,,,,,,,,,,,,,,,,,,,,,,,,,,,,,,,,,,,,,,,,,,,,30103600,,,,,,,,,,,,,,,,,,,,,,,,,,,,,,,,,,,,,,,,,,,
https://,,,,,,,,,,,DBD090094101F,"DBD090094101F Diablo 9"" - Metal Cut-Off Disc",,,,Freud Inc (2435),Freud Inc,Diablo,Diablo,DBD090094101F,,Power Tools & Accessories>Abrasives>Cut-Off Wheels,"Freud Inc Diablo, Cut-Off Disc, DBD090094101F, 9 in",CUT-OFF DISC 9IN,Diablo DBD090094101F Cut-Off Disc,"Diablo Cut-Off Disc, 9 in diameter","Cut-Off Disc, 9 in","Cut-Off Disc, 9 in",,,,,,,,,,,,,,,,,,,,,,,,,,,diameter,9,in,,,,,,,,,,,,,,,,,,,,,,,,,,,,,,,,,,,,,,,,,,,,,,,,,,,,,,,,,,,,,,,,,,,,,,,,,,,,,,,,,,,,,,,,,,,,,,,,,,,,,,,,,,,,,,,,,,,,,,,,,,,,,,,,,,,,,,,,,,,,,,,,,,,,,,,31191500,,,,,,,,,,,,,,,,,,,,,,,,,,,,,,,,,,,,,,,,,,,
https://,,,,,,,,,,,DBDS12125A01F,"DBDS12125A01F Diablo 12"" - Steel Demon Metal Cut-Off Disc",,,,Freud Inc (2435),Freud Inc,Diablo,Diablo,DBDS12125A01F,,Power Tools & Accessories>Abrasives>Cut-Off Wheels,"Freud Inc Diablo, Cut-Off Disc, Steel Demon, DBDS12125A01F, 12 in",CUT-OFF DISC 12IN,Diablo Steel Demon DBDS12125A01F Cut-Off Disc,"Diablo Cut-Off Disc, Steel Demon, 12 in diameter","Steel Demon Cut-Off Disc, 12 in","Steel Demon Cut-Off Disc, 12 in",,,,,,,,,,,,,,,,,,,,,,,,,,,diameter,12,in,,,,,,,,,,,,,,,,,,,,,,,,,,,,,,,,,,,,,,,,,,,,,,,,,,,,,,,,,,,,,,,,,,,,,,,,,,,,,,,,,,,,,,,,,,,,,,,,,,,,,,,,,,,,,,,,,,,,,,,,,,,,,,,,,,,,,,,,,,,,,,,,,,,,,,,31191500,,,,,,,,,,,,,,,,,,,,,,,,,,,,,,,,,,,,,,,,,,,
https://,,,,,,,,,,,DBDS12125G01F,"DBDS12125G01F Diablo 12""x20mm - Speed Demon Metal Cut-Off Disc",,,,Freud Inc (2435),Freud Inc,Diablo,Diablo,DBDS12125G01F,,Power Tools & Accessories>Abrasives>Cut-Off Wheels,"Freud Inc Diablo, Cut-Off Disc, Speed Demon, DBDS12125G01F, 12 in, 20 mm",CUT-OFF DISC 12IN 20MM,Diablo Speed Demon DBDS12125G01F Cut-Off Disc,"Diablo Cut-Off Disc, Speed Demon, 12 in diameter, 20 mm arbor","Speed Demon Cut-Off Disc, 12 in, 20 mm","Speed Demon Cut-Off Disc, 12 in, 20 mm",,,,,,,,,,,,,,,,,,,,,,,,,,,diameter,12,in,arbor,20,mm,,,,,,,,,,,,,,,,,,,,,,,,,,,,,,,,,,,,,,,,,,,,,,,,,,,,,,,,,,,,,,,,,,,,,,,,,,,,,,,,,,,,,,,,,,,,,,,,,,,,,,,,,,,,,,,,,,,,,,,,,,,,,,,,,,,,,,,,,,,,,,,,,,,,31191500,,,,,,,,,,,,,,,,,,,,,,,,,,,,,,,,,,,,,,,,,,,
https://,,,,,,,,,,,DBDS14125G01F,"DBDS14125G01F Diablo 14""x20mm - Steel Demon Metal Cut-Off Disc",,,,Freud Inc (2435),Freud Inc,Diablo,Diablo,DBDS14125G01F,,Power Tools & Accessories>Abrasives>Cut-Off Wheels,"Freud Inc Diablo, Cut-Off Disc, Steel Demon, DBDS14125G01F, 14 in, 20 mm",CUT-OFF DISC 14IN 20MM,Diablo Steel Demon DBDS14125G01F Cut-Off Disc,"Diablo Cut-Off Disc, Steel Demon, 14 in diameter, 20 mm arbor","Steel Demon Cut-Off Disc, 14 in, 20 mm","Steel Demon Cut-Off Disc, 14 in, 20 mm",,,,,,,,,,,,,,,,,,,,,,,,,,,diameter,14,in,arbor,20,mm,,,,,,,,,,,,,,,,,,,,,,,,,,,,,,,,,,,,,,,,,,,,,,,,,,,,,,,,,,,,,,,,,,,,,,,,,,,,,,,,,,,,,,,,,,,,,,,,,,,,,,,,,,,,,,,,,,,,,,,,,,,,,,,,,,,,,,,,,,,,,,,,,,,,31191500,,,,,,,,,,,,,,,,,,,,,,,,,,,,,,,,,,,,,,,,,,,
https://,,,,,,,,,,,ASH-40-40-04,1.5x1.5x13' Legacy Emseal Tape,,,,Emseal Joint Systems Ltd (EMSJO),Emseal Joint Systems Ltd,Emseal,Emseal,ASH-40-40-04,,Building Materials>Construction Supplies>Sealants,"Emseal Joint Systems Ltd Emseal, Tape, Legacy Emseal, ASH-40-40-04",TAPE 1.5IN 1.5IN 13FT,Emseal Legacy Emseal ASH-40-40-04 Tape,"Emseal Tape, Legacy Emseal, 1.5 in width, 1.5 in height, 13 ft length","Legacy Emseal Tape, 1.5 in, 1.5 in, 13 ft","Legacy Emseal Tape, 1.5 in, 1.5 in, 13 ft",,,,,,,,,,,,,,,,,,,,,,,,,,,width,1.5,in,height,1.5,in,length,13,ft,,,,,,,,,,,,,,,,,,,,,,,,,,,,,,,,,,,,,,,,,,,,,,,,,,,,,,,,,,,,,,,,,,,,,,,,,,,,,,,,,,,,,,,,,,,,,,,,,,,,,,,,,,,,,,,,,,,,,,,,,,,,,,,,,,,,,,,,,,,,,,,,,31201600,,,,,,,,,,,,,,,,,,,,,,,,,,,,,,,,,,,,,,,,,,,
https://,,,,,,,,,,,73012503,4x4 Water Heater Heritage Post Trim RDI,,,,,RDI,RDI,RDI,73012503,,Building Materials>Railing Systems>Railing Accessories,"RDI, post trim, Heritage, 73012503, 4x4",POST TRIM 4X4,"RDI Heritage 73012503 post trim, 4x4","RDI post trim, Heritage, 4x4","Heritage post trim, 4x4","Heritage post trim, 4x4",,,,,,,,,,,,,,,,,,,,,,,,,,,Size,4x4,,,,,,,,,,,,,,,,,,,,,,,,,,,,,,,,,,,,,,,,,,,,,,,,,,,,,,,,,,,,,,,,,,,,,,,,,,,,,,,,,,,,,,,,,,,,,,,,,,,,,,,,,,,,,,,,,,,,,,,,,,,,,,,,,,,,,,,,,,,,,,,,,,,,,,,,30152002,,,,,,,,,,,,,,,,,,,,,,,,,,,,,,,,,,,,,,,,,,,
https://,,,,,,,,,,,73018131,6x6 Water Heater Elite Post Trim 4pc RDI,,,,,RDI,RDI,RDI,73018131,,Building Materials>Railing Systems>Railing Accessories,"RDI, post trim, Elite, 73018131, 6x6, 4 pc",POST TRIM 6X6 4PC,"RDI Elite 73018131 post trim, 6x6","RDI post trim, Elite, 6x6, 4 pc Pieces","Elite post trim, 6x6, 4 pc","Elite post trim, 6x6, 4 pc",,,,,,,,,,,,,,,,,,,,,,,,,,,Size,6x6,,Pieces,4,pc,,,,,,,,,,,,,,,,,,,,,,,,,,,,,,,,,,,,,,,,,,,,,,,,,,,,,,,,,,,,,,,,,,,,,,,,,,,,,,,,,,,,,,,,,,,,,,,,,,,,,,,,,,,,,,,,,,,,,,,,,,,,,,,,,,,,,,,,,,,,,,,,,,,,30152002,,,,,,,,,,,,,,,,,,,,,,,,,,,,,,,,,,,,,,,,,,,
https://,,,,,,,,,,,73018076,4x4 Water Heater Flat Post Cap RDI,,,,,,RDI,RDI,73018076,,Building Materials>Railing Systems>Railing Accessories,"RDI, post cap, 73018076, 4x4, Water Heater, Flat",POST CAP 4X4 WATERHEATER FLAT,RDI 73018076 post cap,"RDI post cap, 4x4, Water Heater, Flat","post cap, 4x4, Water Heater, Flat","post cap, 4x4, Water Heater, Flat",,,,,,,,,,,,,,,,,,,,,,,,,,,size,4x4,,color,Water Heater,,style,Flat,,,,,,,,,,,,,,,,,,,,,,,,,,,,,,,,,,,,,,,,,,,,,,,,,,,,,,,,,,,,,,,,,,,,,,,,,,,,,,,,,,,,,,,,,,,,,,,,,,,,,,,,,,,,,,,,,,,,,,,,,,,,,,,,,,,,,,,,,,,,,,,,,,30152002,,,,,,,,,,,,,,,,,,,,,,,,,,,,,,,,,,,,,,,,,,,
https://,,,,,,,,,,,61109087,Water Heater 4x4-39 Blank Post RDI,,,,,,RDI,RDI,61109087,,Building Materials>Railing Systems>Railing Posts,"RDI, post, 61109087, Water Heater, 4x4-39, Blank",POST WATERHEATER 4X4-39 BLANK,RDI 61109087 post,"RDI post, Water Heater, 4x4-39, Blank","post, Water Heater, 4x4-39, Blank","post, Water Heater, 4x4-39, Blank",,,,,,,,,,,,,,,,,,,,,,,,,,,color,Water Heater,,size,4x4-39,,type,Blank,,,,,,,,,,,,,,,,,,,,,,,,,,,,,,,,,,,,,,,,,,,,,,,,,,,,,,,,,,,,,,,,,,,,,,,,,,,,,,,,,,,,,,,,,,,,,,,,,,,,,,,,,,,,,,,,,,,,,,,,,,,,,,,,,,,,,,,,,,,,,,,,,,30152002,,,,,,,,,,,,,,,,,,,,,,,,,,,,,,,,,,,,,,,,,,,
https://hager.com,,,,,,,,,,,413S-DBA-36,"413S 36"" Alum Threshold DBZ",HAGER,,,Hager Hinge Co (4189),Hager Hinge Co,HAGER,,413S-DBA-36,,Building Materials>Doors & Windows>Door Hardware & Accessories,"Hager Hinge Co HAGER, Threshold, 413S, 413S-DBA-36, 36 in, Alum, DBZ",THRESHOLD 36IN ALUM DBZ,"HAGER 413S 413S-DBA-36 Threshold, Alum, DBZ","HAGER Threshold, 413S, 36 in Length, Alum, DBZ","413S Threshold, 36 in, Alum, DBZ","413S Threshold, 36 in, Alum, DBZ",,,,,,,,,,,,,,,,,,,,,,,,,,,Length,36,in,Material,Alum,,Color,DBZ,,,,,,,,,,,,,,,,,,,,,,,,,,,,,,,,,,,,,,,,,,,,,,,,,,,,,,,,,,,,,,,,,,,,,,,,,,,,,,,,,,,,,,,,,,,,,,,,,,,,,,,,,,,,,,,,,,,,,,,,,,,,,,,,,,,,,,,,,,,,,,,,,,30171700,,,,,,,,,,,,,,,,,,,,,,,,,,,,,,,,,,,,,,,,,,,
https://hager.com,,,,,,,,,,,413S-DBA-72,"413S 72"" Alum Threshold DBZ",HAGER,,,Hager Hinge Co (4189),Hager Hinge Co,HAGER,,413S-DBA-72,,Building Materials>Doors & Windows>Door Hardware & Accessories,"Hager Hinge Co HAGER, Threshold, 413S, 413S-DBA-72, 72 in, Alum, DBZ",THRESHOLD 72IN ALUM DBZ,"HAGER 413S 413S-DBA-72 Threshold, Alum, DBZ","HAGER Threshold, 413S, 72 in Length, Alum, DBZ","413S Threshold, 72 in, Alum, DBZ","413S Threshold, 72 in, Alum, DBZ",,,,,,,,,,,,,,,,,,,,,,,,,,,Length,72,in,Material,Alum,,Color,DBZ,,,,,,,,,,,,,,,,,,,,,,,,,,,,,,,,,,,,,,,,,,,,,,,,,,,,,,,,,,,,,,,,,,,,,,,,,,,,,,,,,,,,,,,,,,,,,,,,,,,,,,,,,,,,,,,,,,,,,,,,,,,,,,,,,,,,,,,,,,,,,,,,,,30171700,,,,,,,,,,,,,,,,,,,,,,,,,,,,,,,,,,,,,,,,,,,
https://southwire.com,,,,,,,,,,,G1941-UPC,"G1941UPC 4"" Sq Cover Sw/Outlet",,,Southwire,Southwire/g Turner (6603),Southwire/g Turner,Southwire,,G1941-UPC,,Electrical>Boxes & Covers>Box Covers,"Southwire/g Turner Southwire, Box Cover, G1941-UPC, G1941UPC, 4 in, Square Cover Sw/Outlet",BOX COVER G1941UPC 4IN,"Southwire G1941-UPC Box Cover, 4 in","Southwire Box Cover, G1941UPC, 4 in Size, Square Cover Sw/Outlet","Box Cover, G1941UPC, 4 in, Square Cover Sw/Outlet","Box Cover, G1941UPC, 4 in, Square Cover Sw/Outlet",,,,,,,,,,,,,,,,,,,,,,,,,,,Model Number,G1941UPC,,Size,4,in,Configuration,Square Cover Sw/Outlet,,,,,,,,,,,,,,,,,,,,,,,,,,,,,,,,,,,,,,,,,,,,,,,,,,,,,,,,,,,,,,,,,,,,,,,,,,,,,,,,,,,,,,,,,,,,,,,,,,,,,,,,,,,,,,,,,,,,,,,,,,,,,,,,,,,,,,,,,,,,,,,,,,39121300,,,,,,,,,,,,,,,,,,,,,,,,,,,,,,,,,,,,,,,,,,,
https://cooper.com,,,,,,,,,,,5522-5EV,5522-5EV 2 Port Decor Plate,,,,Cooper Wiring Devices (3560),Cooper Wiring Devices,Cooper Wiring Devices,,5522-5EV,,Electrical>Wiring Devices>Wall Plates,"Cooper Wiring Devices, wall plate, 5522-5EV, 5522-5EV, 2, Decorator",WALL PLATE 5522-5EV 2 DECORATOR,Cooper Wiring Devices 5522-5EV wall plate,"Cooper Wiring Devices wall plate, 5522-5EV, 2, Decorator","wall plate, 5522-5EV, 2, Decorator","wall plate, 5522-5EV, 2, Decorator",,,,,,,,,,,,,,,,,,,,,,,,,,,Model Number,5522-5EV,,Port Count,2,,Style,Decorator,,,,,,,,,,,,,,,,,,,,,,,,,,,,,,,,,,,,,,,,,,,,,,,,,,,,,,,,,,,,,,,,,,,,,,,,,,,,,,,,,,,,,,,,,,,,,,,,,,,,,,,,,,,,,,,,,,,,,,,,,,,,,,,,,,,,,,,,,,,,,,,,,,39121704,,,,,,,,,,,,,,,,,,,,,,,,,,,,,,,,,,,,,,,,,,,
https://kichler.com,,,,,,,,,,,82399,82399 Kichler Chandelier Lt,,,,Kichler Lighting (KICLI),Kichler Lighting,Kichler,Kichler,82399,,Lighting & Electrical>Lighting Fixtures>Chandeliers,"Kichler Lighting Kichler, chandelier, 82399, 82399",CHANDELIER 82399,Kichler 82399 chandelier,"Kichler chandelier, 82399","chandelier, 82399","chandelier, 82399",,,,,,,,,,,,,,,,,,,,,,,,,,,model number,82399,,,,,,,,,,,,,,,,,,,,,,,,,,,,,,,,,,,,,,,,,,,,,,,,,,,,,,,,,,,,,,,,,,,,,,,,,,,,,,,,,,,,,,,,,,,,,,,,,,,,,,,,,,,,,,,,,,,,,,,,,,,,,,,,,,,,,,,,,,,,,,,,,,,,,,,,39111504,,,,,,,,,,,,,,,,,,,,,,,,,,,,,,,,,,,,,,,,,,,
https://phillips.com,,,,,,,,,,,603571,603571 3' Strip Light Ext,,,Wiz,Phillips Lighting (5831),Phillips Lighting,Wiz,,603571,,Lighting & Fans>Indoor Lighting>Under Cabinet Lighting,"Phillips Lighting Wiz, Strip Light, 603571, 3 ft",STRIP LIGHT 3FT,Wiz 603571 Strip Light,"Wiz Strip Light, 3 ft length","Strip Light, 3 ft","Strip Light, 3 ft",,,,,,,,,,,,,,,,,,,,,,,,Under Cabinet Lighting,,,length,3,ft,,,,,,,,,,,,,,,,,,,,,,,,,,,,,,,,,,,,,,,,,,,,,,,,,,,,,,,,,,,,,,,,,,,,,,,,,,,,,,,,,,,,,,,,,,,,,,,,,,,,,,,,,,,,,,,,,,,,,,,,,,,,,,,,,,,,,,,,,,,,,,,,,,,,,,,39111500,,,,,,,,,,,,,,,,,,,,,,,,,,,,,,,,,,,,,,,,,,,
https://kichler.com,,,,,,,,,,,82400,82400 Kichler Pendant Lt,,,,Kichler Lighting (KICLI),Kichler Lighting,Kichler,Kichler,82400,,Lighting & Fans>Indoor Lighting>Pendant Lighting,"Kichler Lighting Kichler, Pendant Light, 82400, 82400",PENDANT LIGHT 82400,Kichler 82400 Pendant Light,"Kichler Pendant Light, 82400","Pendant Light, 82400","Pendant Light, 82400",,,,,,,,,,,,,,,,,,,,,,,,,,,Model Number,82400,,,,,,,,,,,,,,,,,,,,,,,,,,,,,,,,,,,,,,,,,,,,,,,,,,,,,,,,,,,,,,,,,,,,,,,,,,,,,,,,,,,,,,,,,,,,,,,,,,,,,,,,,,,,,,,,,,,,,,,,,,,,,,,,,,,,,,,,,,,,,,,,,,,,,,,,39111500,,,,,,,,,,,,,,,,,,,,,,,,,,,,,,,,,,,,,,,,,,,
https://,,,,,,,,,,,62-1788,"62-1788 19"" Ceiling Lt Black",,,,Satco Prod Inc (5573),Satco Prod Inc,Satco Prod Inc,,62-1788,,Lighting & Electrical>Lighting Fixtures>Ceiling Lights,"Satco Prod Inc, Ceiling Light, 62-1788, 62-1788, 19 in, Black",CEILING LIGHT 62-1788 19IN BLACK,"Satco Prod Inc 62-1788 Ceiling Light, 19 in, Black","Satco Prod Inc Ceiling Light, 62-1788, 19 in Size, Black","Ceiling Light, 62-1788, 19 in, Black","Ceiling Light, 62-1788, 19 in, Black",,,,,,,,,,,,,,,,,,,,,,,,,,,Model Number,62-1788,,Size,19,in,Color,Black,,,,,,,,,,,,,,,,,,,,,,,,,,,,,,,,,,,,,,,,,,,,,,,,,,,,,,,,,,,,,,,,,,,,,,,,,,,,,,,,,,,,,,,,,,,,,,,,,,,,,,,,,,,,,,,,,,,,,,,,,,,,,,,,,,,,,,,,,,,,,,,,,,39111500,,,,,,,,,,,,,,,,,,,,,,,,,,,,,,,,,,,,,,,,,,,
https://leviton.com,,,,,,,,,,,R50-0SL13-000,T50-0SL13000 1G Wallplate SS - Blank,,,Leviton,Leviton Mfg Co (4927),Leviton Mfg Co,Leviton,,R50-0SL13-000,,Electrical>Wiring Devices>Wallplates,"Leviton Mfg Co Leviton, Wallplate, R50-0SL13-000, 1, Stainless Steel, Blank",WALLPLATE 1 STAINLESSSTEEL BLANK,"Leviton R50-0SL13-000 Wallplate, Stainless Steel","Leviton Wallplate, 1, Stainless Steel, Blank","Wallplate, 1, Stainless Steel, Blank","Wallplate, 1, Stainless Steel, Blank",,,,,,,,,,,,,,,,,,,,,,,,,,,Gang,1,,Material,Stainless Steel,,Configuration,Blank,,,,,,,,,,,,,,,,,,,,,,,,,,,,,,,,,,,,,,,,,,,,,,,,,,,,,,,,,,,,,,,,,,,,,,,,,,,,,,,,,,,,,,,,,,,,,,,,,,,,,,,,,,,,,,,,,,,,,,,,,,,,,,,,,,,,,,,,,,,,,,,,,,39121704,,,,,,,,,,,,,,,,,,,,,,,,,,,,,,,,,,,,,,,,,,,
https://appliance.com,https://www.appliance.com/search?q=PB900YVFS,,,,,,,,,,PB900YVFS,"PB900YVFS Elect 30"" Range SS",,,,Appliance Dealers Cooperative (APPDE),Appliance Dealers Cooperative,Appliance Dealers Cooperative,,PB900YVFS,,Appliances & Consumer Electronics>Kitchen Appliances>Ranges,"Appliance Dealers Cooperative, electric range, PB900YVFS, PB900YVFS, 30 "", SS","ELECTRIC RANGE PB900YVFS 30"" SS","Appliance Dealers Cooperative PB900YVFS electric range, 30 ""","Appliance Dealers Cooperative electric range, PB900YVFS, 30 "" Size, SS","electric range, PB900YVFS, 30 "", SS","electric range, PB900YVFS, 30 "", SS",,,,,,,,,,,,,,,,,,,,,,,,,,,Model Number,PB900YVFS,,Size,30,"""",Finish,SS,,,,,,,,,,,,,,,,,,,,,,,,,,,,,,,,,,,,,,,,,,,,,,,,,,,,,,,,,,,,,,,,,,,,,,,,,,,,,,,,,,,,,,,,,,,,,,,,,,,,,,,,,,,,,,,,,,,,,,,,,,,,,,,,,,,,,,,,,,,,,,,,,,52141505,,,,,,,,,,,,,,,,,,,,,,,,,,,,,,,,,,,,,,,,,,,
https://appliance.com,https://www.appliance.com/search?q=SLER30524SS,,,,,,,,,,SLER30524SS,"SLER30524SS 30"" Elect Range SS",,,,Appliance Dealers Cooperative (APPDE),Appliance Dealers Cooperative,Appliance Dealers Cooperative,,SLER30524SS,,Appliances & Consumer Electronics>Kitchen Appliances>Ranges,"Appliance Dealers Cooperative, electric range, SLER30524SS, SLER30524SS, 30 "", SS","ELECTRIC RANGE SLER30524SS 30"" SS","Appliance Dealers Cooperative SLER30524SS electric range, 30 ""","Appliance Dealers Cooperative electric range, SLER30524SS, 30 "" Size, SS","electric range, SLER30524SS, 30 "", SS","electric range, SLER30524SS, 30 "", SS",,,,,,,,,,,,,,,,,,,,,,,,,,,Model Number,SLER30524SS,,Size,30,"""",Finish,SS,,,,,,,,,,,,,,,,,,,,,,,,,,,,,,,,,,,,,,,,,,,,,,,,,,,,,,,,,,,,,,,,,,,,,,,,,,,,,,,,,,,,,,,,,,,,,,,,,,,,,,,,,,,,,,,,,,,,,,,,,,,,,,,,,,,,,,,,,,,,,,,,,,52141505,,,,,,,,,,,,,,,,,,,,,,,,,,,,,,,,,,,,,,,,,,,
https://,,,,,,,,,,,K527APBXR,"K527APBXR Senco .131x3"" SM BB - 500CT",,,,Senco Products Inc (4650),Senco Products Inc,Senco,Senco,K527APBXR,,Hardware>Fasteners>Nails,"Senco Products Inc Senco, Nails, K527APBXR, .131 in, 3 in, 500 CT",NAILS .131IN 3IN 500CT,Senco K527APBXR Nails,"Senco Nails, .131 in Diameter, 3 in Length, 500 CT Quantity","Nails, .131 in, 3 in, 500 CT","Nails, .131 in, 3 in, 500 CT",,,,,,,,,,,,,,,,,,,,,,,,,,,Diameter,.131,in,Length,3,in,Quantity,500,CT,,,,,,,,,,,,,,,,,,,,,,,,,,,,,,,,,,,,,,,,,,,,,,,,,,,,,,,,,,,,,,,,,,,,,,,,,,,,,,,,,,,,,,,,,,,,,,,,,,,,,,,,,,,,,,,,,,,,,,,,,,,,,,,,,,,,,,,,,,,,,,,,,31162000,,,,,,,,,,,,,,,,,,,,,,,,,,,,,,,,,,,,,,,,,,,
https://hunter.com,,,,,,,,,,,51334,"51334 44"" Water Heater Gilmour Fan",,,,Hunter Fan Co (4381),Hunter Fan Co,Hunter,Hunter,51334,,Home Decor>Lighting & Fans>Ceiling Fans,"Hunter Fan Co Hunter, Fan, Gilmour, 51334, 44 in",FAN 44IN,"Hunter Gilmour 51334 Fan, 44 in","Hunter Fan, Gilmour, 44 in Size","Gilmour Fan, 44 in","Gilmour Fan, 44 in",,,,,,,,,,,,,,,,,,,,,,,,,,,Size,44,in,,,,,,,,,,,,,,,,,,,,,,,,,,,,,,,,,,,,,,,,,,,,,,,,,,,,,,,,,,,,,,,,,,,,,,,,,,,,,,,,,,,,,,,,,,,,,,,,,,,,,,,,,,,,,,,,,,,,,,,,,,,,,,,,,,,,,,,,,,,,,,,,,,,,,,,40101602,,,,,,,,,,,,,,,,,,,,,,,,,,,,,,,,,,,,,,,,,,,
https://hunter.com,,,,,,,,,,,59210,"59210 52"" BZ Sent Hunter Fan",,,Hunter,Hunter Fan Co (4381),Hunter Fan Co,Hunter,Hunter,59210,,Home Decor>Lighting & Fans>Ceiling Fans,"Hunter Fan Co Hunter, Fan, Sent, 59210, 52 in",FAN 52IN,"Hunter Sent 59210 Fan, 52 in","Hunter Fan, Sent, 52 in Size","Sent Fan, 52 in","Sent Fan, 52 in",,,,,,,,,,,,,,,,,,,,,,,,,,,Size,52,in,,,,,,,,,,,,,,,,,,,,,,,,,,,,,,,,,,,,,,,,,,,,,,,,,,,,,,,,,,,,,,,,,,,,,,,,,,,,,,,,,,,,,,,,,,,,,,,,,,,,,,,,,,,,,,,,,,,,,,,,,,,,,,,,,,,,,,,,,,,,,,,,,,,,,,,40101602,,,,,,,,,,,,,,,,,,,,,,,,,,,,,,,,,,,,,,,,,,,
https://hunter.com,,,,,,,,,,,52485,"52485 52"" MB Anisten Fan",,,,Hunter Fan Co (4381),Hunter Fan Co,Hunter,Hunter,52485,,Home Decor>Lighting & Fans>Ceiling Fans,"Hunter Fan Co Hunter, Fan, Anisten, 52485, 52 in",FAN 52IN,"Hunter Anisten 52485 Fan, 52 in","Hunter Fan, Anisten, 52 in Size","Anisten Fan, 52 in","Anisten Fan, 52 in",,,,,,,,,,,,,,,,,,,,,,,,,,,Size,52,in,,,,,,,,,,,,,,,,,,,,,,,,,,,,,,,,,,,,,,,,,,,,,,,,,,,,,,,,,,,,,,,,,,,,,,,,,,,,,,,,,,,,,,,,,,,,,,,,,,,,,,,,,,,,,,,,,,,,,,,,,,,,,,,,,,,,,,,,,,,,,,,,,,,,,,,40101602,,,,,,,,,,,,,,,,,,,,,,,,,,,,,,,,,,,,,,,,,,,
https://hunter.com,,,,,,,,,,,52486,"52486 44"" MB Anisten Fan",,,,Hunter Fan Co (4381),Hunter Fan Co,Hunter,Hunter,52486,,Home Decor>Lighting & Fans>Ceiling Fans,"Hunter Fan Co Hunter, Ceiling Fan, Anisten, 52486, 52486, 44 in",CEILING FAN 52486 44IN,Hunter Anisten 52486 Ceiling Fan,"Hunter Ceiling Fan, Anisten, 52486, 44 in Blade Span","Anisten Ceiling Fan, 52486, 44 in","Anisten Ceiling Fan, 52486, 44 in",,,,,,,,,,,,,,,,,,,,,,,,,,,Model Number,52486,,Blade Span,44,in,,,,,,,,,,,,,,,,,,,,,,,,,,,,,,,,,,,,,,,,,,,,,,,,,,,,,,,,,,,,,,,,,,,,,,,,,,,,,,,,,,,,,,,,,,,,,,,,,,,,,,,,,,,,,,,,,,,,,,,,,,,,,,,,,,,,,,,,,,,,,,,,,,,,40101602,,,,,,,,,,,,,,,,,,,,,,,,,,,,,,,,,,,,,,,,,,,
https://hunter.com,,,,,,,,,,,52487,"52487 52"" Water Heater Anisten Fan",,,,Hunter Fan Co (4381),Hunter Fan Co,Hunter,Hunter,52487,,Home Decor>Lighting & Fans>Ceiling Fans,"Hunter Fan Co Hunter, Ceiling Fan, Anisten, 52487, 52487, 52 in",CEILING FAN 52487 52IN,Hunter Anisten 52487 Ceiling Fan,"Hunter Ceiling Fan, Anisten, 52487, 52 in Blade Span","Anisten Ceiling Fan, 52487, 52 in","Anisten Ceiling Fan, 52487, 52 in",,,,,,,,,,,,,,,,,,,,,,,,,,,Model Number,52487,,Blade Span,52,in,,,,,,,,,,,,,,,,,,,,,,,,,,,,,,,,,,,,,,,,,,,,,,,,,,,,,,,,,,,,,,,,,,,,,,,,,,,,,,,,,,,,,,,,,,,,,,,,,,,,,,,,,,,,,,,,,,,,,,,,,,,,,,,,,,,,,,,,,,,,,,,,,,,,40101602,,,,,,,,,,,,,,,,,,,,,,,,,,,,,,,,,,,,,,,,,,,
https://hunter.com,,,,,,,,,,,52488,"52488 44"" Water Heater Anisten Fan",,,,Hunter Fan Co (4381),Hunter Fan Co,Hunter,Hunter,52488,,Home Decor>Lighting & Fans>Ceiling Fans,"Hunter Fan Co Hunter, Ceiling Fan, Anisten, 52488, 52488, 44 in",CEILING FAN 52488 44IN,Hunter Anisten 52488 Ceiling Fan,"Hunter Ceiling Fan, Anisten, 52488, 44 in Blade Span","Anisten Ceiling Fan, 52488, 44 in","Anisten Ceiling Fan, 52488, 44 in",,,,,,,,,,,,,,,,,,,,,,,,,,,Model Number,52488,,Blade Span,44,in,,,,,,,,,,,,,,,,,,,,,,,,,,,,,,,,,,,,,,,,,,,,,,,,,,,,,,,,,,,,,,,,,,,,,,,,,,,,,,,,,,,,,,,,,,,,,,,,,,,,,,,,,,,,,,,,,,,,,,,,,,,,,,,,,,,,,,,,,,,,,,,,,,,,40101602,,,,,,,,,,,,,,,,,,,,,,,,,,,,,,,,,,,,,,,,,,,
https://hunter.com,,,,,,,,,,,52655,"52655 52"" MB Xidane Hunter Fan",,,,Hunter Fan Co (4381),Hunter Fan Co,Hunter,Hunter,52655,,Home Decor>Lighting & Fans>Ceiling Fans,"Hunter Fan Co Hunter, Ceiling Fan, Xidane, 52655, 52655, 52 in",CEILING FAN 52655 52IN,Hunter Xidane 52655 Ceiling Fan,"Hunter Ceiling Fan, Xidane, 52655, 52 in Blade Span","Xidane Ceiling Fan, 52655, 52 in","Xidane Ceiling Fan, 52655, 52 in",,,,,,,,,,,,,,,,,,,,,,,,,,,Model Number,52655,,Blade Span,52,in,,,,,,,,,,,,,,,,,,,,,,,,,,,,,,,,,,,,,,,,,,,,,,,,,,,,,,,,,,,,,,,,,,,,,,,,,,,,,,,,,,,,,,,,,,,,,,,,,,,,,,,,,,,,,,,,,,,,,,,,,,,,,,,,,,,,,,,,,,,,,,,,,,,,40101602,,,,,,,,,,,,,,,,,,,,,,,,,,,,,,,,,,,,,,,,,,,
https://hunter.com,,,,,,,,,,,59261,"59261 52"" PB Cassius Fan",,,,Hunter Fan Co (4381),Hunter Fan Co,Hunter,Hunter,59261,,Home Decor>Lighting & Fans>Ceiling Fans,"Hunter Fan Co Hunter, Ceiling Fan, Cassius, 59261, 59261, 52 in",CEILING FAN 59261 52IN,Hunter Cassius 59261 Ceiling Fan,"Hunter Ceiling Fan, Cassius, 59261, 52 in Blade Span","Cassius Ceiling Fan, 59261, 52 in","Cassius Ceiling Fan, 59261, 52 in",,,,,,,,,,,,,,,,,,,,,,,,,,,Model Number,59261,,Blade Span,52,in,,,,,,,,,,,,,,,,,,,,,,,,,,,,,,,,,,,,,,,,,,,,,,,,,,,,,,,,,,,,,,,,,,,,,,,,,,,,,,,,,,,,,,,,,,,,,,,,,,,,,,,,,,,,,,,,,,,,,,,,,,,,,,,,,,,,,,,,,,,,,,,,,,,,40101602,,,,,,,,,,,,,,,,,,,,,,,,,,,,,,,,,,,,,,,,,,,
https://hunter.com,,,,,,,,,,,51731,"51731 52"" MB Jetty Hunter Fan",,,,Hunter Fan Co (4381),Hunter Fan Co,Hunter,Hunter,51731,,Home Decor>Lighting & Fans>Ceiling Fans,"Hunter Fan Co Hunter, Ceiling Fan, Jetty, 51731, 51731, 52 in",CEILING FAN 51731 52IN,Hunter Jetty 51731 Ceiling Fan,"Hunter Ceiling Fan, Jetty, 51731, 52 in Blade Span","Jetty Ceiling Fan, 51731, 52 in","Jetty Ceiling Fan, 51731, 52 in",,,,,,,,,,,,,,,,,,,,,,,,,,,Model Number,51731,,Blade Span,52,in,,,,,,,,,,,,,,,,,,,,,,,,,,,,,,,,,,,,,,,,,,,,,,,,,,,,,,,,,,,,,,,,,,,,,,,,,,,,,,,,,,,,,,,,,,,,,,,,,,,,,,,,,,,,,,,,,,,,,,,,,,,,,,,,,,,,,,,,,,,,,,,,,,,,40101602,,,,,,,,,,,,,,,,,,,,,,,,,,,,,,,,,,,,,,,,,,,
https://,,,,,,,,,,,1046793,1046793 Smoke & CO Alarm,,,First Alert,First Alert - B R K Brands (2754),First Alert - B R K Brands,First Alert,First Alert,1046793,,Safety & Security>Fire Protection>Smoke Detectors,"First Alert - B R K Brands First Alert, Smoke & CO Alarm, 1046793",SMOKE & CO ALARM 1046793,First Alert 1046793 Smoke & CO Alarm,"First Alert Smoke & CO Alarm, 1046793","Smoke & CO Alarm, 1046793","Smoke & CO Alarm, 1046793",,,,,,,,,,,,,,,,,,,,,,,,,,,Model Number,1046793,,,,,,,,,,,,,,,,,,,,,,,,,,,,,,,,,,,,,,,,,,,,,,,,,,,,,,,,,,,,,,,,,,,,,,,,,,,,,,,,,,,,,,,,,,,,,,,,,,,,,,,,,,,,,,,,,,,,,,,,,,,,,,,,,,,,,,,,,,,,,,,,,,,,,,,,46191502,,,,,,,,,,,,,,,,,,,,,,,,,,,,,,,,,,,,,,,,,,,
https://,,,,,,,,,,,1046870,1046870 Smoke & CO Alarm,,,BRK,First Alert - B R K Brands (2754),First Alert - B R K Brands,First Alert,First Alert,1046870,,Safety & Security>Fire Protection>Smoke Detectors,"First Alert - B R K Brands First Alert, Smoke & CO Alarm, 1046870",SMOKE & CO ALARM 1046870,First Alert 1046870 Smoke & CO Alarm,"First Alert Smoke & CO Alarm, 1046870","Smoke & CO Alarm, 1046870","Smoke & CO Alarm, 1046870",,,,,,,,,,,,,,,,,,,,,,,,,,,Model Number,1046870,,,,,,,,,,,,,,,,,,,,,,,,,,,,,,,,,,,,,,,,,,,,,,,,,,,,,,,,,,,,,,,,,,,,,,,,,,,,,,,,,,,,,,,,,,,,,,,,,,,,,,,,,,,,,,,,,,,,,,,,,,,,,,,,,,,,,,,,,,,,,,,,,,,,,,,,46191502,,,,,,,,,,,,,,,,,,,,,,,,,,,,,,,,,,,,,,,,,,,
https://,,,,,,,,,,,35112,35112 Mason Line Twist Yellow - 270',,,,U S Tape Company (6694),U S Tape Company,U S Tape Company,,35112,,Tools>Hand Tools>Masonry Tools,"U S Tape Company, Mason Line, 35112, Twist, Yellow, 270 ft",MASON LINE TWIST YELLOW 270FT,"U S Tape Company 35112 Mason Line, Yellow","U S Tape Company Mason Line, Twist, Yellow, 270 ft Length","Mason Line, Twist, Yellow, 270 ft","Mason Line, Twist, Yellow, 270 ft",,,,,,,,,,,,,,,,,,,,,,,,,,,Style,Twist,,Color,Yellow,,Length,270,ft,,,,,,,,,,,,,,,,,,,,,,,,,,,,,,,,,,,,,,,,,,,,,,,,,,,,,,,,,,,,,,,,,,,,,,,,,,,,,,,,,,,,,,,,,,,,,,,,,,,,,,,,,,,,,,,,,,,,,,,,,,,,,,,,,,,,,,,,,,,,,,,,,27111900,,,,,,,,,,,,,,,,,,,,,,,,,,,,,,,,,,,,,,,,,,,
https://,,,,,,,,,,,35115,35115 Mason Line Twist Green - 270',,,,U S Tape Company (6694),U S Tape Company,U S Tape Company,,35115,,Tools>Hand Tools>Masonry Tools,"U S Tape Company, Mason Line, 35115, Twist, Green, 270 ft",MASON LINE TWIST GREEN 270FT,"U S Tape Company 35115 Mason Line, Green","U S Tape Company Mason Line, Twist, Green, 270 ft Length","Mason Line, Twist, Green, 270 ft","Mason Line, Twist, Green, 270 ft",,,,,,,,,,,,,,,,,,,,,,,,,,,Style,Twist,,Color,Green,,Length,270,ft,,,,,,,,,,,,,,,,,,,,,,,,,,,,,,,,,,,,,,,,,,,,,,,,,,,,,,,,,,,,,,,,,,,,,,,,,,,,,,,,,,,,,,,,,,,,,,,,,,,,,,,,,,,,,,,,,,,,,,,,,,,,,,,,,,,,,,,,,,,,,,,,,27111900,,,,,,,,,,,,,,,,,,,,,,,,,,,,,,,,,,,,,,,,,,,
https://,,,,,,,,,,,35468,35468 Mason Line Brd Green - 500' Replacement,,,,U S Tape Company (6694),U S Tape Company,U S Tape Company,,35468,,Tools>Hand Tools>Masonry Tools,"U S Tape Company, Mason Line, 35468, Green, 500 ft, Replacement",MASON LINE GREEN 500FT REPLACEMENT,"U S Tape Company 35468 Mason Line, Green","U S Tape Company Mason Line, Green, 500 ft Length, Replacement","Mason Line, Green, 500 ft, Replacement","Mason Line, Green, 500 ft, Replacement",,,,,,,,,,,,,,,,,,,,,,,,,,,Color,Green,,Length,500,ft,Type,Replacement,,,,,,,,,,,,,,,,,,,,,,,,,,,,,,,,,,,,,,,,,,,,,,,,,,,,,,,,,,,,,,,,,,,,,,,,,,,,,,,,,,,,,,,,,,,,,,,,,,,,,,,,,,,,,,,,,,,,,,,,,,,,,,,,,,,,,,,,,,,,,,,,,,27111900,,,,,,,,,,,,,,,,,,,,,,,,,,,,,,,,,,,,,,,,,,,
https://,,,,,,,,,,,35494,35494 Mason Line Brd Black/Yellw - 500' Replacement,,,,U S Tape Company (6694),U S Tape Company,U S Tape Company,,35494,,Tools>Hand Tools>Masonry Tools,"U S Tape Company, Mason Line, 35494, Black/Yellw, 500 ft, Replacement",MASON LINE BLACK/YELLW 500FT REPLACEMENT,"U S Tape Company 35494 Mason Line, Black/Yellw","U S Tape Company Mason Line, Black/Yellw, 500 ft Length, Replacement","Mason Line, Black/Yellw, 500 ft, Replacement","Mason Line, Black/Yellw, 500 ft, Replacement",,,,,,,,,,,,,,,,,,,,,,,,,,,Color,Black/Yellw,,Length,500,ft,Type,Replacement,,,,,,,,,,,,,,,,,,,,,,,,,,,,,,,,,,,,,,,,,,,,,,,,,,,,,,,,,,,,,,,,,,,,,,,,,,,,,,,,,,,,,,,,,,,,,,,,,,,,,,,,,,,,,,,,,,,,,,,,,,,,,,,,,,,,,,,,,,,,,,,,,,27111900,,,,,,,,,,,,,,,,,,,,,,,,,,,,,,,,,,,,,,,,,,,
https://,,,,,,,,,,,MLSQ0120,"MLSQ0120 Milwaukee 12"" RafterSquare",,,,Milwaukee Accessory (4031),Milwaukee Accessory,Milwaukee,Milwaukee,MLSQ0120,,Tools>Measuring & Layout Tools>Squares,"Milwaukee Accessory Milwaukee, Rafter Square, MLSQ0120, 12 in",RAFTER SQUARE 12IN,"Milwaukee MLSQ0120 Rafter Square, 12 in","Milwaukee Rafter Square, 12 in Size","Rafter Square, 12 in","Rafter Square, 12 in",,,,,,,,,,,,,,,,,,,,,,,,,,,Size,12,in,,,,,,,,,,,,,,,,,,,,,,,,,,,,,,,,,,,,,,,,,,,,,,,,,,,,,,,,,,,,,,,,,,,,,,,,,,,,,,,,,,,,,,,,,,,,,,,,,,,,,,,,,,,,,,,,,,,,,,,,,,,,,,,,,,,,,,,,,,,,,,,,,,,,,,,27111803,,,,,,,,,,,,,,,,,,,,,,,,,,,,,,,,,,,,,,,,,,,
https://,,,,,,,,,,,DPH12B,"DPH12B 2"" #1 Phillips Drive - Bit",,,Diablo,Freud Inc (2435),Freud Inc,Diablo,,DPH12B,,Tools & Hardware>Power Tool Accessories>Screwdriver Bits,"Freud Inc Diablo, drive bit, DPH12B, DPH12B, 2 "", #1 Phillips","DRIVE BIT DPH12B 2"" #1PHILLIPS",Diablo DPH12B drive bit,"Diablo drive bit, DPH12B, 2 "" length, #1 Phillips","drive bit, DPH12B, 2 "", #1 Phillips","drive bit, DPH12B, 2 "", #1 Phillips",,,,,,,,,,,,,,,,,,,,,,,,,,,model,DPH12B,,length,2,"""",drive type,#1 Phillips,,,,,,,,,,,,,,,,,,,,,,,,,,,,,,,,,,,,,,,,,,,,,,,,,,,,,,,,,,,,,,,,,,,,,,,,,,,,,,,,,,,,,,,,,,,,,,,,,,,,,,,,,,,,,,,,,,,,,,,,,,,,,,,,,,,,,,,,,,,,,,,,,,27112801,,,,,,,,,,,,,,,,,,,,,,,,,,,,,,,,,,,,,,,,,,,
https://,,,,,,,,,,,DPH135B,"DPH135B 3-1/2"" #1 Phillips - Drive Bit",,,Diablo,Freud Inc (2435),Freud Inc,Diablo,,DPH135B,,Tools & Hardware>Power Tool Accessories>Screwdriver Bits,"Freud Inc Diablo, drive bit, DPH135B, DPH135B, 3-1/2 "", #1 Phillips","DRIVE BIT DPH135B 3-1/2"" #1PHILLIPS",Diablo DPH135B drive bit,"Diablo drive bit, DPH135B, 3-1/2 "" length, #1 Phillips","drive bit, DPH135B, 3-1/2 "", #1 Phillips","drive bit, DPH135B, 3-1/2 "", #1 Phillips",,,,,,,,,,,,,,,,,,,,,,,,,,,model,DPH135B,,length,3-1/2,"""",drive type,#1 Phillips,,,,,,,,,,,,,,,,,,,,,,,,,,,,,,,,,,,,,,,,,,,,,,,,,,,,,,,,,,,,,,,,,,,,,,,,,,,,,,,,,,,,,,,,,,,,,,,,,,,,,,,,,,,,,,,,,,,,,,,,,,,,,,,,,,,,,,,,,,,,,,,,,,27112801,,,,,,,,,,,,,,,,,,,,,,,,,,,,,,,,,,,,,,,,,,,
https://,,,,,,,,,,,DPH21B,"DPH21B 1"" #2 Phillips Drive - Bit",,,Diablo,Freud Inc (2435),Freud Inc,Diablo,,DPH21B,,Tools & Hardware>Power Tool Accessories>Screwdriver Bits,"Freud Inc Diablo, drive bit, DPH21B, DPH21B, 1 "", #2 Phillips","DRIVE BIT DPH21B 1"" #2PHILLIPS",Diablo DPH21B drive bit,"Diablo drive bit, DPH21B, 1 "" length, #2 Phillips","drive bit, DPH21B, 1 "", #2 Phillips","drive bit, DPH21B, 1 "", #2 Phillips",,,,,,,,,,,,,,,,,,,,,,,,,,,model,DPH21B,,length,1,"""",drive type,#2 Phillips,,,,,,,,,,,,,,,,,,,,,,,,,,,,,,,,,,,,,,,,,,,,,,,,,,,,,,,,,,,,,,,,,,,,,,,,,,,,,,,,,,,,,,,,,,,,,,,,,,,,,,,,,,,,,,,,,,,,,,,,,,,,,,,,,,,,,,,,,,,,,,,,,,27112801,,,,,,,,,,,,,,,,,,,,,,,,,,,,,,,,,,,,,,,,,,,
https://,,,,,,,,,,,DPH22B,"DPH22B 2"" #2 Phillips Drive - Bit",,,Diablo,Freud Inc (2435),Freud Inc,Diablo,,DPH22B,,Tools & Hardware>Power Tool Accessories>Screwdriver Bits,"Freud Inc Diablo, drive bit, DPH22B, DPH22B, 2 "", #2 Phillips","DRIVE BIT DPH22B 2"" #2PHILLIPS",Diablo DPH22B drive bit,"Diablo drive bit, DPH22B, 2 "" length, #2 Phillips","drive bit, DPH22B, 2 "", #2 Phillips","drive bit, DPH22B, 2 "", #2 Phillips",,,,,,,,,,,,,,,,,,,,,,,,,,,model,DPH22B,,length,2,"""",drive type,#2 Phillips,,,,,,,,,,,,,,,,,,,,,,,,,,,,,,,,,,,,,,,,,,,,,,,,,,,,,,,,,,,,,,,,,,,,,,,,,,,,,,,,,,,,,,,,,,,,,,,,,,,,,,,,,,,,,,,,,,,,,,,,,,,,,,,,,,,,,,,,,,,,,,,,,,27112801,,,,,,,,,,,,,,,,,,,,,,,,,,,,,,,,,,,,,,,,,,,
https://,,,,,,,,,,,DPH235B,"DPH235B 3-1/2"" #2 Phillips - Drive Bit",,,Diablo,Freud Inc (2435),Freud Inc,Diablo,,DPH235B,,Tools & Hardware>Power Tool Accessories>Screwdriver Bits,"Freud Inc Diablo, drive bit, DPH235B, DPH235B, 3-1/2 "", #2 Phillips","DRIVE BIT DPH235B 3-1/2"" #2PHILLIPS",Diablo DPH235B drive bit,"Diablo drive bit, DPH235B, 3-1/2 "" length, #2 Phillips","drive bit, DPH235B, 3-1/2 "", #2 Phillips","drive bit, DPH235B, 3-1/2 "", #2 Phillips",,,,,,,,,,,,,,,,,,,,,,,,,,,model,DPH235B,,length,3-1/2,"""",drive type,#2 Phillips,,,,,,,,,,,,,,,,,,,,,,,,,,,,,,,,,,,,,,,,,,,,,,,,,,,,,,,,,,,,,,,,,,,,,,,,,,,,,,,,,,,,,,,,,,,,,,,,,,,,,,,,,,,,,,,,,,,,,,,,,,,,,,,,,,,,,,,,,,,,,,,,,,27112801,,,,,,,,,,,,,,,,,,,,,,,,,,,,,,,,,,,,,,,,,,,
https://,,,,,,,,,,,DPH26B,"DPH26B 6"" #2 Phillips Drive - Bit",,,Diablo,Freud Inc (2435),Freud Inc,Diablo,,DPH26B,,Tools & Hardware>Power Tool Accessories>Screwdriver Bits,"Freud Inc Diablo, drive bit, DPH26B, DPH26B, 6 "", #2 Phillips","DRIVE BIT DPH26B 6"" #2PHILLIPS",Diablo DPH26B drive bit,"Diablo drive bit, DPH26B, 6 "" length, #2 Phillips","drive bit, DPH26B, 6 "", #2 Phillips","drive bit, DPH26B, 6 "", #2 Phillips",,,,,,,,,,,,,,,,,,,,,,,,,,,model,DPH26B,,length,6,"""",drive type,#2 Phillips,,,,,,,,,,,,,,,,,,,,,,,,,,,,,,,,,,,,,,,,,,,,,,,,,,,,,,,,,,,,,,,,,,,,,,,,,,,,,,,,,,,,,,,,,,,,,,,,,,,,,,,,,,,,,,,,,,,,,,,,,,,,,,,,,,,,,,,,,,,,,,,,,,27112801,,,,,,,,,,,,,,,,,,,,,,,,,,,,,,,,,,,,,,,,,,,
https://,,,,,,,,,,,DPH2R1B,"DPH2R1B 1"" #2 Phillips Drywall - Screws Drive Bit",,,Diablo,Freud Inc (2435),Freud Inc,Diablo,,DPH2R1B,,Tools & Hardware>Power Tool Accessories>Screwdriver Bits,"Freud Inc Diablo, drive bit, DPH2R1B, DPH2R1B, 1 "", #2 Phillips Drywall","DRIVE BIT DPH2R1B 1"" #2PHILLIPSDRYWALL",Diablo DPH2R1B drive bit,"Diablo drive bit, DPH2R1B, 1 "" length, #2 Phillips Drywall","drive bit, DPH2R1B, 1 "", #2 Phillips Drywall","drive bit, DPH2R1B, 1 "", #2 Phillips Drywall",,,,,,,,,,,,,,,,,,,,,,,,,,,model,DPH2R1B,,length,1,"""",drive type,#2 Phillips Drywall,,,,,,,,,,,,,,,,,,,,,,,,,,,,,,,,,,,,,,,,,,,,,,,,,,,,,,,,,,,,,,,,,,,,,,,,,,,,,,,,,,,,,,,,,,,,,,,,,,,,,,,,,,,,,,,,,,,,,,,,,,,,,,,,,,,,,,,,,,,,,,,,,,27112801,,,,,,,,,,,,,,,,,,,,,,,,,,,,,,,,,,,,,,,,,,,
https://,,,,,,,,,,,DPH31B,"DPH31B 1"" #3 Phillips Drive - Bit",,,Diablo,Freud Inc (2435),Freud Inc,Diablo,,DPH31B,,Tools & Hardware>Power Tool Accessories>Screwdriver Bits,"Freud Inc Diablo, drive bit, DPH31B, DPH31B, 1 "", #3 Phillips","DRIVE BIT DPH31B 1"" #3PHILLIPS",Diablo DPH31B drive bit,"Diablo drive bit, DPH31B, 1 "" length, #3 Phillips","drive bit, DPH31B, 1 "", #3 Phillips","drive bit, DPH31B, 1 "", #3 Phillips",,,,,,,,,,,,,,,,,,,,,,,,,,,model,DPH31B,,length,1,"""",drive type,#3 Phillips,,,,,,,,,,,,,,,,,,,,,,,,,,,,,,,,,,,,,,,,,,,,,,,,,,,,,,,,,,,,,,,,,,,,,,,,,,,,,,,,,,,,,,,,,,,,,,,,,,,,,,,,,,,,,,,,,,,,,,,,,,,,,,,,,,,,,,,,,,,,,,,,,,27112801,,,,,,,,,,,,,,,,,,,,,,,,,,,,,,,,,,,,,,,,,,,
https://,,,,,,,,,,,578810,578810 Festool 3x4 S GR PRO/10,,,,Festool USA (FESTO),Festool USA,Festool,Festool,578810,,Tools & Equipment>Power Tool Accessories>Sanding Sheets,"Festool USA Festool, sanding sheet, 578810, 578810",SANDING SHEET 578810,Festool 578810 sanding sheet,"Festool sanding sheet, 578810","sanding sheet, 578810","sanding sheet, 578810",,,,,,,,,,,,,,,,,,,,,,,,,,,Model Number,578810,,,,,,,,,,,,,,,,,,,,,,,,,,,,,,,,,,,,,,,,,,,,,,,,,,,,,,,,,,,,,,,,,,,,,,,,,,,,,,,,,,,,,,,,,,,,,,,,,,,,,,,,,,,,,,,,,,,,,,,,,,,,,,,,,,,,,,,,,,,,,,,,,,,,,,,,31191500,,,,,,,,,,,,,,,,,,,,,,,,,,,,,,,,,,,,,,,,,,,
https://,,,,,,,,,,,578811,578811 Festool 3x4 GR PRO/10-Set,,,,Festool USA (FESTO),Festool USA,Festool,Festool,578811,,Tools & Equipment>Power Tool Accessories>Sanding Sheets,"Festool USA Festool, sanding sheet set, 578811, 578811",SANDING SHEET SET 578811,Festool 578811 sanding sheet set,"Festool sanding sheet set, 578811","sanding sheet set, 578811","sanding sheet set, 578811",,,,,,,,,,,,,,,,,,,,,,,,,,,Model Number,578811,,,,,,,,,,,,,,,,,,,,,,,,,,,,,,,,,,,,,,,,,,,,,,,,,,,,,,,,,,,,,,,,,,,,,,,,,,,,,,,,,,,,,,,,,,,,,,,,,,,,,,,,,,,,,,,,,,,,,,,,,,,,,,,,,,,,,,,,,,,,,,,,,,,,,,,,31191500,,,,,,,,,,,,,,,,,,,,,,,,,,,,,,,,,,,,,,,,,,,
https://,,,,,,,,,,,578192,578192 Festool D 150 GR SYS - Systainer Abrasive Set,,,,Festool USA (FESTO),Festool USA,Festool,Festool,578192,,Tools & Equipment>Power Tool Accessories>Sanding Discs,"Festool USA Festool, abrasive set, Systainer, 578192, 578192, 150 mm",ABRASIVE SET 578192 150MM,Festool Systainer 578192 abrasive set,"Festool abrasive set, Systainer, 578192, 150 mm Diameter","Systainer abrasive set, 578192, 150 mm","Systainer abrasive set, 578192, 150 mm",,,,,,,,,,,,,,,,,,,,,,,,,,,Model Number,578192,,Diameter,150,mm,,,,,,,,,,,,,,,,,,,,,,,,,,,,,,,,,,,,,,,,,,,,,,,,,,,,,,,,,,,,,,,,,,,,,,,,,,,,,,,,,,,,,,,,,,,,,,,,,,,,,,,,,,,,,,,,,,,,,,,,,,,,,,,,,,,,,,,,,,,,,,,,,,,,31191500,,,,,,,,,,,,,,,,,,,,,,,,,,,,,,,,,,,,,,,,,,,
https://,,,,,,,,,,,578806,578806 Festool Delta S GR PRO/10,,,,Festool USA (FESTO),Festool USA,Festool,Festool,578806,,Tools & Equipment>Power Tool Accessories>Sanding Sheets,"Festool USA Festool, sanding sheet, 578806, 578806",SANDING SHEET 578806,Festool 578806 sanding sheet,"Festool sanding sheet, 578806","sanding sheet, 578806","sanding sheet, 578806",,,,,,,,,,,,,,,,,,,,,,,,,,,Model Number,578806,,,,,,,,,,,,,,,,,,,,,,,,,,,,,,,,,,,,,,,,,,,,,,,,,,,,,,,,,,,,,,,,,,,,,,,,,,,,,,,,,,,,,,,,,,,,,,,,,,,,,,,,,,,,,,,,,,,,,,,,,,,,,,,,,,,,,,,,,,,,,,,,,,,,,,,,31191500,,,,,,,,,,,,,,,,,,,,,,,,,,,,,,,,,,,,,,,,,,,
https://cmt.com,,,,,,,,,,,790.82,790.820 CMT Planer Blade 2pc,,,,CMT USA Inc (CMTUS),CMT USA Inc,CMT,CMT,790.82,,Power Tool Accessories>Planer Accessories>Planer Knives,"CMT USA Inc CMT, Planer Blade, 790.82, 2 pc, 790.820",PLANER BLADE 2PC 790.820,CMT 790.82 Planer Blade,"CMT Planer Blade, 2 pc Quantity, 790.820","Planer Blade, 2 pc, 790.820","Planer Blade, 2 pc, 790.820",,,,,,,,,,,,,,,,,,,,,,,,,,,Quantity,2,pc,Part Number,790.820,,,,,,,,,,,,,,,,,,,,,,,,,,,,,,,,,,,,,,,,,,,,,,,,,,,,,,,,,,,,,,,,,,,,,,,,,,,,,,,,,,,,,,,,,,,,,,,,,,,,,,,,,,,,,,,,,,,,,,,,,,,,,,,,,,,,,,,,,,,,,,,,,,,,,27112807,,,,,,,,,,,,,,,,,,,,,,,,,,,,,,,,,,,,,,,,,,,
https://,,,,,,,,,,,49-22-5641,49-22-5641 Milwaukee Packout 15pc - Sawzall Blade Kit,,,,Milwaukee Accessory (4031),Milwaukee Accessory,Milwaukee,Milwaukee,49-22-5641,,Power Tool Accessories>Saw Blades>Reciprocating Saw Blade Kits,"Milwaukee Accessory Milwaukee, Sawzall Blade Kit, Packout, 49-22-5641",SAWZALL BLADE KIT 15PC,Milwaukee Packout 49-22-5641 Sawzall Blade Kit,"Milwaukee Sawzall Blade Kit, Packout, 15 pc Piece Count","Packout Sawzall Blade Kit, 15 pc","Packout Sawzall Blade Kit, 15 pc",,,,,,,,,,,,,,,,,,,,,,,,,,,Piece Count,15,pc,,,,,,,,,,,,,,,,,,,,,,,,,,,,,,,,,,,,,,,,,,,,,,,,,,,,,,,,,,,,,,,,,,,,,,,,,,,,,,,,,,,,,,,,,,,,,,,,,,,,,,,,,,,,,,,,,,,,,,,,,,,,,,,,,,,,,,,,,,,,,,,,,,,,,,,27112803,,,,,,,,,,,,,,,,,,,,,,,,,,,,,,,,,,,,,,,,,,,
https://,,,,,,,,,,,D0620TSR,"D0620TSR Diablo 6-1/2""20 Tooth - Framing Saw Blade",,,,Freud Inc (2435),Freud Inc,Diablo,Diablo,D0620TSR,,Power Tool Accessories>Saw Blades>Circular Saw Blades,"Freud Inc Diablo, Framing Saw Blade, D0620TSR, 6-1/2 "", 20","FRAMING SAW BLADE 6-1/2"" 20",Diablo D0620TSR Framing Saw Blade,"Diablo Framing Saw Blade, 6-1/2 "" Diameter, 20","Framing Saw Blade, 6-1/2 "", 20","Framing Saw Blade, 6-1/2 "", 20",,,,,,,,,,,,,,,,,,,,,,,,,,,Diameter,6-1/2,"""",Tooth Count,20,,,,,,,,,,,,,,,,,,,,,,,,,,,,,,,,,,,,,,,,,,,,,,,,,,,,,,,,,,,,,,,,,,,,,,,,,,,,,,,,,,,,,,,,,,,,,,,,,,,,,,,,,,,,,,,,,,,,,,,,,,,,,,,,,,,,,,,,,,,,,,,,,,,,,27112801,,,,,,,,,,,,,,,,,,,,,,,,,,,,,,,,,,,,,,,,,,,
https://jpwindustries.com,,,,,,,,,,,JT1-1371,"JWBS14-SFX-Black Jet 14"" Bandsaw - JT1-1371",,,,JPW Industries (JPWIN),JPW Industries,Jet,Jet,JT1-1371,,Power Tools>Stationary Power Tools>Bandsaws,"JPW Industries Jet, Bandsaw, JT1-1371, 14 ""","BANDSAW 14""","Jet JT1-1371 Bandsaw, 14 ""","Jet Bandsaw, 14 "" Size","Bandsaw, 14 ""","Bandsaw, 14 """,,,,,,,,,,,,,,,,,,,,,,,,,,,Size,14,"""",,,,,,,,,,,,,,,,,,,,,,,,,,,,,,,,,,,,,,,,,,,,,,,,,,,,,,,,,,,,,,,,,,,,,,,,,,,,,,,,,,,,,,,,,,,,,,,,,,,,,,,,,,,,,,,,,,,,,,,,,,,,,,,,,,,,,,,,,,,,,,,,,,,,,,,27112702,,,,,,,,,,,,,,,,,,,,,,,,,,,,,,,,,,,,,,,,,,,
https://jpwindustries.com,,,,,,,,,,,JT9-714400K,"JWBS-14SFX 14"" Bandsaw JTP-714400K",,,,JPW Industries (JPWIN),JPW Industries,Jet,Jet,JT9-714400K,,Power Tools>Stationary Power Tools>Bandsaws,"JPW Industries Jet, Bandsaw, JT9-714400K, 14 ""","BANDSAW 14""","Jet JT9-714400K Bandsaw, 14 ""","Jet Bandsaw, 14 "" Size","Bandsaw, 14 ""","Bandsaw, 14 """,,,,,,,,,,,,,,,,,,,,,,,,,,,Size,14,"""",,,,,,,,,,,,,,,,,,,,,,,,,,,,,,,,,,,,,,,,,,,,,,,,,,,,,,,,,,,,,,,,,,,,,,,,,,,,,,,,,,,,,,,,,,,,,,,,,,,,,,,,,,,,,,,,,,,,,,,,,,,,,,,,,,,,,,,,,,,,,,,,,,,,,,,27112702,,,,,,,,,,,,,,,,,,,,,,,,,,,,,,,,,,,,,,,,,,,
https://,,,,,,,,,,,2834-21HD,"2834-21HD Milwaukee M18 7-1/4"" Circ - Saw Kit",,,Milwaukee,Milwaukee Accessory (4031),Milwaukee Accessory,Milwaukee,Milwaukee,2834-21HD,,Power Tools>Cordless Power Tools>Circular Saws,"Milwaukee Accessory Milwaukee, Circular Saw Kit, M18, 2834-21HD","CIRCULAR SAW KIT 7-1/4""",Milwaukee M18 2834-21HD Circular Saw Kit,"Milwaukee Circular Saw Kit, M18, 7-1/4 "" Diameter","M18 Circular Saw Kit, 7-1/4 ""","M18 Circular Saw Kit, 7-1/4 """,,,,,,,,,,,,,,,,,,,,,,,,,,,Diameter,7-1/4,"""",,,,,,,,,,,,,,,,,,,,,,,,,,,,,,,,,,,,,,,,,,,,,,,,,,,,,,,,,,,,,,,,,,,,,,,,,,,,,,,,,,,,,,,,,,,,,,,,,,,,,,,,,,,,,,,,,,,,,,,,,,,,,,,,,,,,,,,,,,,,,,,,,,,,,,,27112711,,,,,,,,,,,,,,,,,,,,,,,,,,,,,,,,,,,,,,,,,,,
https://,,,,,,,,,,,577871,577871 Festool Dust Extractor - CT 26,,,,Festool USA (FESTO),Festool USA,Festool,Festool,577871,,Power Tools & Accessories>Power Tool Accessories>Dust Extraction Systems,"Festool USA Festool, dust extractor, CT 26, 577871, 577871",DUST EXTRACTOR 577871,Festool CT 26 577871 dust extractor,"Festool dust extractor, CT 26, 577871","CT 26 dust extractor, 577871","CT 26 dust extractor, 577871",,,,,,,,,,,,,,,,,,,,,,,,,,,Model Number,577871,,,,,,,,,,,,,,,,,,,,,,,,,,,,,,,,,,,,,,,,,,,,,,,,,,,,,,,,,,,,,,,,,,,,,,,,,,,,,,,,,,,,,,,,,,,,,,,,,,,,,,,,,,,,,,,,,,,,,,,,,,,,,,,,,,,,,,,,,,,,,,,,,,,,,,,,27112701,,,,,,,,,,,,,,,,,,,,,,,,,,,,,,,,,,,,,,,,,,,
https://,,,,,,,,,,,577874,577874 Festool Dust Extractor - CT 36,,,,Festool USA (FESTO),Festool USA,Festool,Festool,577874,,Power Tools & Accessories>Power Tool Accessories>Dust Extraction Systems,"Festool USA Festool, dust extractor, CT 36, 577874, 577874",DUST EXTRACTOR 577874,Festool CT 36 577874 dust extractor,"Festool dust extractor, CT 36, 577874","CT 36 dust extractor, 577874","CT 36 dust extractor, 577874",,,,,,,,,,,,,,,,,,,,,,,,,,,Model Number,577874,,,,,,,,,,,,,,,,,,,,,,,,,,,,,,,,,,,,,,,,,,,,,,,,,,,,,,,,,,,,,,,,,,,,,,,,,,,,,,,,,,,,,,,,,,,,,,,,,,,,,,,,,,,,,,,,,,,,,,,,,,,,,,,,,,,,,,,,,,,,,,,,,,,,,,,,27112701,,,,,,,,,,,,,,,,,,,,,,,,,,,,,,,,,,,,,,,,,,,
https://,,,,,,,,,,,577876,577876 Festool Dust Extractor - CT 48,,,,Festool USA (FESTO),Festool USA,Festool,Festool,577876,,Power Tools & Accessories>Power Tool Accessories>Dust Extraction Systems,"Festool USA Festool, Dust Extractor, CT 48, 577876, 577876",DUST EXTRACTOR 577876,Festool CT 48 577876 Dust Extractor,"Festool Dust Extractor, CT 48, 577876","CT 48 Dust Extractor, 577876","CT 48 Dust Extractor, 577876",,,,,,,,,,,,,,,,,,,,,,,,,,,Model Number,577876,,,,,,,,,,,,,,,,,,,,,,,,,,,,,,,,,,,,,,,,,,,,,,,,,,,,,,,,,,,,,,,,,,,,,,,,,,,,,,,,,,,,,,,,,,,,,,,,,,,,,,,,,,,,,,,,,,,,,,,,,,,,,,,,,,,,,,,,,,,,,,,,,,,,,,,,27112701,,,,,,,,,,,,,,,,,,,,,,,,,,,,,,,,,,,,,,,,,,,
https://,,,,,,,,,,,578441,578441 Festool Dust Extractor-CT 15 HEPA,,,,Festool USA (FESTO),Festool USA,Festool,Festool,578441,,Power Tools & Accessories>Power Tool Accessories>Dust Extraction Systems,"Festool USA Festool, Dust Extractor, CT 15 HEPA, 578441, 578441",DUST EXTRACTOR 578441,Festool CT 15 HEPA 578441 Dust Extractor,"Festool Dust Extractor, CT 15 HEPA, 578441","CT 15 HEPA Dust Extractor, 578441","CT 15 HEPA Dust Extractor, 578441",,,,,,,,,,,,,,,,,,,,,,,,,,,Model Number,578441,,,,,,,,,,,,,,,,,,,,,,,,,,,,,,,,,,,,,,,,,,,,,,,,,,,,,,,,,,,,,,,,,,,,,,,,,,,,,,,,,,,,,,,,,,,,,,,,,,,,,,,,,,,,,,,,,,,,,,,,,,,,,,,,,,,,,,,,,,,,,,,,,,,,,,,,27112701,,,,,,,,,,,,,,,,,,,,,,,,,,,,,,,,,,,,,,,,,,,
https://mirka.com,,,,,,,,,,,9A-570-320,9A-570-320 Abranet 2.75x30,,,,Mirka Abrasives Inc (MIRUS),Mirka Abrasives Inc,Mirka,Mirka,9A-570-320,,Tools & Equipment>Abrasives>Abrasive Sheets & Rolls,"Mirka Abrasives Inc Mirka, abrasive roll, Abranet, 9A-570-320",ABRASIVE ROLL 2.75IN 30FT 9A,Mirka Abranet 9A-570-320 abrasive roll,"Mirka abrasive roll, Abranet, 2.75 in Width, 30 ft Length, 9 A Amperage Rating","Abranet abrasive roll, 2.75 in, 30 ft","Abranet abrasive roll, 2.75 in, 30 ft",,,,,,,,,,,,,,,,,,,,,,,,,,,Width,2.75,in,Length,30,ft,Amperage Rating,9,A,,,,,,,,,,,,,,,,,,,,,,,,,,,,,,,,,,,,,,,,,,,,,,,,,,,,,,,,,,,,,,,,,,,,,,,,,,,,,,,,,,,,,,,,,,,,,,,,,,,,,,,,,,,,,,,,,,,,,,,,,,,,,,,,,,,,,,,,,,,,,,,,,31191506,,,,,,,,,,,,,,,,,,,,,,,,,,,,,,,,,,,,,,,,,,,
https://,,,,,,,,,,,DBDS14125A01F,"DBDS14125A01F Diablo 14""x1"" - Steel Demon Metal Cut-Off Disc",,,,Freud Inc (2435),Freud Inc,Diablo,Diablo,DBDS14125A01F,,Tools & Equipment>Abrasives>Cut-Off Wheels,"Freud Inc Diablo, cut-off disc, Steel Demon, DBDS14125A01F, 14 in, 1 in",CUT-OFF DISC 14IN 1IN,Diablo Steel Demon DBDS14125A01F cut-off disc,"Diablo cut-off disc, Steel Demon, 14 in Diameter, 1 in Arbor","Steel Demon cut-off disc, 14 in, 1 in","Steel Demon cut-off disc, 14 in, 1 in",,,,,,,,,,,,,,,,,,,,,,,,,,,Diameter,14,in,Arbor,1,in,,,,,,,,,,,,,,,,,,,,,,,,,,,,,,,,,,,,,,,,,,,,,,,,,,,,,,,,,,,,,,,,,,,,,,,,,,,,,,,,,,,,,,,,,,,,,,,,,,,,,,,,,,,,,,,,,,,,,,,,,,,,,,,,,,,,,,,,,,,,,,,,,,,,31191506,,,,,,,,,,,,,,,,,,,,,,,,,,,,,,,,,,,,,,,,,,,
https://,,,,,,,,,,,49-94-0013,"49-94-0013 Milwaukee 5""x.045""x7/8"" Metal Cut Off Disc",,,,Milwaukee Accessory (4031),Milwaukee Accessory,Milwaukee,Milwaukee,49-94-0013,,Tools & Equipment>Abrasives>Cut-Off Wheels,"Milwaukee Accessory Milwaukee, cut-off disc, 49-94-0013, 5 in, .045 in, 7/8 in",CUT-OFF DISC 5IN .045IN 7/8IN,Milwaukee 49-94-0013 cut-off disc,"Milwaukee cut-off disc, 5 in Diameter, .045 in Thickness, 7/8 in Arbor","cut-off disc, 5 in, .045 in, 7/8 in","cut-off disc, 5 in, .045 in, 7/8 in",,,,,,,,,,,,,,,,,,,,,,,,,,,Diameter,5,in,Thickness,.045,in,Arbor,7/8,in,,,,,,,,,,,,,,,,,,,,,,,,,,,,,,,,,,,,,,,,,,,,,,,,,,,,,,,,,,,,,,,,,,,,,,,,,,,,,,,,,,,,,,,,,,,,,,,,,,,,,,,,,,,,,,,,,,,,,,,,,,,,,,,,,,,,,,,,,,,,,,,,,31191506,,,,,,,,,,,,,,,,,,,,,,,,,,,,,,,,,,,,,,,,,,,
https://,,,,,,,,,,,49-94-0029,"49-94-0029 Milwaukee 6-1/2""x1/8""x5/8"" DKO Metal Cut Off Disc",,,,Milwaukee Accessory (4031),Milwaukee Accessory,Milwaukee,Milwaukee,49-94-0029,,Tools & Equipment>Abrasives>Cut-Off Wheels,"Milwaukee Accessory Milwaukee, cut-off disc, DKO, 49-94-0029",CUT-OFF DISC 6-1/2IN 1/8IN 5/8IN,Milwaukee DKO 49-94-0029 cut-off disc,"Milwaukee cut-off disc, DKO, 6-1/2 in Diameter, 1/8 in Thickness, 5/8 in Arbor","DKO cut-off disc, 6-1/2 in, 1/8 in, 5/8 in","DKO cut-off disc, 6-1/2 in, 1/8 in, 5/8 in",,,,,,,,,,,,,,,,,,,,,,,,,,,Diameter,6-1/2,in,Thickness,1/8,in,Arbor,5/8,in,,,,,,,,,,,,,,,,,,,,,,,,,,,,,,,,,,,,,,,,,,,,,,,,,,,,,,,,,,,,,,,,,,,,,,,,,,,,,,,,,,,,,,,,,,,,,,,,,,,,,,,,,,,,,,,,,,,,,,,,,,,,,,,,,,,,,,,,,,,,,,,,,31191506,,,,,,,,,,,,,,,,,,,,,,,,,,,,,,,,,,,,,,,,,,,
https://,,,,,,,,,,,49-94-0033,"49-94-0033 Milwaukee 7""x1/16""x7/8"" Metal Cut Off Disc",,,,Milwaukee Accessory (4031),Milwaukee Accessory,Milwaukee,Milwaukee,49-94-0033,,Tools & Equipment>Abrasives>Cut-Off Wheels,"Milwaukee Accessory Milwaukee, cut-off disc, 49-94-0033, 7 in, 1/16 in, 7/8 in",CUT-OFF DISC 7IN 1/16IN 7/8IN,Milwaukee 49-94-0033 cut-off disc,"Milwaukee cut-off disc, 7 in Diameter, 1/16 in Thickness, 7/8 in Arbor","cut-off disc, 7 in, 1/16 in, 7/8 in","cut-off disc, 7 in, 1/16 in, 7/8 in",,,,,,,,,,,,,,,,,,,,,,,,,,,Diameter,7,in,Thickness,1/16,in,Arbor,7/8,in,,,,,,,,,,,,,,,,,,,,,,,,,,,,,,,,,,,,,,,,,,,,,,,,,,,,,,,,,,,,,,,,,,,,,,,,,,,,,,,,,,,,,,,,,,,,,,,,,,,,,,,,,,,,,,,,,,,,,,,,,,,,,,,,,,,,,,,,,,,,,,,,,31191506,,,,,,,,,,,,,,,,,,,,,,,,,,,,,,,,,,,,,,,,,,,
https://,,,,,,,,,,,49-94-0001,"49-94-0001 Milwaukee 4""x.040""x5/8"" Metal Cut Off Disc",,,,Milwaukee Accessory (4031),Milwaukee Accessory,Milwaukee,Milwaukee,49-94-0001,,Tools & Equipment>Abrasives>Cut-Off Wheels,"Milwaukee Accessory Milwaukee, cut-off disc, 49-94-0001, 4 in, .040 in, 5/8 in",CUT-OFF DISC 4IN .040IN 5/8IN,Milwaukee 49-94-0001 cut-off disc,"Milwaukee cut-off disc, 4 in Diameter, .040 in Thickness, 5/8 in Arbor","cut-off disc, 4 in, .040 in, 5/8 in","cut-off disc, 4 in, .040 in, 5/8 in",,,,,,,,,,,,,,,,,,,,,,,,,,,Diameter,4,in,Thickness,.040,in,Arbor,5/8,in,,,,,,,,,,,,,,,,,,,,,,,,,,,,,,,,,,,,,,,,,,,,,,,,,,,,,,,,,,,,,,,,,,,,,,,,,,,,,,,,,,,,,,,,,,,,,,,,,,,,,,,,,,,,,,,,,,,,,,,,,,,,,,,,,,,,,,,,,,,,,,,,,31191506,,,,,,,,,,,,,,,,,,,,,,,,,,,,,,,,,,,,,,,,,,,
https://,,,,,,,,,,,49-94-0039,"49-94-0039 Milwaukee 7""x1/8""x5/8"" DKO Metal Cut Off Disc",,,,Milwaukee Accessory (4031),Milwaukee Accessory,Milwaukee,Milwaukee,49-94-0039,,Tools & Equipment>Abrasives>Cut-Off Wheels,"Milwaukee Accessory Milwaukee, cut-off disc, DKO, 49-94-0039",CUT-OFF DISC 7IN 1/8IN 5/8IN,Milwaukee DKO 49-94-0039 cut-off disc,"Milwaukee cut-off disc, DKO, 7 in Diameter, 1/8 in Thickness, 5/8 in Arbor","DKO cut-off disc, 7 in, 1/8 in, 5/8 in","DKO cut-off disc, 7 in, 1/8 in, 5/8 in",,,,,,,,,,,,,,,,,,,,,,,,,,,Diameter,7,in,Thickness,1/8,in,Arbor,5/8,in,,,,,,,,,,,,,,,,,,,,,,,,,,,,,,,,,,,,,,,,,,,,,,,,,,,,,,,,,,,,,,,,,,,,,,,,,,,,,,,,,,,,,,,,,,,,,,,,,,,,,,,,,,,,,,,,,,,,,,,,,,,,,,,,,,,,,,,,,,,,,,,,,31191506,,,,,,,,,,,,,,,,,,,,,,,,,,,,,,,,,,,,,,,,,,,
https://,,,,,,,,,,,49-94-0043,"49-94-0043 Milwaukee 9""x3/32""x7/8"" Metal Cut Off Disc",,,,Milwaukee Accessory (4031),Milwaukee Accessory,Milwaukee,Milwaukee,49-94-0043,,Tools & Equipment>Abrasives>Cut-Off Wheels,"Milwaukee Accessory Milwaukee, cut-off disc, 49-94-0043, 9 in, 3/32 in, 7/8 in",CUT-OFF DISC 9IN 3/32IN 7/8IN,Milwaukee 49-94-0043 cut-off disc,"Milwaukee cut-off disc, 9 in Diameter, 3/32 in Thickness, 7/8 in Arbor","cut-off disc, 9 in, 3/32 in, 7/8 in","cut-off disc, 9 in, 3/32 in, 7/8 in",,,,,,,,,,,,,,,,,,,,,,,,,,,Diameter,9,in,Thickness,3/32,in,Arbor,7/8,in,,,,,,,,,,,,,,,,,,,,,,,,,,,,,,,,,,,,,,,,,,,,,,,,,,,,,,,,,,,,,,,,,,,,,,,,,,,,,,,,,,,,,,,,,,,,,,,,,,,,,,,,,,,,,,,,,,,,,,,,,,,,,,,,,,,,,,,,,,,,,,,,,31191506,,,,,,,,,,,,,,,,,,,,,,,,,,,,,,,,,,,,,,,,,,,
https://,,,,,,,,,,,49-94-0117,"49-94-0117 Milwaukee 5""x.045""x7/8"" Performance+ Metal Cut Off Disc",,,,Milwaukee Accessory (4031),Milwaukee Accessory,Milwaukee,Milwaukee,49-94-0117,,Tools & Equipment>Abrasives>Cut-Off Wheels,"Milwaukee Accessory Milwaukee, cut off disc, Performance+, 49-94-0117",CUT OFF DISC 5IN .045IN 7/8IN,Milwaukee Performance+ 49-94-0117 cut off disc,"Milwaukee cut off disc, Performance+, 5 in Diameter, .045 in Thickness, 7/8 in Arbor","Performance+ cut off disc, 5 in, .045 in, 7/8 in","Performance+ cut off disc, 5 in, .045 in, 7/8 in",,,,,,,,,,,,,,,,,,,,,,,,,,,Diameter,5,in,Thickness,.045,in,Arbor,7/8,in,,,,,,,,,,,,,,,,,,,,,,,,,,,,,,,,,,,,,,,,,,,,,,,,,,,,,,,,,,,,,,,,,,,,,,,,,,,,,,,,,,,,,,,,,,,,,,,,,,,,,,,,,,,,,,,,,,,,,,,,,,,,,,,,,,,,,,,,,,,,,,,,,31191506,,,,,,,,,,,,,,,,,,,,,,,,,,,,,,,,,,,,,,,,,,,
https://,,,,,,,,,,,49-94-0123,"49-94-0123 Milwaukee 6""x.045""x7/8"" Performance+ Metal Cut Off Disc",,,,Milwaukee Accessory (4031),Milwaukee Accessory,Milwaukee,Milwaukee,49-94-0123,,Tools & Equipment>Abrasives>Cut-Off Wheels,"Milwaukee Accessory Milwaukee, cut off disc, Performance+, 49-94-0123",CUT OFF DISC 6IN .045IN 7/8IN,Milwaukee Performance+ 49-94-0123 cut off disc,"Milwaukee cut off disc, Performance+, 6 in Diameter, .045 in Thickness, 7/8 in Arbor","Performance+ cut off disc, 6 in, .045 in, 7/8 in","Performance+ cut off disc, 6 in, .045 in, 7/8 in",,,,,,,,,,,,,,,,,,,,,,,,,,,Diameter,6,in,Thickness,.045,in,Arbor,7/8,in,,,,,,,,,,,,,,,,,,,,,,,,,,,,,,,,,,,,,,,,,,,,,,,,,,,,,,,,,,,,,,,,,,,,,,,,,,,,,,,,,,,,,,,,,,,,,,,,,,,,,,,,,,,,,,,,,,,,,,,,,,,,,,,,,,,,,,,,,,,,,,,,,31191506,,,,,,,,,,,,,,,,,,,,,,,,,,,,,,,,,,,,,,,,,,,
https://,,,,,,,,,,,49-94-0023,"49-94-0023 Milwaukee 6""x.045""x7/8"" Metal Cut Off Disc",,,,Milwaukee Accessory (4031),Milwaukee Accessory,Milwaukee,Milwaukee,49-94-0023,,Tools & Equipment>Abrasives>Cut-Off Wheels,"Milwaukee Accessory Milwaukee, cut off disc, 49-94-0023, 6 in, .045 in, 7/8 in",CUT OFF DISC 6IN .045IN 7/8IN,Milwaukee 49-94-0023 cut off disc,"Milwaukee cut off disc, 6 in Diameter, .045 in Thickness, 7/8 in Arbor","cut off disc, 6 in, .045 in, 7/8 in","cut off disc, 6 in, .045 in, 7/8 in",,,,,,,,,,,,,,,,,,,,,,,,,,,Diameter,6,in,Thickness,.045,in,Arbor,7/8,in,,,,,,,,,,,,,,,,,,,,,,,,,,,,,,,,,,,,,,,,,,,,,,,,,,,,,,,,,,,,,,,,,,,,,,,,,,,,,,,,,,,,,,,,,,,,,,,,,,,,,,,,,,,,,,,,,,,,,,,,,,,,,,,,,,,,,,,,,,,,,,,,,31191506,,,,,,,,,,,,,,,,,,,,,,,,,,,,,,,,,,,,,,,,,,,
https://,,,,,,,,,,,49-94-0121,"49-94-0121 Milwaukee 6""x.045""x7/8"" Performance+ Metal Cut Off Disc 10pc",,,,Milwaukee Accessory (4031),Milwaukee Accessory,Milwaukee,Milwaukee,49-94-0121,,Tools & Equipment>Abrasives>Cut-Off Wheels,"Milwaukee Accessory Milwaukee, cut off disc, Performance+, 49-94-0121",CUT OFF DISC 6IN .045IN 7/8IN 10PC,Milwaukee Performance+ 49-94-0121 cut off disc,"Milwaukee cut off disc, Performance+, 6 in Diameter, .045 in Thickness, 7/8 in Arbor, 10 pc Quantity","Performance+ cut off disc, 6 in, .045 in, 7/8 in","Performance+ cut off disc, 6 in, .045 in, 7/8 in",,,,,,,,,,,,,,,,,,,,,,,,,,,Diameter,6,in,Thickness,.045,in,Arbor,7/8,in,Quantity,10,pc,,,,,,,,,,,,,,,,,,,,,,,,,,,,,,,,,,,,,,,,,,,,,,,,,,,,,,,,,,,,,,,,,,,,,,,,,,,,,,,,,,,,,,,,,,,,,,,,,,,,,,,,,,,,,,,,,,,,,,,,,,,,,,,,,,,,,,,,,,,,,,31191506,,,,,,,,,,,,,,,,,,,,,,,,,,,,,,,,,,,,,,,,,,,
https://,,,,,,,,,,,49-94-0127,"49-94-0127 Milwaukee 6""x.045""x7/8"" Performance+Metal Cut Off Disc",,,,Milwaukee Accessory (4031),Milwaukee Accessory,Milwaukee,Milwaukee,49-94-0127,,Power Tools & Accessories>Abrasives>Cut-Off Wheels,"Milwaukee Accessory Milwaukee, cut off disc, Performance+, 49-94-0127",CUT OFF DISC 6IN .045IN 7/8IN,Milwaukee Performance+ 49-94-0127 cut off disc,"Milwaukee cut off disc, Performance+, 6 in Diameter, .045 in Thickness, 7/8 in Arbor","Performance+ cut off disc, 6 in, .045 in, 7/8 in","Performance+ cut off disc, 6 in, .045 in, 7/8 in",,,,,,,,,,,,,,,,,,,,,,,,,,,Diameter,6,in,Thickness,.045,in,Arbor,7/8,in,,,,,,,,,,,,,,,,,,,,,,,,,,,,,,,,,,,,,,,,,,,,,,,,,,,,,,,,,,,,,,,,,,,,,,,,,,,,,,,,,,,,,,,,,,,,,,,,,,,,,,,,,,,,,,,,,,,,,,,,,,,,,,,,,,,,,,,,,,,,,,,,,31191500,,,,,,,,,,,,,,,,,,,,,,,,,,,,,,,,,,,,,,,,,,,
https://,,,,,,,,,,,49-94-0137,"49-94-0137 Milwaukee 7""x3/32""x7/8"" Performance+ Metal Cut Off Disc",,,,Milwaukee Accessory (4031),Milwaukee Accessory,Milwaukee,Milwaukee,49-94-0137,,Power Tools & Accessories>Abrasives>Cut-Off Wheels,"Milwaukee Accessory Milwaukee, cut off disc, Performance+, 49-94-0137",CUT OFF DISC 7IN 3/32IN 7/8IN,Milwaukee Performance+ 49-94-0137 cut off disc,"Milwaukee cut off disc, Performance+, 7 in Diameter, 3/32 in Thickness, 7/8 in Arbor","Performance+ cut off disc, 7 in, 3/32 in, 7/8 in","Performance+ cut off disc, 7 in, 3/32 in, 7/8 in",,,,,,,,,,,,,,,,,,,,,,,,,,,Diameter,7,in,Thickness,3/32,in,Arbor,7/8,in,,,,,,,,,,,,,,,,,,,,,,,,,,,,,,,,,,,,,,,,,,,,,,,,,,,,,,,,,,,,,,,,,,,,,,,,,,,,,,,,,,,,,,,,,,,,,,,,,,,,,,,,,,,,,,,,,,,,,,,,,,,,,,,,,,,,,,,,,,,,,,,,,31191500,,,,,,,,,,,,,,,,,,,,,,,,,,,,,,,,,,,,,,,,,,,
https://,,,,,,,,,,,49-94-0160,"49-94-0160 Milwaukee 14""x7/64""x1"" Performance+ Metal Cut Off Disc",,,,Milwaukee Accessory (4031),Milwaukee Accessory,Milwaukee,Milwaukee,49-94-0160,,Power Tools & Accessories>Abrasives>Cut-Off Wheels,"Milwaukee Accessory Milwaukee, cut off disc, Performance+, 49-94-0160",CUT OFF DISC 14IN 7/64IN 1IN,Milwaukee Performance+ 49-94-0160 cut off disc,"Milwaukee cut off disc, Performance+, 14 in Diameter, 7/64 in Thickness, 1 in Arbor","Performance+ cut off disc, 14 in, 7/64 in, 1 in","Performance+ cut off disc, 14 in, 7/64 in, 1 in",,,,,,,,,,,,,,,,,,,,,,,,,,,Diameter,14,in,Thickness,7/64,in,Arbor,1,in,,,,,,,,,,,,,,,,,,,,,,,,,,,,,,,,,,,,,,,,,,,,,,,,,,,,,,,,,,,,,,,,,,,,,,,,,,,,,,,,,,,,,,,,,,,,,,,,,,,,,,,,,,,,,,,,,,,,,,,,,,,,,,,,,,,,,,,,,,,,,,,,,31191500,,,,,,,,,,,,,,,,,,,,,,,,,,,,,,,,,,,,,,,,,,,
https://,,,,,,,,,,,49-94-0223,"49-94-0223 Milwaukee 6""x.045""x7/8"" Ceramic+ Metal Cut Off Disc",,,,Milwaukee Accessory (4031),Milwaukee Accessory,Milwaukee,Milwaukee,49-94-0223,,Power Tools & Accessories>Abrasives>Cut-Off Wheels,"Milwaukee Accessory Milwaukee, cut off disc, Ceramic+, 49-94-0223",CUT OFF DISC 6IN .045IN 7/8IN,Milwaukee Ceramic+ 49-94-0223 cut off disc,"Milwaukee cut off disc, Ceramic+, 6 in Diameter, .045 in Thickness, 7/8 in Arbor","Ceramic+ cut off disc, 6 in, .045 in, 7/8 in","Ceramic+ cut off disc, 6 in, .045 in, 7/8 in",,,,,,,,,,,,,,,,,,,,,,,,,,,Diameter,6,in,Thickness,.045,in,Arbor,7/8,in,,,,,,,,,,,,,,,,,,,,,,,,,,,,,,,,,,,,,,,,,,,,,,,,,,,,,,,,,,,,,,,,,,,,,,,,,,,,,,,,,,,,,,,,,,,,,,,,,,,,,,,,,,,,,,,,,,,,,,,,,,,,,,,,,,,,,,,,,,,,,,,,,31191500,,,,,,,,,,,,,,,,,,,,,,,,,,,,,,,,,,,,,,,,,,,
https://,,,,,,,,,,,49-94-0445,"49-94-0445 Milwaukee 10""x3/32""x5/8"" Performance+ Metal Cut Off Disc",,,,Milwaukee Accessory (4031),Milwaukee Accessory,Milwaukee,Milwaukee,49-94-0445,,Power Tools & Accessories>Abrasives>Cut-Off Wheels,"Milwaukee Accessory Milwaukee, cut off disc, Performance+, 49-94-0445",CUT OFF DISC 10IN 3/32IN 5/8IN,Milwaukee Performance+ 49-94-0445 cut off disc,"Milwaukee cut off disc, Performance+, 10 in Diameter, 3/32 in Thickness, 5/8 in Arbor","Performance+ cut off disc, 10 in, 3/32 in, 5/8 in","Performance+ cut off disc, 10 in, 3/32 in, 5/8 in",,,,,,,,,,,,,,,,,,,,,,,,,,,Diameter,10,in,Thickness,3/32,in,Arbor,5/8,in,,,,,,,,,,,,,,,,,,,,,,,,,,,,,,,,,,,,,,,,,,,,,,,,,,,,,,,,,,,,,,,,,,,,,,,,,,,,,,,,,,,,,,,,,,,,,,,,,,,,,,,,,,,,,,,,,,,,,,,,,,,,,,,,,,,,,,,,,,,,,,,,,31191500,,,,,,,,,,,,,,,,,,,,,,,,,,,,,,,,,,,,,,,,,,,
https://,,,,,,,,,,,49-94-0803,"49-94-0803 Milwaukee 4-1/2""x1/8""x7/8"" Dual Metal Cut and Grind Disc",,,,Milwaukee Accessory (4031),Milwaukee Accessory,Milwaukee,Milwaukee,49-94-0803,,Power Tools & Accessories>Abrasives>Grinding Wheels,"Milwaukee Accessory Milwaukee, cut and grind disc, 49-94-0803",CUT AND GRIND DISC 4-1/2IN 1/8IN 7/8IN,Milwaukee 49-94-0803 cut and grind disc,"Milwaukee cut and grind disc, 4-1/2 in Diameter, 1/8 in Thickness, 7/8 in Arbor","cut and grind disc, 4-1/2 in, 1/8 in, 7/8 in","cut and grind disc, 4-1/2 in, 1/8 in, 7/8 in",,,,,,,,,,,,,,,,,,,,,,,,,,,Diameter,4-1/2,in,Thickness,1/8,in,Arbor,7/8,in,,,,,,,,,,,,,,,,,,,,,,,,,,,,,,,,,,,,,,,,,,,,,,,,,,,,,,,,,,,,,,,,,,,,,,,,,,,,,,,,,,,,,,,,,,,,,,,,,,,,,,,,,,,,,,,,,,,,,,,,,,,,,,,,,,,,,,,,,,,,,,,,,31191500,,,,,,,,,,,,,,,,,,,,,,,,,,,,,,,,,,,,,,,,,,,
https://,,,,,,,,,,,49-94-0903,"49-94-0903 Milwaukee 4-1/2""x1/8""x7/8""Perform+Dual Metal Cut and Grind Disc",,,,Milwaukee Accessory (4031),Milwaukee Accessory,Milwaukee,Milwaukee,49-94-0903,,Power Tools & Accessories>Abrasives>Grinding Wheels,"Milwaukee Accessory Milwaukee, cut and grind disc, Perform+, 49-94-0903",CUT AND GRIND DISC 4-1/2IN 1/8IN 7/8IN,Milwaukee Perform+ 49-94-0903 cut and grind disc,"Milwaukee cut and grind disc, Perform+, 4-1/2 in Diameter, 1/8 in Thickness, 7/8 in Arbor","Perform+ cut and grind disc, 4-1/2 in, 1/8 in, 7/8 in","Perform+ cut and grind disc, 4-1/2 in, 1/8 in, 7/8 in",,,,,,,,,,,,,,,,,,,,,,,,,,,Diameter,4-1/2,in,Thickness,1/8,in,Arbor,7/8,in,,,,,,,,,,,,,,,,,,,,,,,,,,,,,,,,,,,,,,,,,,,,,,,,,,,,,,,,,,,,,,,,,,,,,,,,,,,,,,,,,,,,,,,,,,,,,,,,,,,,,,,,,,,,,,,,,,,,,,,,,,,,,,,,,,,,,,,,,,,,,,,,,31191500,,,,,,,,,,,,,,,,,,,,,,,,,,,,,,,,,,,,,,,,,,,
https://,,,,,,,,,,,49-94-0907,"49-94-0907 Milwaukee 4-1/2""x1/8""x5/8-11""Perform+Dual Metal Cut n Grind Disc",,,,Milwaukee Accessory (4031),Milwaukee Accessory,Milwaukee,Milwaukee,49-94-0907,,Power Tools & Accessories>Abrasives>Grinding Wheels,"Milwaukee Accessory Milwaukee, cut n grind disc, Perform+, 49-94-0907",CUT N GRIND DISC 4-1/2IN 1/8IN 5/8-11IN,Milwaukee Perform+ 49-94-0907 cut n grind disc,"Milwaukee cut n grind disc, Perform+, 4-1/2 in Diameter, 1/8 in Thickness, 5/8-11 in Arbor","Perform+ cut n grind disc, 4-1/2 in, 1/8 in, 5/8-11 in","Perform+ cut n grind disc, 4-1/2 in, 1/8 in, 5/8-11 in",,,,,,,,,,,,,,,,,,,,,,,,,,,Diameter,4-1/2,in,Thickness,1/8,in,Arbor,5/8-11,in,,,,,,,,,,,,,,,,,,,,,,,,,,,,,,,,,,,,,,,,,,,,,,,,,,,,,,,,,,,,,,,,,,,,,,,,,,,,,,,,,,,,,,,,,,,,,,,,,,,,,,,,,,,,,,,,,,,,,,,,,,,,,,,,,,,,,,,,,,,,,,,,,31191500,,,,,,,,,,,,,,,,,,,,,,,,,,,,,,,,,,,,,,,,,,,
https://,,,,,,,,,,,49-94-0923,"49-94-0923 Milwaukee 6""x1/8""x7/8"" Perform+Dual Metal Cut and Grind Disc",,,,Milwaukee Accessory (4031),Milwaukee Accessory,Milwaukee,Milwaukee,49-94-0923,,Power Tools & Accessories>Abrasives>Grinding Wheels,"Milwaukee Accessory Milwaukee, cut and grind disc, Perform+, 49-94-0923",CUT AND GRIND DISC 6IN 1/8IN 7/8IN,Milwaukee Perform+ 49-94-0923 cut and grind disc,"Milwaukee cut and grind disc, Perform+, 6 in Diameter, 1/8 in Thickness, 7/8 in Arbor","Perform+ cut and grind disc, 6 in, 1/8 in, 7/8 in","Perform+ cut and grind disc, 6 in, 1/8 in, 7/8 in",,,,,,,,,,,,,,,,,,,,,,,,,,,Diameter,6,in,Thickness,1/8,in,Arbor,7/8,in,,,,,,,,,,,,,,,,,,,,,,,,,,,,,,,,,,,,,,,,,,,,,,,,,,,,,,,,,,,,,,,,,,,,,,,,,,,,,,,,,,,,,,,,,,,,,,,,,,,,,,,,,,,,,,,,,,,,,,,,,,,,,,,,,,,,,,,,,,,,,,,,,31191500,,,,,,,,,,,,,,,,,,,,,,,,,,,,,,,,,,,,,,,,,,,
https://,,,,,,,,,,,49-94-1900,"49-94-1900 Milwaukee 4""x1/8""x5/8"" Masonry Cut Off Disc",,,,Milwaukee Accessory (4031),Milwaukee Accessory,Milwaukee,Milwaukee,49-94-1900,,Power Tools & Accessories>Abrasives>Cut-Off Wheels,"Milwaukee Accessory Milwaukee, cut off disc, 49-94-1900, 4 in, 1/8 in, 5/8 in",CUT OFF DISC 4IN 1/8IN 5/8IN,Milwaukee 49-94-1900 cut off disc,"Milwaukee cut off disc, 4 in Diameter, 1/8 in Thickness, 5/8 in Arbor","cut off disc, 4 in, 1/8 in, 5/8 in","cut off disc, 4 in, 1/8 in, 5/8 in",,,,,,,,,,,,,,,,,,,,,,,,,,,Diameter,4,in,Thickness,1/8,in,Arbor,5/8,in,,,,,,,,,,,,,,,,,,,,,,,,,,,,,,,,,,,,,,,,,,,,,,,,,,,,,,,,,,,,,,,,,,,,,,,,,,,,,,,,,,,,,,,,,,,,,,,,,,,,,,,,,,,,,,,,,,,,,,,,,,,,,,,,,,,,,,,,,,,,,,,,,31191500,,,,,,,,,,,,,,,,,,,,,,,,,,,,,,,,,,,,,,,,,,,
https://,,,,,,,,,,,49-94-1905,"49-94-1905 Milwaukee 4-1/2""x1/8""x7/8"" Masonry Cut Off Disc",,,,Milwaukee Accessory (4031),Milwaukee Accessory,Milwaukee,Milwaukee,49-94-1905,,Power Tools & Accessories>Abrasives>Cut-Off Wheels,"Milwaukee Accessory Milwaukee, cut off disc, 49-94-1905, 4-1/2 in, 1/8 in, 7/8 in",CUT OFF DISC 4-1/2IN 1/8IN 7/8IN,Milwaukee 49-94-1905 cut off disc,"Milwaukee cut off disc, 4-1/2 in Diameter, 1/8 in Thickness, 7/8 in Arbor","cut off disc, 4-1/2 in, 1/8 in, 7/8 in","cut off disc, 4-1/2 in, 1/8 in, 7/8 in",,,,,,,,,,,,,,,,,,,,,,,,,,,Diameter,4-1/2,in,Thickness,1/8,in,Arbor,7/8,in,,,,,,,,,,,,,,,,,,,,,,,,,,,,,,,,,,,,,,,,,,,,,,,,,,,,,,,,,,,,,,,,,,,,,,,,,,,,,,,,,,,,,,,,,,,,,,,,,,,,,,,,,,,,,,,,,,,,,,,,,,,,,,,,,,,,,,,,,,,,,,,,,31191500,,,,,,,,,,,,,,,,,,,,,,,,,,,,,,,,,,,,,,,,,,,
https://,,,,,,,,,,,49-94-1915,"49-94-1915 Milwaukee 6-1/2""x1/8""x5/8"" DKO Masonry Cut Off Disc",,,,Milwaukee Accessory (4031),Milwaukee Accessory,Milwaukee,Milwaukee,49-94-1915,,Power Tools & Accessories>Abrasives>Cut-Off Wheels,"Milwaukee Accessory Milwaukee, cut off disc, 49-94-1915, 6-1/2 in, 1/8 in, 5/8 in",CUT OFF DISC 6-1/2IN 1/8IN 5/8IN,Milwaukee 49-94-1915 cut off disc,"Milwaukee cut off disc, 6-1/2 in Diameter, 1/8 in Thickness, 5/8 in Arbor","cut off disc, 6-1/2 in, 1/8 in, 5/8 in","cut off disc, 6-1/2 in, 1/8 in, 5/8 in",,,,,,,,,,,,,,,,,,,,,,,,,,,Diameter,6-1/2,in,Thickness,1/8,in,Arbor,5/8,in,,,,,,,,,,,,,,,,,,,,,,,,,,,,,,,,,,,,,,,,,,,,,,,,,,,,,,,,,,,,,,,,,,,,,,,,,,,,,,,,,,,,,,,,,,,,,,,,,,,,,,,,,,,,,,,,,,,,,,,,,,,,,,,,,,,,,,,,,,,,,,,,,31191500,,,,,,,,,,,,,,,,,,,,,,,,,,,,,,,,,,,,,,,,,,,
https://,,,,,,,,,,,49-94-1920,"49-94-1920 Milwaukee 7""x1/8""x5/8"" DKO Masonry Cut Off Disc",,,,Milwaukee Accessory (4031),Milwaukee Accessory,Milwaukee,Milwaukee,49-94-1920,,Power Tools & Accessories>Abrasives>Cut-Off Wheels,"Milwaukee Accessory Milwaukee, Cut Off Disc, 49-94-1920, 7 in, 1/8 in, 5/8 in",CUT OFF DISC 7IN 1/8IN 5/8IN,Milwaukee 49-94-1920 Cut Off Disc,"Milwaukee Cut Off Disc, 7 in Diameter, 1/8 in Thickness, 5/8 in Arbor","Cut Off Disc, 7 in, 1/8 in, 5/8 in","Cut Off Disc, 7 in, 1/8 in, 5/8 in",,,,,,,,,,,,,,,,,,,,,,,,,,,Diameter,7,in,Thickness,1/8,in,Arbor,5/8,in,,,,,,,,,,,,,,,,,,,,,,,,,,,,,,,,,,,,,,,,,,,,,,,,,,,,,,,,,,,,,,,,,,,,,,,,,,,,,,,,,,,,,,,,,,,,,,,,,,,,,,,,,,,,,,,,,,,,,,,,,,,,,,,,,,,,,,,,,,,,,,,,,31191500,,,,,,,,,,,,,,,,,,,,,,,,,,,,,,,,,,,,,,,,,,,
https://,,,,,,,,,,,49-94-1925,"49-94-1925 Milwaukee 10""x1/8""x5/8"" Masonry Cut Off Disc",,,,Milwaukee Accessory (4031),Milwaukee Accessory,Milwaukee,Milwaukee,49-94-1925,,Power Tools & Accessories>Abrasives>Cut-Off Wheels,"Milwaukee Accessory Milwaukee, Cut Off Disc, 49-94-1925, 10 in, 1/8 in, 5/8 in",CUT OFF DISC 10IN 1/8IN 5/8IN,Milwaukee 49-94-1925 Cut Off Disc,"Milwaukee Cut Off Disc, 10 in Diameter, 1/8 in Thickness, 5/8 in Arbor","Cut Off Disc, 10 in, 1/8 in, 5/8 in","Cut Off Disc, 10 in, 1/8 in, 5/8 in",,,,,,,,,,,,,,,,,,,,,,,,,,,Diameter,10,in,Thickness,1/8,in,Arbor,5/8,in,,,,,,,,,,,,,,,,,,,,,,,,,,,,,,,,,,,,,,,,,,,,,,,,,,,,,,,,,,,,,,,,,,,,,,,,,,,,,,,,,,,,,,,,,,,,,,,,,,,,,,,,,,,,,,,,,,,,,,,,,,,,,,,,,,,,,,,,,,,,,,,,,31191500,,,,,,,,,,,,,,,,,,,,,,,,,,,,,,,,,,,,,,,,,,,
https://,,,,,,,,,,,49-94-1935,"49-94-1935 Milwaukee 12""x1/8""x1"" Masonry Cut Off Disc",,,,Milwaukee Accessory (4031),Milwaukee Accessory,Milwaukee,Milwaukee,49-94-1935,,Power Tools & Accessories>Abrasives>Cut-Off Wheels,"Milwaukee Accessory Milwaukee, Cut Off Disc, 49-94-1935, 12 in, 1/8 in, 1 in",CUT OFF DISC 12IN 1/8IN 1IN,Milwaukee 49-94-1935 Cut Off Disc,"Milwaukee Cut Off Disc, 12 in Diameter, 1/8 in Thickness, 1 in Arbor","Cut Off Disc, 12 in, 1/8 in, 1 in","Cut Off Disc, 12 in, 1/8 in, 1 in",,,,,,,,,,,,,,,,,,,,,,,,,,,Diameter,12,in,Thickness,1/8,in,Arbor,1,in,,,,,,,,,,,,,,,,,,,,,,,,,,,,,,,,,,,,,,,,,,,,,,,,,,,,,,,,,,,,,,,,,,,,,,,,,,,,,,,,,,,,,,,,,,,,,,,,,,,,,,,,,,,,,,,,,,,,,,,,,,,,,,,,,,,,,,,,,,,,,,,,,31191500,,,,,,,,,,,,,,,,,,,,,,,,,,,,,,,,,,,,,,,,,,,
https://,,,,,,,,,,,49-94-1940,"49-94-1940 Milwaukee 14""x1/8""x1"" Masonry Cut Off Disc",,,,Milwaukee Accessory (4031),Milwaukee Accessory,Milwaukee,Milwaukee,49-94-1940,,Power Tools & Accessories>Abrasives>Cut-Off Wheels,"Milwaukee Accessory Milwaukee, Cut Off Disc, 49-94-1940, 14 in, 1/8 in, 1 in",CUT OFF DISC 14IN 1/8IN 1IN,Milwaukee 49-94-1940 Cut Off Disc,"Milwaukee Cut Off Disc, 14 in Diameter, 1/8 in Thickness, 1 in Arbor","Cut Off Disc, 14 in, 1/8 in, 1 in","Cut Off Disc, 14 in, 1/8 in, 1 in",,,,,,,,,,,,,,,,,,,,,,,,,,,Diameter,14,in,Thickness,1/8,in,Arbor,1,in,,,,,,,,,,,,,,,,,,,,,,,,,,,,,,,,,,,,,,,,,,,,,,,,,,,,,,,,,,,,,,,,,,,,,,,,,,,,,,,,,,,,,,,,,,,,,,,,,,,,,,,,,,,,,,,,,,,,,,,,,,,,,,,,,,,,,,,,,,,,,,,,,31191500,,,,,,,,,,,,,,,,,,,,,,,,,,,,,,,,,,,,,,,,,,,
https://,,,,,,,,,,,49-94-0501,"49-94-0501 Milwaukee 4""x1/4""x5/8"" Metal Grinding Wheel",,,,Milwaukee Accessory (4031),Milwaukee Accessory,Milwaukee,Milwaukee,49-94-0501,,Power Tools & Accessories>Abrasives>Grinding Wheels,"Milwaukee Accessory Milwaukee, Grinding Wheel, 49-94-0501, 4 in, 1/4 in, 5/8 in",GRINDING WHEEL 4IN 1/4IN 5/8IN,Milwaukee 49-94-0501 Grinding Wheel,"Milwaukee Grinding Wheel, 4 in Diameter, 1/4 in Thickness, 5/8 in Arbor","Grinding Wheel, 4 in, 1/4 in, 5/8 in","Grinding Wheel, 4 in, 1/4 in, 5/8 in",,,,,,,,,,,,,,,,,,,,,,,,,,,Diameter,4,in,Thickness,1/4,in,Arbor,5/8,in,,,,,,,,,,,,,,,,,,,,,,,,,,,,,,,,,,,,,,,,,,,,,,,,,,,,,,,,,,,,,,,,,,,,,,,,,,,,,,,,,,,,,,,,,,,,,,,,,,,,,,,,,,,,,,,,,,,,,,,,,,,,,,,,,,,,,,,,,,,,,,,,,31191500,,,,,,,,,,,,,,,,,,,,,,,,,,,,,,,,,,,,,,,,,,,
https://,,,,,,,,,,,49-94-0503,"49-94-0503 Milwaukee 4-1/2""x1/4""x7/8"" Metal Grinding Wheel",,,,Milwaukee Accessory (4031),Milwaukee Accessory,Milwaukee,Milwaukee,49-94-0503,,Power Tools & Accessories>Abrasives>Grinding Wheels,"Milwaukee Accessory Milwaukee, Grinding Wheel, 49-94-0503, 4-1/2 in, 1/4 in, 7/8 in",GRINDING WHEEL 4-1/2IN 1/4IN 7/8IN,Milwaukee 49-94-0503 Grinding Wheel,"Milwaukee Grinding Wheel, 4-1/2 in Diameter, 1/4 in Thickness, 7/8 in Arbor","Grinding Wheel, 4-1/2 in, 1/4 in, 7/8 in","Grinding Wheel, 4-1/2 in, 1/4 in, 7/8 in",,,,,,,,,,,,,,,,,,,,,,,,,,,Diameter,4-1/2,in,Thickness,1/4,in,Arbor,7/8,in,,,,,,,,,,,,,,,,,,,,,,,,,,,,,,,,,,,,,,,,,,,,,,,,,,,,,,,,,,,,,,,,,,,,,,,,,,,,,,,,,,,,,,,,,,,,,,,,,,,,,,,,,,,,,,,,,,,,,,,,,,,,,,,,,,,,,,,,,,,,,,,,,31191500,,,,,,,,,,,,,,,,,,,,,,,,,,,,,,,,,,,,,,,,,,,
https://,,,,,,,,,,,49-94-0523,"49-94-0523 Milwaukee 6""x1/4""x7/8"" Metal Grinding Wheel",,,,Milwaukee Accessory (4031),Milwaukee Accessory,Milwaukee,Milwaukee,49-94-0523,,Power Tools & Accessories>Abrasives>Grinding Wheels,"Milwaukee Accessory Milwaukee, Grinding Wheel, 49-94-0523, 6 in, 1/4 in, 7/8 in",GRINDING WHEEL 6IN 1/4IN 7/8IN,Milwaukee 49-94-0523 Grinding Wheel,"Milwaukee Grinding Wheel, 6 in Diameter, 1/4 in Thickness, 7/8 in Arbor","Grinding Wheel, 6 in, 1/4 in, 7/8 in","Grinding Wheel, 6 in, 1/4 in, 7/8 in",,,,,,,,,,,,,,,,,,,,,,,,,,,Diameter,6,in,Thickness,1/4,in,Arbor,7/8,in,,,,,,,,,,,,,,,,,,,,,,,,,,,,,,,,,,,,,,,,,,,,,,,,,,,,,,,,,,,,,,,,,,,,,,,,,,,,,,,,,,,,,,,,,,,,,,,,,,,,,,,,,,,,,,,,,,,,,,,,,,,,,,,,,,,,,,,,,,,,,,,,,31191500,,,,,,,,,,,,,,,,,,,,,,,,,,,,,,,,,,,,,,,,,,,
https://,,,,,,,,,,,49-94-1955,"49-94-1955 Milwaukee 4-1/2""x1/4""x7/8"" Masonry Grinding Wheel",,,,Milwaukee Accessory (4031),Milwaukee Accessory,Milwaukee,Milwaukee,49-94-1955,,Power Tools & Accessories>Abrasives>Grinding Wheels,"Milwaukee Accessory Milwaukee, Grinding Wheel, 49-94-1955, 4-1/2 in, 1/4 in, 7/8 in",GRINDING WHEEL 4-1/2IN 1/4IN 7/8IN,Milwaukee 49-94-1955 Grinding Wheel,"Milwaukee Grinding Wheel, 4-1/2 in Diameter, 1/4 in Thickness, 7/8 in Arbor","Grinding Wheel, 4-1/2 in, 1/4 in, 7/8 in","Grinding Wheel, 4-1/2 in, 1/4 in, 7/8 in",,,,,,,,,,,,,,,,,,,,,,,,,,,Diameter,4-1/2,in,Thickness,1/4,in,Arbor,7/8,in,,,,,,,,,,,,,,,,,,,,,,,,,,,,,,,,,,,,,,,,,,,,,,,,,,,,,,,,,,,,,,,,,,,,,,,,,,,,,,,,,,,,,,,,,,,,,,,,,,,,,,,,,,,,,,,,,,,,,,,,,,,,,,,,,,,,,,,,,,,,,,,,,31191500,,,,,,,,,,,,,,,,,,,,,,,,,,,,,,,,,,,,,,,,,,,
https://phillips.com,,,,,,,,,,,586479,586479 90W LED Med Multi CCT,,,Philips,Phillips Lighting (5831),Phillips Lighting,Philips,,586479,,Lighting & Electrical>Light Bulbs>LED Bulbs,"Phillips Lighting Philips, LED Bulb, 586479, 90 W, Med, Multi CCT",LED BULB 90W MED MULTICCT,Philips 586479 LED Bulb,"Philips LED Bulb, 90 W Wattage, Med, Multi CCT","LED Bulb, 90 W, Med, Multi CCT","LED Bulb, 90 W, Med, Multi CCT",,,,,,,,,,,,,,,,,,,,,,,,,,,Wattage,90,W,Base Type,Med,,Color Temperature,Multi CCT,,,,,,,,,,,,,,,,,,,,,,,,,,,,,,,,,,,,,,,,,,,,,,,,,,,,,,,,,,,,,,,,,,,,,,,,,,,,,,,,,,,,,,,,,,,,,,,,,,,,,,,,,,,,,,,,,,,,,,,,,,,,,,,,,,,,,,,,,,,,,,,,,,39101628,,,,,,,,,,,,,,,,,,,,,,,,,,,,,,,,,,,,,,,,,,,
https://phillips.com,,,,,,,,,,,586917,586917 40W LED Cand 27K 2pk,,,Philips,Phillips Lighting (5831),Phillips Lighting,Philips,,586917,,Lighting & Fans>Light Bulbs>LED Bulbs,"Phillips Lighting Philips, LED Bulb, 586917, 40 W",LED BULB 40W,Philips 586917 LED Bulb,"Philips LED Bulb, 40 W Wattage, Additional Information: Cand 27K","LED Bulb, 40 W","LED Bulb, 40 W",,,,,,,,,,,,,,,,,,,,,,,,,2pk,,Wattage,40,W,,,,,,,,,,,,,,,,,,,,,,,,,,,,,,,,,,,,,,,,,,,,,,,,,,,,,,,,,,,,,,,,,,,,,,,,,,,,,,,,,,,,,,,,,,,,,,,,,,,,,,,,,,,,,,,,,,,,,,,,,,,,,,,,,,,,,,,,,,,,,,,,,,,,,,,39101628,,,,,,,,,,,,,,,,,,,,,,,,,,,,,,,,,,,,,,,,,,,
https://square.com,,,,,,,,,,,HOM2040M200PRB,HOM2040M200PRB 200A Load Cntr,,,,Square D Con Prod Dv (6825),Square D Con Prod Dv,Square D,Square D,HOM2040M200PRB,,Electrical>Circuit Protection>Load Centers,"Square D Con Prod Dv Square D, Load Center, HOM, HOM2040M200PRB",LOAD CENTER 200A,Square D HOM HOM2040M200PRB Load Center,"Square D Load Center, HOM, 200 A Amperage Rating, Additional Information: HOM2040M200PRB",HOM Load Center,HOM Load Center,,,,,,,,,,,,,,,,,,,,,,,,,,,Amperage Rating,200,A,,,,,,,,,,,,,,,,,,,,,,,,,,,,,,,,,,,,,,,,,,,,,,,,,,,,,,,,,,,,,,,,,,,,,,,,,,,,,,,,,,,,,,,,,,,,,,,,,,,,,,,,,,,,,,,,,,,,,,,,,,,,,,,,,,,,,,,,,,,,,,,,,,,,,,,39121101,,,,,,,,,,,,,,,,,,,,,,,,,,,,,,,,,,,,,,,,,,,
https://square.com,,,,,,,,,,,QO612L100RBCP,QO612L100RBCP 100A Load Center,,,Square D,Square D Con Prod Dv (6825),Square D Con Prod Dv,Square D,Square D,QO612L100RBCP,,Electrical>Power Distribution>Load Centers,"Square D Con Prod Dv Square D, Load Center, QO, QO612L100RBCP",LOAD CENTER 100A,Square D QO QO612L100RBCP Load Center,"Square D Load Center, QO, 100 A Amperage Rating, Additional Information: QO612L100RBCP",QO Load Center,QO Load Center,,,,,,,,,,,,,,,,,,,,,,,,,,,Amperage Rating,100,A,,,,,,,,,,,,,,,,,,,,,,,,,,,,,,,,,,,,,,,,,,,,,,,,,,,,,,,,,,,,,,,,,,,,,,,,,,,,,,,,,,,,,,,,,,,,,,,,,,,,,,,,,,,,,,,,,,,,,,,,,,,,,,,,,,,,,,,,,,,,,,,,,,,,,,,39121101,,,,,,,,,,,,,,,,,,,,,,,,,,,,,,,,,,,,,,,,,,,
https://leviton.com,,,,,,,,,,,R00-GFNT1-00K,R00GFNT100K 15A Outlet Br,,,Leviton,Leviton Mfg Co (4927),Leviton Mfg Co,Leviton,Leviton,R00-GFNT1-00K,,Electrical>Wiring Devices>Electrical Receptacles,"Leviton Mfg Co Leviton, Outlet, R00-GFNT1-00K, 15 A",OUTLET 15A,Leviton R00-GFNT1-00K Outlet,"Leviton Outlet, 15 A Amperage Rating, Additional Information: R00GFNT100K",Outlet,Outlet,,,,,,,,,,,,,,,,,,,,,,,,,,,Amperage Rating,15,A,,,,,,,,,,,,,,,,,,,,,,,,,,,,,,,,,,,,,,,,,,,,,,,,,,,,,,,,,,,,,,,,,,,,,,,,,,,,,,,,,,,,,,,,,,,,,,,,,,,,,,,,,,,,,,,,,,,,,,,,,,,,,,,,,,,,,,,,,,,,,,,,,,,,,,,39121406,,,,,,,,,,,,,,,,,,,,,,,,,,,,,,,,,,,,,,,,,,,
https://makita.com,,,,,,,,,,,XRU23SM1,"XRU23SM1 Makita 18V 13"" - String Trimmer Kit",,,,Makita Usa Inc (5142),Makita Usa Inc,Makita,Makita,XRU23SM1,,Lawn & Garden>Outdoor Power Equipment>String Trimmers,"Makita Usa Inc Makita, String Trimmer Kit, XRU23SM1, 18 V, 13 in",STRING TRIMMER KIT 18V 13IN,Makita XRU23SM1 String Trimmer Kit,"Makita String Trimmer Kit, 18 V Voltage Rating, 13 in Cutting Width","String Trimmer Kit, 13 in","String Trimmer Kit, 13 in",,,,,,,,,,,,,,,,,,,,,,,,,,,Voltage Rating,18,V,Cutting Width,13,in,,,,,,,,,,,,,,,,,,,,,,,,,,,,,,,,,,,,,,,,,,,,,,,,,,,,,,,,,,,,,,,,,,,,,,,,,,,,,,,,,,,,,,,,,,,,,,,,,,,,,,,,,,,,,,,,,,,,,,,,,,,,,,,,,,,,,,,,,,,,,,,,,,,,21101700,,,,,,,,,,,,,,,,,,,,,,,,,,,,,,,,,,,,,,,,,,,
https://black.com,,,,,,,,,,,DCBL724B,DCBL724B Dewalt 20V Max XR Blower (Bare),,,,Black & Decker/dewlt (2585),Black & Decker/dewlt,Dewalt,Dewalt,DCBL724B,,Lawn & Garden>Outdoor Power Equipment>Leaf Blowers,"Black & Decker/dewlt Dewalt, Blower, XR, DCBL724B, 20 V",BLOWER 20V,Dewalt XR DCBL724B Blower,"Dewalt Blower, XR, 20 V Voltage Rating",XR Blower,XR Blower,,,,,,,,,,,,,,,,,,,,,,,,,,,Voltage Rating,20,V,,,,,,,,,,,,,,,,,,,,,,,,,,,,,,,,,,,,,,,,,,,,,,,,,,,,,,,,,,,,,,,,,,,,,,,,,,,,,,,,,,,,,,,,,,,,,,,,,,,,,,,,,,,,,,,,,,,,,,,,,,,,,,,,,,,,,,,,,,,,,,,,,,,,,,,21101700,,,,,,,,,,,,,,,,,,,,,,,,,,,,,,,,,,,,,,,,,,,
https://mirka.com,,,,,,,,,,,9A-219-180,9A-219-180 Abranet 4x6x6,,,,Mirka Abrasives Inc (MIRUS),Mirka Abrasives Inc,Mirka,Mirka,9A-219-180,,Tools & Equipment>Abrasives>Sanding Sheets,"Mirka Abrasives Inc Mirka, Sanding Sheet, Abranet, 9A-219-180",SANDING SHEET 9A,Mirka Abranet 9A-219-180 Sanding Sheet,"Mirka Sanding Sheet, Abranet, 9 A Amperage Rating",Abranet Sanding Sheet,Abranet Sanding Sheet,,,,,,,,,,,,,,,,,,,,,,,,,,,Amperage Rating,9,A,,,,,,,,,,,,,,,,,,,,,,,,,,,,,,,,,,,,,,,,,,,,,,,,,,,,,,,,,,,,,,,,,,,,,,,,,,,,,,,,,,,,,,,,,,,,,,,,,,,,,,,,,,,,,,,,,,,,,,,,,,,,,,,,,,,,,,,,,,,,,,,,,,,,,,,31191500,,,,,,,,,,,,,,,,,,,,,,,,,,,,,,,,,,,,,,,,,,,
https://mirka.com,,,,,,,,,,,9A-219-120RP,9A-219-120RP Abranet 4x6x6,,,,Mirka Abrasives Inc (MIRUS),Mirka Abrasives Inc,Mirka,Mirka,9A-219-120RP,,Tools & Equipment>Abrasives>Sanding Sheets,"Mirka Abrasives Inc Mirka, Sanding Sheet, Abranet, 9A-219-120RP",SANDING SHEET 9A,Mirka Abranet 9A-219-120RP Sanding Sheet,"Mirka Sanding Sheet, Abranet, 9 A Amperage Rating",Abranet Sanding Sheet,Abranet Sanding Sheet,,,,,,,,,,,,,,,,,,,,,,,,,,,Amperage Rating,9,A,,,,,,,,,,,,,,,,,,,,,,,,,,,,,,,,,,,,,,,,,,,,,,,,,,,,,,,,,,,,,,,,,,,,,,,,,,,,,,,,,,,,,,,,,,,,,,,,,,,,,,,,,,,,,,,,,,,,,,,,,,,,,,,,,,,,,,,,,,,,,,,,,,,,,,,31191500,,,,,,,,,,,,,,,,,,,,,,,,,,,,,,,,,,,,,,,,,,,
https://black.com,,,,,,,,,,,DCF860B,DCF860B Dewalt 20V Impact - Driver Drill,,,,Black & Decker/dewlt (2585),Black & Decker/dewlt,Dewalt,Dewalt,DCF860B,,Tools & Equipment>Power Tools>Cordless Drills & Drivers,"Black & Decker/dewlt Dewalt, Impact Drill, DCF860B, 20 V",IMPACT DRILL 20V,Dewalt DCF860B Impact Drill,"Dewalt Impact Drill, 20 V Voltage Rating",Impact Drill,Impact Drill,,,,,,,,,,,,,,,,,,,,,,,,,,,Voltage Rating,20,V,,,,,,,,,,,,,,,,,,,,,,,,,,,,,,,,,,,,,,,,,,,,,,,,,,,,,,,,,,,,,,,,,,,,,,,,,,,,,,,,,,,,,,,,,,,,,,,,,,,,,,,,,,,,,,,,,,,,,,,,,,,,,,,,,,,,,,,,,,,,,,,,,,,,,,,27112703,,,,,,,,,,,,,,,,,,,,,,,,,,,,,,,,,,,,,,,,,,,
https://black.com,,,,,,,,,,,DCD1007B,"DCD1007B Dewalt 20V Cordless - 1/2"" Hammer Drill (Bare)",,,DEWALT,Black & Decker/dewlt (2585),Black & Decker/dewlt,Dewalt,Dewalt,DCD1007B,,Tools & Equipment>Power Tools>Hammer Drills,"Black & Decker/dewlt Dewalt, Hammer Drill, DCD1007B, 20 V, 1/2 in",HAMMER DRILL 20V 1/2IN,Dewalt DCD1007B Hammer Drill,"Dewalt Hammer Drill, 20 V Voltage Rating, 1/2 in Chuck Size","Hammer Drill, 1/2 in","Hammer Drill, 1/2 in",,,,,,,,,,,,,,,,,,,,,,,,,,,Voltage Rating,20,V,Chuck Size,1/2,in,,,,,,,,,,,,,,,,,,,,,,,,,,,,,,,,,,,,,,,,,,,,,,,,,,,,,,,,,,,,,,,,,,,,,,,,,,,,,,,,,,,,,,,,,,,,,,,,,,,,,,,,,,,,,,,,,,,,,,,,,,,,,,,,,,,,,,,,,,,,,,,,,,,,27112705,,,,,,,,,,,,,,,,,,,,,,,,,,,,,,,,,,,,,,,,,,,
https://black.com,,,,,,,,,,,DCN930B,DCN930B Dewalt 20V 30 Degree - Framing Nailer,,,DEWALT,Black & Decker/dewlt (2585),Black & Decker/dewlt,Dewalt,Dewalt,DCN930B,,Tools & Equipment>Power Tools>Pneumatic & Cordless Nailers,"Black & Decker/dewlt Dewalt, Framing Nailer, DCN930B, 20 V, 30 deg",FRAMING NAILER 20V 30DEG,Dewalt DCN930B Framing Nailer,"Dewalt Framing Nailer, 20 V Voltage Rating, 30 deg Collation Angle","Framing Nailer, 30 deg","Framing Nailer, 30 deg",,,,,,,,,,,,,,,,,,,,,,,,,,,Voltage Rating,20,V,Collation Angle,30,deg,,,,,,,,,,,,,,,,,,,,,,,,,,,,,,,,,,,,,,,,,,,,,,,,,,,,,,,,,,,,,,,,,,,,,,,,,,,,,,,,,,,,,,,,,,,,,,,,,,,,,,,,,,,,,,,,,,,,,,,,,,,,,,,,,,,,,,,,,,,,,,,,,,,,27111902,,,,,,,,,,,,,,,,,,,,,,,,,,,,,,,,,,,,,,,,,,,
https://makita.com,,,,,,,,,,,XVP01Z,"XVP01Z Makita 18V 3"" Polisher/ 2"" Sander",,,,Makita Usa Inc (5142),Makita Usa Inc,Makita,Makita,XVP01Z,,Tools & Equipment>Power Tools>Polishers & Sanders,"Makita Usa Inc Makita, polisher/sander, XVP01Z, 3 in, 2 in, 18 V",POLISHER/SANDER 3IN 2IN 18V 2IN,Makita XVP01Z polisher/sander,"Makita polisher/sander, 3 in Diameter, 2 in Sander Capacity, 18 V Voltage Rating, 2 in Arbor","polisher/sander, 3 in, 2 in","polisher/sander, 3 in, 2 in",,,,,,,,,,,,,,,,,,,,,,,,,,,Diameter,3,in,Sander Capacity,2,in,Voltage Rating,18,V,Arbor,2,in,,,,,,,,,,,,,,,,,,,,,,,,,,,,,,,,,,,,,,,,,,,,,,,,,,,,,,,,,,,,,,,,,,,,,,,,,,,,,,,,,,,,,,,,,,,,,,,,,,,,,,,,,,,,,,,,,,,,,,,,,,,,,,,,,,,,,,,,,,,,,,27112720,,,,,,,,,,,,,,,,,,,,,,,,,,,,,,,,,,,,,,,,,,,
https://black.com,,,,,,,,,,,DCG460B,"DCG460B Dewalt 60V Grinder - 7-9""",,,DEWALT,Black & Decker/dewlt (2585),Black & Decker/dewlt,Dewalt,Dewalt,DCG460B,,Tools & Equipment>Power Tools>Angle Grinders,"Black & Decker/dewlt Dewalt, grinder, DCG460B, 60 V, 7-9 in",GRINDER 60V 7-9IN,Dewalt DCG460B grinder,"Dewalt grinder, 60 V Voltage Rating, 7-9 in Diameter","grinder, 7-9 in","grinder, 7-9 in",,,,,,,,,,,,,,,,,,,,,,,,,,,Voltage Rating,60,V,Diameter,7-9,in,,,,,,,,,,,,,,,,,,,,,,,,,,,,,,,,,,,,,,,,,,,,,,,,,,,,,,,,,,,,,,,,,,,,,,,,,,,,,,,,,,,,,,,,,,,,,,,,,,,,,,,,,,,,,,,,,,,,,,,,,,,,,,,,,,,,,,,,,,,,,,,,,,,,27112705,,,,,,,,,,,,,,,,,,,,,,,,,,,,,,,,,,,,,,,,,,,
https://jpwindustries.com,,,,,,,,,,,JT1-549,"JT1-549 JWBS18SFX 18"" Bandsaw - 1.75HP 1PH 115V",,,,JPW Industries (JPWIN),JPW Industries,JWBS,JWBS,JT1-549,,Tools & Equipment>Stationary Machinery>Bandsaws,"JPW Industries JWBS, bandsaw, JT1-549, 18 in, 1.75 HP, 1 PH",BANDSAW 18IN 1.75HP 1PH 115V,JWBS JT1-549 bandsaw,"JWBS bandsaw, 18 in Blade Capacity, 1.75 HP Horsepower, 1 PH Phase, 115 V Voltage Rating","bandsaw, 18 in, 1.75 HP, 1 PH","bandsaw, 18 in, 1.75 HP, 1 PH",,,,,,,,,,,,,,,,,,,,,,,,,,,Blade Capacity,18,in,Horsepower,1.75,HP,Phase,1,PH,Voltage Rating,115,V,,,,,,,,,,,,,,,,,,,,,,,,,,,,,,,,,,,,,,,,,,,,,,,,,,,,,,,,,,,,,,,,,,,,,,,,,,,,,,,,,,,,,,,,,,,,,,,,,,,,,,,,,,,,,,,,,,,,,,,,,,,,,,,,,,,,,,,,,,,,,,27112701,,,,,,,,,,,,,,,,,,,,,,,,,,,,,,,,,,,,,,,,,,,
https://kreg.com,,,,,,,,,,,KPTJS100A,KPTJS100A Kreg 20V Ionic Barrel Grip Jigsaw,,,,Kreg Tool Company (KRETO),Kreg Tool Company,Kreg,Kreg,KPTJS100A,,Tools & Equipment>Power Tools>Jigsaws,"Kreg Tool Company Kreg, jigsaw, Ionic, KPTJS100A, 20 V",JIGSAW 20V,Kreg Ionic KPTJS100A jigsaw,"Kreg jigsaw, Ionic, 20 V Voltage Rating",Ionic jigsaw,Ionic jigsaw,,,,,,,,,,,,,,,,,,,,,,,,,,,Voltage Rating,20,V,,,,,,,,,,,,,,,,,,,,,,,,,,,,,,,,,,,,,,,,,,,,,,,,,,,,,,,,,,,,,,,,,,,,,,,,,,,,,,,,,,,,,,,,,,,,,,,,,,,,,,,,,,,,,,,,,,,,,,,,,,,,,,,,,,,,,,,,,,,,,,,,,,,,,,,27112709,,,,,,,,,,,,,,,,,,,,,,,,,,,,,,,,,,,,,,,,,,,
https://black.com,,,,,,,,,,,DCB205C,DCB205C 20V Starter Kit,,,DEWALT,Black & Decker/dewlt (2585),Black & Decker/dewlt,DEWALT,DEWALT,DCB205C,,Power Tools>Power Tool Accessories>Battery Packs,"Black & Decker/dewlt DEWALT, Starter Kit, DCB205C, 20 V",STARTER KIT 20V,DEWALT DCB205C Starter Kit,"DEWALT Starter Kit, 20 V Voltage Rating",Starter Kit,Starter Kit,,,,,,,,,,,,,,,,,,,,,,,,,,,Voltage Rating,20,V,,,,,,,,,,,,,,,,,,,,,,,,,,,,,,,,,,,,,,,,,,,,,,,,,,,,,,,,,,,,,,,,,,,,,,,,,,,,,,,,,,,,,,,,,,,,,,,,,,,,,,,,,,,,,,,,,,,,,,,,,,,,,,,,,,,,,,,,,,,,,,,,,,,,,,,26111700,,,,,,,,,,,,,,,,,,,,,,,,,,,,,,,,,,,,,,,,,,,
https://kreg.com,,,,,,,,,,,BATT4A,BATT4A Kreg 20V 4ah Battery Pack,,,,Kreg Tool Company (KRETO),Kreg Tool Company,Kreg,Kreg,BATT4A,,Power Tools>Power Tool Accessories>Battery Packs,"Kreg Tool Company Kreg, Battery Pack, BATT4A, 20 V, 4 Ah",BATTERY PACK 20V 4AH,Kreg BATT4A Battery Pack,"Kreg Battery Pack, 20 V Voltage Rating, 4 Ah Capacity","Battery Pack, 4 Ah","Battery Pack, 4 Ah",,,,,,,,,,,,,,,,,,,,,,,,,,,Voltage Rating,20,V,Capacity,4,Ah,,,,,,,,,,,,,,,,,,,,,,,,,,,,,,,,,,,,,,,,,,,,,,,,,,,,,,,,,,,,,,,,,,,,,,,,,,,,,,,,,,,,,,,,,,,,,,,,,,,,,,,,,,,,,,,,,,,,,,,,,,,,,,,,,,,,,,,,,,,,,,,,,,,,26111700,,,,,,,,,,,,,,,,,,,,,,,,,,,,,,,,,,,,,,,,,,,
https://kreg.com,,,,,,,,,,,BATT2A,BATT2A Kreg 20V 2ah Battery Pack,,,,Kreg Tool Company (KRETO),Kreg Tool Company,Kreg,Kreg,BATT2A,,Power Tools>Power Tool Accessories>Battery Packs,"Kreg Tool Company Kreg, Battery Pack, BATT2A, 20 V, 2 Ah",BATTERY PACK 20V 2AH,Kreg BATT2A Battery Pack,"Kreg Battery Pack, 20 V Voltage Rating, 2 Ah Capacity","Battery Pack, 2 Ah","Battery Pack, 2 Ah",,,,,,,,,,,,,,,,,,,,,,,,,,,Voltage Rating,20,V,Capacity,2,Ah,,,,,,,,,,,,,,,,,,,,,,,,,,,,,,,,,,,,,,,,,,,,,,,,,,,,,,,,,,,,,,,,,,,,,,,,,,,,,,,,,,,,,,,,,,,,,,,,,,,,,,,,,,,,,,,,,,,,,,,,,,,,,,,,,,,,,,,,,,,,,,,,,,,,26111700,,,,,,,,,,,,,,,,,,,,,,,,,,,,,,,,,,,,,,,,,,,
https://black.com,,,,,,,,,,,DCB1104,DCB1104 Dewalt 12V/20V Charger - 4 Amp,,,,Black & Decker/dewlt (2585),Black & Decker/dewlt,DEWALT,DEWALT,DCB1104,,Power Tools>Power Tool Accessories>Battery Chargers,"Black & Decker/dewlt DEWALT, Charger, DCB1104, 12/20 V, 4 Amp",CHARGER 12/20V 4AMP,DEWALT DCB1104 Charger,"DEWALT Charger, 12/20 V Voltage Rating, 4 Amp Amperage","Charger, 4 Amp","Charger, 4 Amp",,,,,,,,,,,,,,,,,,,,,,,,,,,Voltage Rating,12/20,V,Amperage,4,Amp,,,,,,,,,,,,,,,,,,,,,,,,,,,,,,,,,,,,,,,,,,,,,,,,,,,,,,,,,,,,,,,,,,,,,,,,,,,,,,,,,,,,,,,,,,,,,,,,,,,,,,,,,,,,,,,,,,,,,,,,,,,,,,,,,,,,,,,,,,,,,,,,,,,,26111700,,,,,,,,,,,,,,,,,,,,,,,,,,,,,,,,,,,,,,,,,,,
https://oliver.com,,,,,,,,,,,10047VS,10047VS Oliver 3HP 230V 1PH Shaper 1-1/4 Spindle,,,,Oliver Machinery Company (OLIMA),Oliver Machinery Company,Oliver,Oliver,10047VS,,Machinery>Woodworking Machinery>Shapers,"Oliver Machinery Company Oliver, Shaper, 10047VS, 3 HP, 230 V, 1 PH",SHAPER 3HP 230V 1PH 1-1/4,Oliver 10047VS Shaper,"Oliver Shaper, 3 HP Horsepower, 230 V Voltage Rating, 1 PH Phase, 1-1/4","Shaper, 3 HP, 1 PH","Shaper, 3 HP, 1 PH",,,,,,,,,,,,,,,,,,,,,,,,,,,Horsepower,3,HP,Voltage Rating,230,V,Phase,1,PH,Spindle Size,1-1/4,,,,,,,,,,,,,,,,,,,,,,,,,,,,,,,,,,,,,,,,,,,,,,,,,,,,,,,,,,,,,,,,,,,,,,,,,,,,,,,,,,,,,,,,,,,,,,,,,,,,,,,,,,,,,,,,,,,,,,,,,,,,,,,,,,,,,,,,,,,,,,,23101500,,,,,,,,,,,,,,,,,,,,,,,,,,,,,,,,,,,,,,,,,,,
https://oliver.com,,,,,,,,,,,10014.201,"10014.201 Oliver 15"" Planer 3HP 1Ph 220V",,,,Oliver Machinery Company (OLIMA),Oliver Machinery Company,Oliver,Oliver,10014.201,,Machinery>Woodworking Machinery>Planers,"Oliver Machinery Company Oliver, Planer, 10014.201, 15 in, 3 HP, 1 Ph",PLANER 15IN 3HP 1PH 220V,Oliver 10014.201 Planer,"Oliver Planer, 15 in Capacity, 3 HP Horsepower, 1 Ph Phase, 220 V Voltage Rating","Planer, 15 in, 3 HP, 1 Ph","Planer, 15 in, 3 HP, 1 Ph",,,,,,,,,,,,,,,,,,,,,,,,,,,Capacity,15,in,Horsepower,3,HP,Phase,1,Ph,Voltage Rating,220,V,,,,,,,,,,,,,,,,,,,,,,,,,,,,,,,,,,,,,,,,,,,,,,,,,,,,,,,,,,,,,,,,,,,,,,,,,,,,,,,,,,,,,,,,,,,,,,,,,,,,,,,,,,,,,,,,,,,,,,,,,,,,,,,,,,,,,,,,,,,,,,23101500,,,,,,,,,,,,,,,,,,,,,,,,,,,,,,,,,,,,,,,,,,,
https://oliver.com,,,,,,,,,,,4430.201,"4430.201 Oliver 20"" Planer 5HP 1Ph 230V",,,,Oliver Machinery Company (OLIMA),Oliver Machinery Company,Oliver,Oliver,4430.201,,Machinery>Woodworking Machinery>Planers,"Oliver Machinery Company Oliver, Planer, 4430.201, 20 in, 5 HP, 1 Ph",PLANER 20IN 5HP 1PH 230V,Oliver 4430.201 Planer,"Oliver Planer, 20 in Capacity, 5 HP Horsepower, 1 Ph Phase, 230 V Voltage Rating","Planer, 20 in, 5 HP, 1 Ph","Planer, 20 in, 5 HP, 1 Ph",,,,,,,,,,,,,,,,,,,,,,,,,,,Capacity,20,in,Horsepower,5,HP,Phase,1,Ph,Voltage Rating,230,V,,,,,,,,,,,,,,,,,,,,,,,,,,,,,,,,,,,,,,,,,,,,,,,,,,,,,,,,,,,,,,,,,,,,,,,,,,,,,,,,,,,,,,,,,,,,,,,,,,,,,,,,,,,,,,,,,,,,,,,,,,,,,,,,,,,,,,,,,,,,,,23101500,,,,,,,,,,,,,,,,,,,,,,,,,,,,,,,,,,,,,,,,,,,
https://,,,,,,,,,,,73019602,Finyline Water Heater 6' Fl Rail Kit Rd - w/Black Alum Balusters,,,,,,Finyline,Finyline,73019602,,Building Materials>Decking & Railing>Railing Systems,"Finyline, Rail Kit, Finyline, 73019602, 6 ft, Round, Aluminum",RAIL KIT 6FT ROUND ALUMINUM BLACK,Finyline Finyline 73019602 Rail Kit,"Finyline Rail Kit, Finyline, 6 ft Length, Round, Aluminum, Black","Finyline Rail Kit, 6 ft, Round, Aluminum","Finyline Rail Kit, 6 ft, Round, Aluminum",,,,,,,,,,,,,,,,,,,,,,,,,,,Length,6,ft,Baluster Shape,Round,,Baluster Material,Aluminum,,Baluster Color,Black,,,,,,,,,,,,,,,,,,,,,,,,,,,,,,,,,,,,,,,,,,,,,,,,,,,,,,,,,,,,,,,,,,,,,,,,,,,,,,,,,,,,,,,,,,,,,,,,,,,,,,,,,,,,,,,,,,,,,,,,,,,,,,,,,,,,,,,,,,,,,,,30263600,,,,,,,,,,,,,,,,,,,,,,,,,,,,,,,,,,,,,,,,,,,
https://,,,,,,,,,,,73019651,Finyline Water Heater 8' Fl Rail Kit Rd - w/Black Alum Balusters,,,,,,Finyline,Finyline,73019651,,Building Materials>Decking & Railing>Railing Systems,"Finyline, Rail Kit, Finyline, 73019651, 8 ft, Round, Aluminum",RAIL KIT 8FT ROUND ALUMINUM BLACK,Finyline Finyline 73019651 Rail Kit,"Finyline Rail Kit, Finyline, 8 ft Length, Round, Aluminum, Black","Finyline Rail Kit, 8 ft, Round, Aluminum","Finyline Rail Kit, 8 ft, Round, Aluminum",,,,,,,,,,,,,,,,,,,,,,,,,,,Length,8,ft,Baluster Shape,Round,,Baluster Material,Aluminum,,Baluster Color,Black,,,,,,,,,,,,,,,,,,,,,,,,,,,,,,,,,,,,,,,,,,,,,,,,,,,,,,,,,,,,,,,,,,,,,,,,,,,,,,,,,,,,,,,,,,,,,,,,,,,,,,,,,,,,,,,,,,,,,,,,,,,,,,,,,,,,,,,,,,,,,,,30263600,,,,,,,,,,,,,,,,,,,,,,,,,,,,,,,,,,,,,,,,,,,
https://,,,,,,,,,,,73019516,Finyline Water Heater 10' Fl Rail Kit Rd - w/Black Alum Balusters,,,,,,Finyline,Finyline,73019516,,Building Materials>Decking & Railing>Railing Systems,"Finyline, Rail Kit, Finyline, 73019516, 10 ft, Round, Aluminum",RAIL KIT 10FT ROUND ALUMINUM BLACK,Finyline Finyline 73019516 Rail Kit,"Finyline Rail Kit, Finyline, 10 ft Length, Round, Aluminum, Black","Finyline Rail Kit, 10 ft, Round, Aluminum","Finyline Rail Kit, 10 ft, Round, Aluminum",,,,,,,,,,,,,,,,,,,,,,,,,,,Length,10,ft,Baluster Shape,Round,,Baluster Material,Aluminum,,Baluster Color,Black,,,,,,,,,,,,,,,,,,,,,,,,,,,,,,,,,,,,,,,,,,,,,,,,,,,,,,,,,,,,,,,,,,,,,,,,,,,,,,,,,,,,,,,,,,,,,,,,,,,,,,,,,,,,,,,,,,,,,,,,,,,,,,,,,,,,,,,,,,,,,,,30263600,,,,,,,,,,,,,,,,,,,,,,,,,,,,,,,,,,,,,,,,,,,
https://phillips.com,,,,,,,,,,,576355,576355 60/100/150 LED Med 50k,,,Philips,Phillips Lighting (5831),Phillips Lighting,Philips,,576355,,Lighting & Fans>Light Bulbs>LED Bulbs,"Phillips Lighting Philips, LED Bulb, 576355, 576355, 60/100/150 w, Med",LED BULB 576355 60/100/150W MED 50K,Philips 576355 LED Bulb,"Philips LED Bulb, 576355, 60/100/150 w Wattage Equivalency, Med, 50k","LED Bulb, 576355, 60/100/150 w, Med","LED Bulb, 576355, 60/100/150 w, Med",,,,,,,,,,,,,,,,,,,,,,,,,,,Model Number,576355,,Wattage Equivalency,60/100/150,w,Base Type,Med,,Color Temperature,50k,,,,,,,,,,,,,,,,,,,,,,,,,,,,,,,,,,,,,,,,,,,,,,,,,,,,,,,,,,,,,,,,,,,,,,,,,,,,,,,,,,,,,,,,,,,,,,,,,,,,,,,,,,,,,,,,,,,,,,,,,,,,,,,,,,,,,,,,,,,,,,,39101628,,,,,,,,,,,,,,,,,,,,,,,,,,,,,,,,,,,,,,,,,,,
https://phillips.com,,,,,,,,,,,576769,576769 65W LED BR30 Med 27k,,,Philips,Phillips Lighting (5831),Phillips Lighting,Philips,,576769,,Lighting & Electrical>Light Bulbs>LED Bulbs,"Phillips Lighting Philips, LED bulb, 576769, 65 W, BR30, Med",LED BULB 65W BR30 MED 27K,Philips 576769 LED bulb,"Philips LED bulb, 65 W Wattage, BR30, Med, 27k","LED bulb, 65 W, BR30, Med","LED bulb, 65 W, BR30, Med",,,,,,,,,,,,,,,,,,,,,,,,,,,Wattage,65,W,Shape,BR30,,Base,Med,,Color Temperature,27k,,,,,,,,,,,,,,,,,,,,,,,,,,,,,,,,,,,,,,,,,,,,,,,,,,,,,,,,,,,,,,,,,,,,,,,,,,,,,,,,,,,,,,,,,,,,,,,,,,,,,,,,,,,,,,,,,,,,,,,,,,,,,,,,,,,,,,,,,,,,,,,39101628,,,,,,,,,,,,,,,,,,,,,,,,,,,,,,,,,,,,,,,,,,,
https://phillips.com,,,,,,,,,,,571463,571463 100W LED BR30 Med 50k,,,Philips,Phillips Lighting (5831),Phillips Lighting,Philips,,571463,,Lighting & Electrical>Light Bulbs>LED Bulbs,"Phillips Lighting Philips, LED bulb, 571463, 100 W, BR30, Med",LED BULB 100W BR30 MED 50K,Philips 571463 LED bulb,"Philips LED bulb, 100 W Wattage, BR30, Med, 50k","LED bulb, 100 W, BR30, Med","LED bulb, 100 W, BR30, Med",,,,,,,,,,,,,,,,,,,,,,,,,,,Wattage,100,W,Shape,BR30,,Base,Med,,Color Temperature,50k,,,,,,,,,,,,,,,,,,,,,,,,,,,,,,,,,,,,,,,,,,,,,,,,,,,,,,,,,,,,,,,,,,,,,,,,,,,,,,,,,,,,,,,,,,,,,,,,,,,,,,,,,,,,,,,,,,,,,,,,,,,,,,,,,,,,,,,,,,,,,,,39101628,,,,,,,,,,,,,,,,,,,,,,,,,,,,,,,,,,,,,,,,,,,
https://phillips.com,,,,,,,,,,,576512,576512 65W LED BR40 Med 27k,,,Philips,Phillips Lighting (5831),Phillips Lighting,Philips,,576512,,Lighting & Electrical>Light Bulbs>LED Bulbs,"Phillips Lighting Philips, LED bulb, 576512, 65 W, BR40, Med",LED BULB 65W BR40 MED 27K,Philips 576512 LED bulb,"Philips LED bulb, 65 W Wattage, BR40, Med, 27k","LED bulb, 65 W, BR40, Med","LED bulb, 65 W, BR40, Med",,,,,,,,,,,,,,,,,,,,,,,,,,,Wattage,65,W,Shape,BR40,,Base,Med,,Color Temperature,27k,,,,,,,,,,,,,,,,,,,,,,,,,,,,,,,,,,,,,,,,,,,,,,,,,,,,,,,,,,,,,,,,,,,,,,,,,,,,,,,,,,,,,,,,,,,,,,,,,,,,,,,,,,,,,,,,,,,,,,,,,,,,,,,,,,,,,,,,,,,,,,,39101628,,,,,,,,,,,,,,,,,,,,,,,,,,,,,,,,,,,,,,,,,,,
https://boise.com,,,,,,,,,,,543300256,6' Black Select Classic Horiz - Rail w/Rnd Black Alum Baluster,TREX,,,Boise Cascade Building Materials (BOICA),Boise Cascade Building Materials,TREX,,543300256,,Building Materials>Decking & Railing>Railing Systems,"Boise Cascade Building Materials TREX, Rail, Select Classic, 543300256",RAIL 6FT BLACK HORIZONTAL ROUND ALUMINUM,"TREX Select Classic 543300256 Rail, Black","TREX Rail, Select Classic, 6 ft Length, Black, Horizontal, Round, Aluminum","Select Classic Rail, 6 ft, Black, Horizontal","Select Classic Rail, 6 ft, Black, Horizontal",,,,,,,,,,,,,,,,,,,,,,,,,,,Length,6,ft,Color,Black,,Orientation,Horizontal,,Baluster Shape,Round,,Baluster Material,Aluminum,,,,,,,,,,,,,,,,,,,,,,,,,,,,,,,,,,,,,,,,,,,,,,,,,,,,,,,,,,,,,,,,,,,,,,,,,,,,,,,,,,,,,,,,,,,,,,,,,,,,,,,,,,,,,,,,,,,,,,,,,,,,,,,,,,,,,,,,,,,,30263600,,,,,,,,,,,,,,,,,,,,,,,,,,,,,,,,,,,,,,,,,,,
https://boise.com,,,,,,,,,,,543300276,8' Black Select Classic Horiz - Rail w/Rnd Black Alum Baluster,TREX,,,Boise Cascade Building Materials (BOICA),Boise Cascade Building Materials,TREX,,543300276,,Building Materials>Decking & Railing>Railing Systems,"Boise Cascade Building Materials TREX, Rail, Select Classic, 543300276",RAIL 8FT BLACK HORIZONTAL ROUND ALUMINUM,"TREX Select Classic 543300276 Rail, Black","TREX Rail, Select Classic, 8 ft Length, Black, Horizontal, Round, Aluminum","Select Classic Rail, 8 ft, Black, Horizontal","Select Classic Rail, 8 ft, Black, Horizontal",,,,,,,,,,,,,,,,,,,,,,,,,,,Length,8,ft,Color,Black,,Orientation,Horizontal,,Baluster Shape,Round,,Baluster Material,Aluminum,,,,,,,,,,,,,,,,,,,,,,,,,,,,,,,,,,,,,,,,,,,,,,,,,,,,,,,,,,,,,,,,,,,,,,,,,,,,,,,,,,,,,,,,,,,,,,,,,,,,,,,,,,,,,,,,,,,,,,,,,,,,,,,,,,,,,,,,,,,,30263600,,,,,,,,,,,,,,,,,,,,,,,,,,,,,,,,,,,,,,,,,,,
https://phillips.com,,,,,,,,,,,564856,564856 40W LED ST19 27k 2pk,,,Philips,Phillips Lighting (5831),Phillips Lighting,Phillips,Phillips,564856,,Lighting & Electrical>Light Bulbs>LED Bulbs,"Phillips Lighting Phillips, LED Bulb, 564856, 40 W, ST19, 2700 k",LED BULB 40W ST19 2700K 2PK,Phillips 564856 LED Bulb,"Phillips LED Bulb, 40 W Wattage, ST19, 2700 k Color Temperature, 2 pk Pack Quantity","LED Bulb, 40 W, ST19, 2700 k","LED Bulb, 40 W, ST19, 2700 k",,,,,,,,,,,,,,,,,,,,,,,,,,,Wattage,40,W,Shape,ST19,,Color Temperature,2700,k,Pack Quantity,2,pk,,,,,,,,,,,,,,,,,,,,,,,,,,,,,,,,,,,,,,,,,,,,,,,,,,,,,,,,,,,,,,,,,,,,,,,,,,,,,,,,,,,,,,,,,,,,,,,,,,,,,,,,,,,,,,,,,,,,,,,,,,,,,,,,,,,,,,,,,,,,,,39101628,,,,,,,,,,,,,,,,,,,,,,,,,,,,,,,,,,,,,,,,,,,
https://phillips.com,,,,,,,,,,,564492,564492 75W Adj Base 27k 3pk,,,Philips,Phillips Lighting (5831),Phillips Lighting,Phillips,Phillips,564492,,Lighting & Electrical>Light Bulbs>LED Bulbs,"Phillips Lighting Phillips, LED Bulb, 564492, 75 W, Adjustable, 2700 k",LED BULB 75W ADJUSTABLE 2700K 3PK,Phillips 564492 LED Bulb,"Phillips LED Bulb, 75 W Wattage, Adjustable, 2700 k Color Temperature, 3 pk Pack Quantity","LED Bulb, 75 W, Adjustable, 2700 k","LED Bulb, 75 W, Adjustable, 2700 k",,,,,,,,,,,,,,,,,,,,,,,,,,,Wattage,75,W,Base,Adjustable,,Color Temperature,2700,k,Pack Quantity,3,pk,,,,,,,,,,,,,,,,,,,,,,,,,,,,,,,,,,,,,,,,,,,,,,,,,,,,,,,,,,,,,,,,,,,,,,,,,,,,,,,,,,,,,,,,,,,,,,,,,,,,,,,,,,,,,,,,,,,,,,,,,,,,,,,,,,,,,,,,,,,,,,39101628,,,,,,,,,,,,,,,,,,,,,,,,,,,,,,,,,,,,,,,,,,,
https://mirka.com,,,,,,,,,,,5B-332-120,"5B-332-120 HIOLIT 5"" P120",,,,Mirka Abrasives Inc (MIRUS),Mirka Abrasives Inc,HIOLIT,HIOLIT,5B-332-120,,Abrasives>Coated Abrasives>Abrasive Discs,"Mirka Abrasives Inc, Abrasive Discs, HIOLIT, 5B-332-120, 120, 5 in, 5B-332-120",ABRASIVE DISCS 120 5IN 5B-332-120,Mirka Abrasives Inc HIOLIT 5B-332-120 Abrasive Discs,"Mirka Abrasives Inc Abrasive Discs, HIOLIT, 120, 5 in Diameter, 5B-332-120","HIOLIT Abrasive Discs, 120, 5 in, 5B-332-120","HIOLIT Abrasive Discs, 120, 5 in, 5B-332-120",,,,,,,,,,,,,,,,,,,,,,,,,,,Grit,120,,Diameter,5,in,Part Number,5B-332-120,,,,,,,,,,,,,,,,,,,,,,,,,,,,,,,,,,,,,,,,,,,,,,,,,,,,,,,,,,,,,,,,,,,,,,,,,,,,,,,,,,,,,,,,,,,,,,,,,,,,,,,,,,,,,,,,,,,,,,,,,,,,,,,,,,,,,,,,,,,,,,,,,,31191505,,,,,,,,,,,,,,,,,,,,,,,,,,,,,,,,,,,,,,,,,,,
https://appliance.com,https://www.appliance.com/search?q=KDFM404KPS,,,,,,,,,,KDFM404KPS,KDFM404KPS Dishwasher SS,,,,Appliance Dealers Cooperative (APPDE),Appliance Dealers Cooperative,Appliance Dealers Cooperative,,KDFM404KPS,,Appliances & Consumer Electronics>Kitchen Appliances>Built-In Dishwashers,"Appliance Dealers Cooperative, Dishwasher, KDFM404KPS, SS",DISHWASHER SS,Appliance Dealers Cooperative KDFM404KPS Dishwasher,"Appliance Dealers Cooperative Dishwasher, SS","Dishwasher, SS","Dishwasher, SS",,,,,,,,,,,,,,,,,,,,,,,,,,,finish,SS,,,,,,,,,,,,,,,,,,,,,,,,,,,,,,,,,,,,,,,,,,,,,,,,,,,,,,,,,,,,,,,,,,,,,,,,,,,,,,,,,,,,,,,,,,,,,,,,,,,,,,,,,,,,,,,,,,,,,,,,,,,,,,,,,,,,,,,,,,,,,,,,,,,,,,,,42172203,,,,,,,,,,,,,,,,,,,,,,,,,,,,,,,,,,,,,,,,,,,
https://,,,,,,,,,,,D519127,D519127 Heater Kit,,,,V & V Appliance Parts Inc (VVAPP),V & V Appliance Parts Inc,V & V Appliance Parts Inc,,D519127,,Appliances & Consumer Electronics>Appliance Parts & Accessories>Appliance Parts,"V & V Appliance Parts Inc, heater kit, D519127, D519127",HEATER KIT D519127,V & V Appliance Parts Inc D519127 heater kit,"V & V Appliance Parts Inc heater kit, D519127","heater kit, D519127","heater kit, D519127",,,,,,,,,,,,,,,,,,,,,,,,,,,Part Number,D519127,,,,,,,,,,,,,,,,,,,,,,,,,,,,,,,,,,,,,,,,,,,,,,,,,,,,,,,,,,,,,,,,,,,,,,,,,,,,,,,,,,,,,,,,,,,,,,,,,,,,,,,,,,,,,,,,,,,,,,,,,,,,,,,,,,,,,,,,,,,,,,,,,,,,,,,,42172203,,,,,,,,,,,,,,,,,,,,,,,,,,,,,,,,,,,,,,,,,,,
https://,,,,,,,,,,,LNL65301,LNL65301 Digital Tire Pressure - Inflator Gauge,,,,,,,,LNL65301,,Automotive>Automotive Maintenance & Care>Tire Pressure Gauges,"Inflator gauge, LNL65301, Digital Tire Pressure",INFLATOR GAUGE DIGITALTIREPRESSURE,LNL65301 Inflator gauge With Digital display,"Inflator gauge With Digital display, Digital Tire Pressure","Inflator gauge, Digital Tire Pressure","Inflator gauge, Digital Tire Pressure",Digital display,,,,,,,,,,,,,,,,,,,,With Digital display,,,,,,Type,Digital Tire Pressure,,,,,,,,,,,,,,,,,,,,,,,,,,,,,,,,,,,,,,,,,,,,,,,,,,,,,,,,,,,,,,,,,,,,,,,,,,,,,,,,,,,,,,,,,,,,,,,,,,,,,,,,,,,,,,,,,,,,,,,,,,,,,,,,,,,,,,,,,,,,,,,,,,,,,,,,25172605,,,,,,,,,,,,,,,,,,,,,,,,,,,,,,,,,,,,,,,,,,,
https://,,,,,,,,,,,25-A,Charcoal Black 25-A Mortar - Type N,,,,Rees Cast Stone Company (REECA),Rees Cast Stone Company,Rees Cast Stone Company,,25-A,,Building Materials>Masonry & Concrete>Mortar & Grout,"Rees Cast Stone Company, Mortar, 25-A, Charcoal Black, Type N",MORTAR CHARCOALBLACK TYPEN,"Rees Cast Stone Company 25-A Mortar, Charcoal Black","Rees Cast Stone Company Mortar, Charcoal Black, Type N","Mortar, Charcoal Black, Type N","Mortar, Charcoal Black, Type N",,,,,,,,,,,,,,,,,,,,,,,,,,,Color,Charcoal Black,,Type,Type N,,,,,,,,,,,,,,,,,,,,,,,,,,,,,,,,,,,,,,,,,,,,,,,,,,,,,,,,,,,,,,,,,,,,,,,,,,,,,,,,,,,,,,,,,,,,,,,,,,,,,,,,,,,,,,,,,,,,,,,,,,,,,,,,,,,,,,,,,,,,,,,,,,,,,30111603,,,,,,,,,,,,,,,,,,,,,,,,,,,,,,,,,,,,,,,,,,,
https://,,,,,,,,,,,38-E,Dark Chocolate 38-E Mortar - Type N,,,,Rees Cast Stone Company (REECA),Rees Cast Stone Company,Rees Cast Stone Company,,38-E,,Building Materials>Masonry & Concrete>Mortar & Grout,"Rees Cast Stone Company, Mortar, 38-E, Dark Chocolate, Type N",MORTAR DARKCHOCOLATE TYPEN,"Rees Cast Stone Company 38-E Mortar, Dark Chocolate","Rees Cast Stone Company Mortar, Dark Chocolate, Type N","Mortar, Dark Chocolate, Type N","Mortar, Dark Chocolate, Type N",,,,,,,,,,,,,,,,,,,,,,,,,,,Color,Dark Chocolate,,Type,Type N,,,,,,,,,,,,,,,,,,,,,,,,,,,,,,,,,,,,,,,,,,,,,,,,,,,,,,,,,,,,,,,,,,,,,,,,,,,,,,,,,,,,,,,,,,,,,,,,,,,,,,,,,,,,,,,,,,,,,,,,,,,,,,,,,,,,,,,,,,,,,,,,,,,,,30111603,,,,,,,,,,,,,,,,,,,,,,,,,,,,,,,,,,,,,,,,,,,
https://,,,,,,,,,,,59-J,Light Buff 59-J Mortar - Type N,,,,Rees Cast Stone Company (REECA),Rees Cast Stone Company,Rees Cast Stone Company,,59-J,,Building Materials>Masonry & Concrete>Mortar & Grout,"Rees Cast Stone Company, Mortar, 59-J, Light Buff, Type N",MORTAR LIGHTBUFF TYPEN,"Rees Cast Stone Company 59-J Mortar, Light Buff","Rees Cast Stone Company Mortar, Light Buff, Type N","Mortar, Light Buff, Type N","Mortar, Light Buff, Type N",,,,,,,,,,,,,,,,,,,,,,,,,,,Color,Light Buff,,Type,Type N,,,,,,,,,,,,,,,,,,,,,,,,,,,,,,,,,,,,,,,,,,,,,,,,,,,,,,,,,,,,,,,,,,,,,,,,,,,,,,,,,,,,,,,,,,,,,,,,,,,,,,,,,,,,,,,,,,,,,,,,,,,,,,,,,,,,,,,,,,,,,,,,,,,,,30111603,,,,,,,,,,,,,,,,,,,,,,,,,,,,,,,,,,,,,,,,,,,
https://,,,,,,,,,,,44-A,Light Chocolate 44-A Mortar - Type N,,,,Rees Cast Stone Company (REECA),Rees Cast Stone Company,Rees Cast Stone Company,,44-A,,Building Materials>Masonry & Concrete>Mortar & Grout,"Rees Cast Stone Company, Mortar, 44-A, Light Chocolate, Type N",MORTAR LIGHTCHOCOLATE TYPEN,"Rees Cast Stone Company 44-A Mortar, Light Chocolate","Rees Cast Stone Company Mortar, Light Chocolate, Type N","Mortar, Light Chocolate, Type N","Mortar, Light Chocolate, Type N",,,,,,,,,,,,,,,,,,,,,,,,,,,Color,Light Chocolate,,Type,Type N,,,,,,,,,,,,,,,,,,,,,,,,,,,,,,,,,,,,,,,,,,,,,,,,,,,,,,,,,,,,,,,,,,,,,,,,,,,,,,,,,,,,,,,,,,,,,,,,,,,,,,,,,,,,,,,,,,,,,,,,,,,,,,,,,,,,,,,,,,,,,,,,,,,,,30111603,,,,,,,,,,,,,,,,,,,,,,,,,,,,,,,,,,,,,,,,,,,
https://,,,,,,,,,,,25796,"6""x16' Smart Lap Sdg Cedar",LP SMARTSIDE,,,U S Lumber (3073),U S Lumber,Smart,Smart,25796,,Building Materials>Roofing & Siding>Siding,"U S Lumber Smart, siding, Smart Lap, 25796, 6 in, 16 ft, Cedar",SIDING 6IN 16FT CEDAR,Smart Smart Lap 25796 siding,"Smart siding, Smart Lap, 6 in width, 16 ft length, Cedar","Smart Lap siding, 6 in, 16 ft, Cedar","Smart Lap siding, 6 in, 16 ft, Cedar",,,,,,,,,,,,,,,,,,,,,,,,,,,width,6,in,length,16,ft,texture,Cedar,,,,,,,,,,,,,,,,,,,,,,,,,,,,,,,,,,,,,,,,,,,,,,,,,,,,,,,,,,,,,,,,,,,,,,,,,,,,,,,,,,,,,,,,,,,,,,,,,,,,,,,,,,,,,,,,,,,,,,,,,,,,,,,,,,,,,,,,,,,,,,,,,,30151601,,,,,,,,,,,,,,,,,,,,,,,,,,,,,,,,,,,,,,,,,,,
https://,,,,,,,,,,,1728ABL,2x2 Black Fine Fissured 1728BL,,,,Palmer Donavin Mfg Company (PALDO),Palmer Donavin Mfg Company,Palmer Donavin Mfg Company,,1728ABL,,Building Materials>Ceilings>Ceiling Tiles,"Palmer Donavin Mfg Company, Ceiling Tile, 1728ABL, 2x2, Black, Fine Fissured",CEILING TILE 2X2 BLACK FINEFISSURED,"Palmer Donavin Mfg Company 1728ABL Ceiling Tile, Black","Palmer Donavin Mfg Company Ceiling Tile, 2x2, Black, Fine Fissured, 1728BL","Ceiling Tile, 2x2, Black, Fine Fissured","Ceiling Tile, 2x2, Black, Fine Fissured",,,,,,,,,,,,,,,,,,,,,,,,,,,Dimensions,2x2,,Color,Black,,Texture,Fine Fissured,,Model Number,1728BL,,,,,,,,,,,,,,,,,,,,,,,,,,,,,,,,,,,,,,,,,,,,,,,,,,,,,,,,,,,,,,,,,,,,,,,,,,,,,,,,,,,,,,,,,,,,,,,,,,,,,,,,,,,,,,,,,,,,,,,,,,,,,,,,,,,,,,,,,,,,,,,30161700,,,,,,,,,,,,,,,,,,,,,,,,,,,,,,,,,,,,,,,,,,,
https://southwire.com,,,,,,,,,,,BHA1-UPC,16-24 Adjust Hanger,,,Southwire,Southwire/g Turner (6603),Southwire/g Turner,Southwire,,BHA1-UPC,,Electrical>Boxes & Covers>Box Hangers,"Southwire/g Turner Southwire, Box Hanger, BHA1-UPC, 16-24",BOX HANGER 16-24,Southwire BHA1-UPC Box Hanger,"Southwire Box Hanger, 16-24","Box Hanger, 16-24","Box Hanger, 16-24",,,,,,,,,,,,,,,,,,,,,,,,,,,Adjustment Range,16-24,,,,,,,,,,,,,,,,,,,,,,,,,,,,,,,,,,,,,,,,,,,,,,,,,,,,,,,,,,,,,,,,,,,,,,,,,,,,,,,,,,,,,,,,,,,,,,,,,,,,,,,,,,,,,,,,,,,,,,,,,,,,,,,,,,,,,,,,,,,,,,,,,,,,,,,,39121300,,,,,,,,,,,,,,,,,,,,,,,,,,,,,,,,,,,,,,,,,,,
https://southwire.com,,,,,,,,,,,54151-F-UPC,4x4x1-1/2 Oct Box w/Bracket,,,Southwire,Southwire/g Turner (6603),Southwire/g Turner,Southwire,,54151-F-UPC,,Electrical>Boxes & Covers>Electrical Boxes,"Southwire/g Turner Southwire, Octagon Box, 54151-F-UPC, 4x4x1-1/2 in, Bracket",OCTAGON BOX 4X4X1-1/2IN BRACKET,Southwire 54151-F-UPC Octagon Box,"Southwire Octagon Box, 4x4x1-1/2 in Dimensions, Bracket","Octagon Box, 4x4x1-1/2 in, Bracket","Octagon Box, 4x4x1-1/2 in, Bracket",,,,,,,,,,,,,,,,,,,,,,,,,,,Dimensions,4x4x1-1/2,in,Mounting,Bracket,,,,,,,,,,,,,,,,,,,,,,,,,,,,,,,,,,,,,,,,,,,,,,,,,,,,,,,,,,,,,,,,,,,,,,,,,,,,,,,,,,,,,,,,,,,,,,,,,,,,,,,,,,,,,,,,,,,,,,,,,,,,,,,,,,,,,,,,,,,,,,,,,,,,,39121300,,,,,,,,,,,,,,,,,,,,,,,,,,,,,,,,,,,,,,,,,,,
https://southwire.com,,,,,,,,,,,54151-HUR-UPC,4x4x1-1/2 Oct Box w/Hanger,,,Southwire,Southwire/g Turner (6603),Southwire/g Turner,Southwire,,54151-HUR-UPC,,Electrical>Boxes & Covers>Electrical Boxes,"Southwire/g Turner Southwire, Octagon Box, 54151-HUR-UPC, 4x4x1-1/2 in, Hanger",OCTAGON BOX 4X4X1-1/2IN HANGER,Southwire 54151-HUR-UPC Octagon Box,"Southwire Octagon Box, 4x4x1-1/2 in Dimensions, Hanger","Octagon Box, 4x4x1-1/2 in, Hanger","Octagon Box, 4x4x1-1/2 in, Hanger",,,,,,,,,,,,,,,,,,,,,,,,,,,Dimensions,4x4x1-1/2,in,Mounting,Hanger,,,,,,,,,,,,,,,,,,,,,,,,,,,,,,,,,,,,,,,,,,,,,,,,,,,,,,,,,,,,,,,,,,,,,,,,,,,,,,,,,,,,,,,,,,,,,,,,,,,,,,,,,,,,,,,,,,,,,,,,,,,,,,,,,,,,,,,,,,,,,,,,,,,,,39121300,,,,,,,,,,,,,,,,,,,,,,,,,,,,,,,,,,,,,,,,,,,
https://southwire.com,,,,,,,,,,,54151-JR-UPC,4x4x1-1/2 Oct Box w/Brakcet,,,Southwire,Southwire/g Turner (6603),Southwire/g Turner,Southwire,,54151-JR-UPC,,Electrical>Boxes & Covers>Electrical Boxes,"Southwire/g Turner Southwire, box, 54151-JR-UPC, 4x4x1-1/2 in, Octagon, Bracket",BOX 4X4X1-1/2IN OCTAGON BRACKET,Southwire 54151-JR-UPC box,"Southwire box, 4x4x1-1/2 in Dimensions, Octagon, Bracket","box, 4x4x1-1/2 in, Octagon, Bracket","box, 4x4x1-1/2 in, Octagon, Bracket",,,,,,,,,,,,,,,,,,,,,,,,,,,Dimensions,4x4x1-1/2,in,Type,Octagon,,Mounting,Bracket,,,,,,,,,,,,,,,,,,,,,,,,,,,,,,,,,,,,,,,,,,,,,,,,,,,,,,,,,,,,,,,,,,,,,,,,,,,,,,,,,,,,,,,,,,,,,,,,,,,,,,,,,,,,,,,,,,,,,,,,,,,,,,,,,,,,,,,,,,,,,,,,,,39121300,,,,,,,,,,,,,,,,,,,,,,,,,,,,,,,,,,,,,,,,,,,
https://southwire.com,,,,,,,,,,,54171-R-UPC,4x4x2 Oct Box,,,Southwire,Southwire/g Turner (6603),Southwire/g Turner,Southwire,,54171-R-UPC,,Electrical>Boxes & Covers>Electrical Boxes,"Southwire/g Turner Southwire, box, 54171-R-UPC, 4x4x2 in, Octagon",BOX 4X4X2IN OCTAGON,Southwire 54171-R-UPC box,"Southwire box, 4x4x2 in Dimensions, Octagon","box, 4x4x2 in, Octagon","box, 4x4x2 in, Octagon",,,,,,,,,,,,,,,,,,,,,,,,,,,Dimensions,4x4x2,in,Type,Octagon,,,,,,,,,,,,,,,,,,,,,,,,,,,,,,,,,,,,,,,,,,,,,,,,,,,,,,,,,,,,,,,,,,,,,,,,,,,,,,,,,,,,,,,,,,,,,,,,,,,,,,,,,,,,,,,,,,,,,,,,,,,,,,,,,,,,,,,,,,,,,,,,,,,,,39121300,,,,,,,,,,,,,,,,,,,,,,,,,,,,,,,,,,,,,,,,,,,
https://southwire.com,,,,,,,,,,,52151-S-UPC,4x4x1-1/2 Square Box,,,Southwire,Southwire/g Turner (6603),Southwire/g Turner,Southwire,,52151-S-UPC,,Electrical>Boxes & Covers>Electrical Boxes,"Southwire/g Turner Southwire, box, 52151-S-UPC, 4x4x1-1/2 in, Square",BOX 4X4X1-1/2IN SQUARE,Southwire 52151-S-UPC box,"Southwire box, 4x4x1-1/2 in Dimensions, Square","box, 4x4x1-1/2 in, Square","box, 4x4x1-1/2 in, Square",,,,,,,,,,,,,,,,,,,,,,,,,,,Dimensions,4x4x1-1/2,in,Type,Square,,,,,,,,,,,,,,,,,,,,,,,,,,,,,,,,,,,,,,,,,,,,,,,,,,,,,,,,,,,,,,,,,,,,,,,,,,,,,,,,,,,,,,,,,,,,,,,,,,,,,,,,,,,,,,,,,,,,,,,,,,,,,,,,,,,,,,,,,,,,,,,,,,,,,39121300,,,,,,,,,,,,,,,,,,,,,,,,,,,,,,,,,,,,,,,,,,,
https://feit.com,,,,,,,,,,,SHOP/4X2/840/V1,4' Feit Shop Light 4500L 40k,,,Feit Electric,Feit Electric (3468),Feit Electric,Feit Electric,Feit Electric,SHOP/4X2/840/V1,,Lighting & Electrical>Lighting Fixtures>Shop Lights,"Feit Electric, Shop Light, SHOP/4X2/840/V1, 4 ft, 4500 L, 40k",SHOP LIGHT 4FT 4500L 40K,Feit Electric SHOP/4X2/840/V1 Shop Light,"Feit Electric Shop Light, 4 ft Length, 4500 L Brightness, 40k","Shop Light, 4 ft, 4500 L, 40k","Shop Light, 4 ft, 4500 L, 40k",,,,,,,,,,,,,,,,,,,,,,,,,,,Length,4,ft,Brightness,4500,L,Color Temperature,40k,,,,,,,,,,,,,,,,,,,,,,,,,,,,,,,,,,,,,,,,,,,,,,,,,,,,,,,,,,,,,,,,,,,,,,,,,,,,,,,,,,,,,,,,,,,,,,,,,,,,,,,,,,,,,,,,,,,,,,,,,,,,,,,,,,,,,,,,,,,,,,,,,,39111500,,,,,,,,,,,,,,,,,,,,,,,,,,,,,,,,,,,,,,,,,,,
https://appliance.com,https://www.appliance.com/search?q=XOU24BCGSR,,,,,,,,,,XOU24BCGSR,XOU24BCGSR Beverage Center SS,,,,Appliance Dealers Cooperative (APPDE),Appliance Dealers Cooperative,Appliance Dealers Cooperative,,XOU24BCGSR,,Appliances & Consumer Electronics>Kitchen Appliances>Beverage Centers,"Appliance Dealers Cooperative, Beverage Center, XOU24BCGSR, Stainless Steel",BEVERAGE CENTER STAINLESSSTEEL,Appliance Dealers Cooperative XOU24BCGSR Beverage Center,"Appliance Dealers Cooperative Beverage Center, Stainless Steel","Beverage Center, Stainless Steel","Beverage Center, Stainless Steel",,,,,,,,,,,,,,,,,,,,,,,,,,,Finish,Stainless Steel,,,,,,,,,,,,,,,,,,,,,,,,,,,,,,,,,,,,,,,,,,,,,,,,,,,,,,,,,,,,,,,,,,,,,,,,,,,,,,,,,,,,,,,,,,,,,,,,,,,,,,,,,,,,,,,,,,,,,,,,,,,,,,,,,,,,,,,,,,,,,,,,,,,,,,,,52141505,,,,,,,,,,,,,,,,,,,,,,,,,,,,,,,,,,,,,,,,,,,
https://appliance.com,https://www.appliance.com/search?q=SMC2266KS,,,,,,,,,,SMC2266KS,SMC2266KS Microwave SS Display Only,,,,Appliance Dealers Cooperative (APPDE),Appliance Dealers Cooperative,Appliance Dealers Cooperative,,SMC2266KS,,Appliances & Consumer Electronics>Kitchen Appliances>Microwave Ovens,"Appliance Dealers Cooperative, Microwave, SMC2266KS, SMC2266KS, Stainless Steel, Display Only",MICROWAVE SMC2266KS STAINLESSSTEEL,Appliance Dealers Cooperative SMC2266KS Microwave,"Appliance Dealers Cooperative Microwave, SMC2266KS, Stainless Steel, Display Only","Microwave, SMC2266KS, Stainless Steel, Display Only","Microwave, SMC2266KS, Stainless Steel, Display Only",,,,,,,,,,,,,,,,,,,,,,,,,,,Model Number,SMC2266KS,,Finish,Stainless Steel,,Availability,Display Only,,,,,,,,,,,,,,,,,,,,,,,,,,,,,,,,,,,,,,,,,,,,,,,,,,,,,,,,,,,,,,,,,,,,,,,,,,,,,,,,,,,,,,,,,,,,,,,,,,,,,,,,,,,,,,,,,,,,,,,,,,,,,,,,,,,,,,,,,,,,,,,,,,52141504,,,,,,,,,,,,,,,,,,,,,,,,,,,,,,,,,,,,,,,,,,,
https://ohio.com,,,,,,,,,,,FE-EFX-6L,FEEFX6L Lith Fire Extinguisher,,,,Ohio Firewatch Protection Inc (HOLFS),Ohio Firewatch Protection Inc,Ohio Firewatch Protection Inc,,FE-EFX-6L,,Safety & Security>Fire Protection>Fire Extinguishers,"Ohio Firewatch Protection Inc, Fire Extinguisher, Lith, FE-EFX-6L",FIRE EXTINGUISHER FEEFX6L,Ohio Firewatch Protection Inc Lith FE-EFX-6L Fire Extinguisher,"Ohio Firewatch Protection Inc Fire Extinguisher, Lith, FEEFX6L","Lith Fire Extinguisher, FEEFX6L","Lith Fire Extinguisher, FEEFX6L",,,,,,,,,,,,,,,,,,,,,,,,,,,Model Number,FEEFX6L,,,,,,,,,,,,,,,,,,,,,,,,,,,,,,,,,,,,,,,,,,,,,,,,,,,,,,,,,,,,,,,,,,,,,,,,,,,,,,,,,,,,,,,,,,,,,,,,,,,,,,,,,,,,,,,,,,,,,,,,,,,,,,,,,,,,,,,,,,,,,,,,,,,,,,,,46191601,,,,,,,,,,,,,,,,,,,,,,,,,,,,,,,,,,,,,,,,,,,
https://ohio.com,,,,,,,,,,,FE-EFX-9L,FEEFX9L Lith Fire Extinguisher,,,,Ohio Firewatch Protection Inc (HOLFS),Ohio Firewatch Protection Inc,Ohio Firewatch Protection Inc,,FE-EFX-9L,,Safety & Security>Fire Protection>Fire Extinguishers,"Ohio Firewatch Protection Inc, Fire Extinguisher, Lith, FE-EFX-9L",FIRE EXTINGUISHER FEEFX9L,Ohio Firewatch Protection Inc Lith FE-EFX-9L Fire Extinguisher,"Ohio Firewatch Protection Inc Fire Extinguisher, Lith, FEEFX9L","Lith Fire Extinguisher, FEEFX9L","Lith Fire Extinguisher, FEEFX9L",,,,,,,,,,,,,,,,,,,,,,,,,,,Model Number,FEEFX9L,,,,,,,,,,,,,,,,,,,,,,,,,,,,,,,,,,,,,,,,,,,,,,,,,,,,,,,,,,,,,,,,,,,,,,,,,,,,,,,,,,,,,,,,,,,,,,,,,,,,,,,,,,,,,,,,,,,,,,,,,,,,,,,,,,,,,,,,,,,,,,,,,,,,,,,,46191601,,,,,,,,,,,,,,,,,,,,,,,,,,,,,,,,,,,,,,,,,,,
https://black.com,,,,,,,,,,,DWMT45422,"DWMT45422 Dewalt 1/4"" Drive - 50pc Mechanics Set",,,,Black & Decker/dewlt (2585),Black & Decker/dewlt,Dewalt,Dewalt,DWMT45422,,Hand Tools>Tool Sets>Mechanics Tool Sets,"Black & Decker/dewlt Dewalt, mechanics tool set, DWMT45422, DWMT45422, 1/4 in, 50 pc",MECHANICS TOOL SET DWMT45422 1/4IN 50PC,Dewalt DWMT45422 mechanics tool set,"Dewalt mechanics tool set, DWMT45422, 1/4 in Drive Size, 50 pc Piece Count","mechanics tool set, DWMT45422, 1/4 in, 50 pc","mechanics tool set, DWMT45422, 1/4 in, 50 pc",,,,,,,,,,,,,,,,,,,,,,,,,,,Model Number,DWMT45422,,Drive Size,1/4,in,Piece Count,50,pc,,,,,,,,,,,,,,,,,,,,,,,,,,,,,,,,,,,,,,,,,,,,,,,,,,,,,,,,,,,,,,,,,,,,,,,,,,,,,,,,,,,,,,,,,,,,,,,,,,,,,,,,,,,,,,,,,,,,,,,,,,,,,,,,,,,,,,,,,,,,,,,,,27113200,,,,,,,,,,,,,,,,,,,,,,,,,,,,,,,,,,,,,,,,,,,
https://black.com,,,,,,,,,,,DWMT45424,"DWMT45424 Dewalt 3/8"" Drive - 84pc Mechanics Set",,,,Black & Decker/dewlt (2585),Black & Decker/dewlt,Dewalt,Dewalt,DWMT45424,,Hand Tools>Tool Sets>Mechanics Tool Sets,"Black & Decker/dewlt Dewalt, mechanics tool set, DWMT45424, DWMT45424, 3/8 in, 84 pc",MECHANICS TOOL SET DWMT45424 3/8IN 84PC,Dewalt DWMT45424 mechanics tool set,"Dewalt mechanics tool set, DWMT45424, 3/8 in Drive Size, 84 pc Piece Count","mechanics tool set, DWMT45424, 3/8 in, 84 pc","mechanics tool set, DWMT45424, 3/8 in, 84 pc",,,,,,,,,,,,,,,,,,,,,,,,,,,Model Number,DWMT45424,,Drive Size,3/8,in,Piece Count,84,pc,,,,,,,,,,,,,,,,,,,,,,,,,,,,,,,,,,,,,,,,,,,,,,,,,,,,,,,,,,,,,,,,,,,,,,,,,,,,,,,,,,,,,,,,,,,,,,,,,,,,,,,,,,,,,,,,,,,,,,,,,,,,,,,,,,,,,,,,,,,,,,,,,27113200,,,,,,,,,,,,,,,,,,,,,,,,,,,,,,,,,,,,,,,,,,,
https://black.com,,,,,,,,,,,DCM200B,DCM200B Dewalt 1/2in x 18in - Band File,,,DEWALT,Black & Decker/dewlt (2585),Black & Decker/dewlt,Dewalt,Dewalt,DCM200B,,Tools & Equipment>Power Tools>Sanders & Polishers,"Black & Decker/dewlt Dewalt, Band File, DCM200B, 1/2 in, 18 in, DCM200B",BAND FILE 1/2IN 18IN DCM200B,Dewalt DCM200B Band File,"Dewalt Band File, 1/2 in Width, 18 in Length, DCM200B","Band File, 1/2 in, 18 in, DCM200B","Band File, 1/2 in, 18 in, DCM200B",,,,,,,,,,,,,,,,,,,,,,,,,,,Width,1/2,in,Length,18,in,Model Number,DCM200B,,,,,,,,,,,,,,,,,,,,,,,,,,,,,,,,,,,,,,,,,,,,,,,,,,,,,,,,,,,,,,,,,,,,,,,,,,,,,,,,,,,,,,,,,,,,,,,,,,,,,,,,,,,,,,,,,,,,,,,,,,,,,,,,,,,,,,,,,,,,,,,,,,27112700,,,,,,,,,,,,,,,,,,,,,,,,,,,,,,,,,,,,,,,,,,,
https://,,,,,,,,,,,D0860X,"D0860X Diablo 8-1/4"" 60 Tooth - Fine Finish Saw Blade",,,,Freud Inc (2435),Freud Inc,Diablo,Diablo,D0860X,,Tools & Equipment>Power Tool Accessories>Circular Saw Blades,"Freud Inc Diablo, saw blade, D0860X, D0860X, 8-1/4 in, 60",SAW BLADE D0860X 8-1/4IN 60,Diablo D0860X saw blade,"Diablo saw blade, D0860X, 8-1/4 in Diameter, 60","saw blade, D0860X, 8-1/4 in, 60","saw blade, D0860X, 8-1/4 in, 60",,,,,,,,,,,,,,,,,,,,,,,,,,,Model Number,D0860X,,Diameter,8-1/4,in,Tooth Count,60,,,,,,,,,,,,,,,,,,,,,,,,,,,,,,,,,,,,,,,,,,,,,,,,,,,,,,,,,,,,,,,,,,,,,,,,,,,,,,,,,,,,,,,,,,,,,,,,,,,,,,,,,,,,,,,,,,,,,,,,,,,,,,,,,,,,,,,,,,,,,,,,,,27112706,,,,,,,,,,,,,,,,,,,,,,,,,,,,,,,,,,,,,,,,,,,
https://,,,,,,,,,,,48-40-0740,48-40-0740 Milwaukee 7-1/4in. 24T - Framing Circ Saw Blade,,,Milwaukee,Milwaukee Accessory (4031),Milwaukee Accessory,Milwaukee,Milwaukee,48-40-0740,,Tools & Equipment>Power Tool Accessories>Circular Saw Blades,"Milwaukee Accessory Milwaukee, saw blade, 48-40-0740, 48-40-0740, 7-1/4 in, 24",SAW BLADE 48-40-0740 7-1/4IN 24,Milwaukee 48-40-0740 saw blade,"Milwaukee saw blade, 48-40-0740, 7-1/4 in Diameter, 24","saw blade, 48-40-0740, 7-1/4 in, 24","saw blade, 48-40-0740, 7-1/4 in, 24",,,,,,,,,,,,,,,,,,,,,,,,,,,Model Number,48-40-0740,,Diameter,7-1/4,in,Tooth Count,24,,,,,,,,,,,,,,,,,,,,,,,,,,,,,,,,,,,,,,,,,,,,,,,,,,,,,,,,,,,,,,,,,,,,,,,,,,,,,,,,,,,,,,,,,,,,,,,,,,,,,,,,,,,,,,,,,,,,,,,,,,,,,,,,,,,,,,,,,,,,,,,,,,27112706,,,,,,,,,,,,,,,,,,,,,,,,,,,,,,,,,,,,,,,,,,,
https://,,,,,,,,,,,48-41-0740,48-41-0740 Milw7-1/4 24TFrming - Blade,,,,Milwaukee Accessory (4031),Milwaukee Accessory,Milwaukee,Milwaukee,48-41-0740,,Tools & Equipment>Power Tool Accessories>Circular Saw Blades,"Milwaukee Accessory Milwaukee, saw blade, 48-41-0740, 48-41-0740, 7-1/4 in, 24",SAW BLADE 48-41-0740 7-1/4IN 24,Milwaukee 48-41-0740 saw blade,"Milwaukee saw blade, 48-41-0740, 7-1/4 in Diameter, 24","saw blade, 48-41-0740, 7-1/4 in, 24","saw blade, 48-41-0740, 7-1/4 in, 24",,,,,,,,,,,,,,,,,,,,,,,,,,,Model Number,48-41-0740,,Diameter,7-1/4,in,Tooth Count,24,,,,,,,,,,,,,,,,,,,,,,,,,,,,,,,,,,,,,,,,,,,,,,,,,,,,,,,,,,,,,,,,,,,,,,,,,,,,,,,,,,,,,,,,,,,,,,,,,,,,,,,,,,,,,,,,,,,,,,,,,,,,,,,,,,,,,,,,,,,,,,,,,,27112706,,,,,,,,,,,,,,,,,,,,,,,,,,,,,,,,,,,,,,,,,,,
https://makita.com,,,,,,,,,,,A-96095,"A-96095 Makita 5-7/8"" 32T Saw Blade",,,,Makita Usa Inc (5142),Makita Usa Inc,Makita,Makita,A-96095,,Tools & Equipment>Power Tool Accessories>Circular Saw Blades,"Makita Usa Inc Makita, saw blade, A-96095, A-96095, 5-7/8 in, 32",SAW BLADE A-96095 5-7/8IN 32,Makita A-96095 saw blade,"Makita saw blade, A-96095, 5-7/8 in Diameter, 32","saw blade, A-96095, 5-7/8 in, 32","saw blade, A-96095, 5-7/8 in, 32",,,,,,,,,,,,,,,,,,,,,,,,,,,Model Number,A-96095,,Diameter,5-7/8,in,Tooth Count,32,,,,,,,,,,,,,,,,,,,,,,,,,,,,,,,,,,,,,,,,,,,,,,,,,,,,,,,,,,,,,,,,,,,,,,,,,,,,,,,,,,,,,,,,,,,,,,,,,,,,,,,,,,,,,,,,,,,,,,,,,,,,,,,,,,,,,,,,,,,,,,,,,,27112706,,,,,,,,,,,,,,,,,,,,,,,,,,,,,,,,,,,,,,,,,,,
https://,,,,,,,,,,,DJT155HHM,"DJT155HHM Diablo 3-3/5"" 10 TPI - Jig Saw Blade",,,,Freud Inc (2435),Freud Inc,Diablo,Diablo,DJT155HHM,,Power Tool Accessories>Saw Blades>Jig Saw Blades,"Freud Inc Diablo, Jig Saw Blade, DJT155HHM, 3-3/5 in, 10 TPI, DJT155HHM",JIG SAW BLADE 3-3/5IN 10TPI DJT155HHM,Diablo DJT155HHM Jig Saw Blade,"Diablo Jig Saw Blade, 3-3/5 in Length, 10 TPI Teeth Per Inch, DJT155HHM","Jig Saw Blade, 3-3/5 in, 10 TPI, DJT155HHM","Jig Saw Blade, 3-3/5 in, 10 TPI, DJT155HHM",,,,,,,,,,,,,,,,,,,,,,,,,,,Length,3-3/5,in,Teeth Per Inch,10,TPI,Part Number,DJT155HHM,,,,,,,,,,,,,,,,,,,,,,,,,,,,,,,,,,,,,,,,,,,,,,,,,,,,,,,,,,,,,,,,,,,,,,,,,,,,,,,,,,,,,,,,,,,,,,,,,,,,,,,,,,,,,,,,,,,,,,,,,,,,,,,,,,,,,,,,,,,,,,,,,,27112802,,,,,,,,,,,,,,,,,,,,,,,,,,,,,,,,,,,,,,,,,,,
https://cmt.com,,,,,,,,,,,794.321,794.321 HS Planer Knives 3pc,,,,CMT USA Inc (CMTUS),CMT USA Inc,CMT,CMT,794.321,,Power Tool Accessories>Planer Accessories>Planer Knives,"CMT USA Inc CMT, Planer Knives, 794.321, 3 pc, HS, 794.321",PLANER KNIVES 3PC HS 794.321,"CMT 794.321 Planer Knives, HS","CMT Planer Knives, 3 pc Quantity, HS, 794.321","Planer Knives, 3 pc, HS, 794.321","Planer Knives, 3 pc, HS, 794.321",,,,,,,,,,,,,,,,,,,,,,,,,,,Quantity,3,pc,Material,HS,,Part Number,794.321,,,,,,,,,,,,,,,,,,,,,,,,,,,,,,,,,,,,,,,,,,,,,,,,,,,,,,,,,,,,,,,,,,,,,,,,,,,,,,,,,,,,,,,,,,,,,,,,,,,,,,,,,,,,,,,,,,,,,,,,,,,,,,,,,,,,,,,,,,,,,,,,,,27112807,,,,,,,,,,,,,,,,,,,,,,,,,,,,,,,,,,,,,,,,,,,
https://,,,,,,,,,,,D0604TSH,"D0604TSH Diablo 6-1/2"" 4-Tooth - Cement Track Saw Blade",,,,Freud Inc (2435),Freud Inc,Diablo,Diablo,D0604TSH,,Power Tool Accessories>Saw Blades>Circular Saw Blades,"Freud Inc Diablo, Track Saw Blade, D0604TSH, 6-1/2 "", 4, Cement","TRACK SAW BLADE 6-1/2"" 4 CEMENT",Diablo D0604TSH Track Saw Blade,"Diablo Track Saw Blade, 6-1/2 "" Diameter, 4, Cement","Track Saw Blade, 6-1/2 "", 4, Cement","Track Saw Blade, 6-1/2 "", 4, Cement",,,,,,,,,,,,,,,,,,,,,,,,,,,Diameter,6-1/2,"""",Tooth Count,4,,Material Application,Cement,,,,,,,,,,,,,,,,,,,,,,,,,,,,,,,,,,,,,,,,,,,,,,,,,,,,,,,,,,,,,,,,,,,,,,,,,,,,,,,,,,,,,,,,,,,,,,,,,,,,,,,,,,,,,,,,,,,,,,,,,,,,,,,,,,,,,,,,,,,,,,,,,,27112801,,,,,,,,,,,,,,,,,,,,,,,,,,,,,,,,,,,,,,,,,,,
https://,,,,,,,,,,,D0648TSF,"D0648TSF Diablo 6-1/2""48 Tooth - Plywood Track Saw Blade",,,,Freud Inc (2435),Freud Inc,Diablo,Diablo,D0648TSF,,Power Tool Accessories>Saw Blades>Circular Saw Blades,"Freud Inc Diablo, Track Saw Blade, D0648TSF, 6-1/2 "", 48, Plywood","TRACK SAW BLADE 6-1/2"" 48 PLYWOOD",Diablo D0648TSF Track Saw Blade,"Diablo Track Saw Blade, 6-1/2 "" Diameter, 48, Plywood","Track Saw Blade, 6-1/2 "", 48, Plywood","Track Saw Blade, 6-1/2 "", 48, Plywood",,,,,,,,,,,,,,,,,,,,,,,,,,,Diameter,6-1/2,"""",Tooth Count,48,,Material Application,Plywood,,,,,,,,,,,,,,,,,,,,,,,,,,,,,,,,,,,,,,,,,,,,,,,,,,,,,,,,,,,,,,,,,,,,,,,,,,,,,,,,,,,,,,,,,,,,,,,,,,,,,,,,,,,,,,,,,,,,,,,,,,,,,,,,,,,,,,,,,,,,,,,,,,27112801,,,,,,,,,,,,,,,,,,,,,,,,,,,,,,,,,,,,,,,,,,,
https://,,,,,,,,,,,D0652TSL,"D0652TSL Diablo 6-1/2""52 Tooth - Laminate Track Saw Blade",,,,Freud Inc (2435),Freud Inc,Diablo,Diablo,D0652TSL,,Power Tool Accessories>Saw Blades>Circular Saw Blades,"Freud Inc Diablo, Track Saw Blade, D0652TSL, 6-1/2 "", 52, Laminate","TRACK SAW BLADE 6-1/2"" 52 LAMINATE",Diablo D0652TSL Track Saw Blade,"Diablo Track Saw Blade, 6-1/2 "" Diameter, 52, Laminate","Track Saw Blade, 6-1/2 "", 52, Laminate","Track Saw Blade, 6-1/2 "", 52, Laminate",,,,,,,,,,,,,,,,,,,,,,,,,,,Diameter,6-1/2,"""",Tooth Count,52,,Material Application,Laminate,,,,,,,,,,,,,,,,,,,,,,,,,,,,,,,,,,,,,,,,,,,,,,,,,,,,,,,,,,,,,,,,,,,,,,,,,,,,,,,,,,,,,,,,,,,,,,,,,,,,,,,,,,,,,,,,,,,,,,,,,,,,,,,,,,,,,,,,,,,,,,,,,,27112801,,,,,,,,,,,,,,,,,,,,,,,,,,,,,,,,,,,,,,,,,,,
https://,,,,,,,,,,,S11429,S11429 60W LED Bulb 27K,,,Satco,Satco Prod Inc (5573),Satco Prod Inc,Satco,Satco,S11429,,Lighting & Electrical>Light Bulbs>LED Bulbs,"Satco Prod Inc Satco, light bulb, S11429, 60 W, LED, 2700 K",LIGHT BULB 60W LED 2700K,Satco S11429 light bulb,"Satco light bulb, 60 W Wattage, LED, 2700 K Color Temperature","light bulb, 60 W, LED, 2700 K","light bulb, 60 W, LED, 2700 K",,,,,,,,,,,,,,,,,,,,,,,,,,,Wattage,60,W,Bulb Technology,LED,,Color Temperature,2700,K,,,,,,,,,,,,,,,,,,,,,,,,,,,,,,,,,,,,,,,,,,,,,,,,,,,,,,,,,,,,,,,,,,,,,,,,,,,,,,,,,,,,,,,,,,,,,,,,,,,,,,,,,,,,,,,,,,,,,,,,,,,,,,,,,,,,,,,,,,,,,,,,,39101628,,,,,,,,,,,,,,,,,,,,,,,,,,,,,,,,,,,,,,,,,,,
https://phillips.com,,,,,,,,,,,586875,586875 60W LED Multi CCT 4pk,,,Philips,Phillips Lighting (5831),Phillips Lighting,Phillips,Phillips,586875,,Lighting & Electrical>Light Bulbs>LED Bulbs,"Phillips Lighting Phillips, LED Bulb, 586875, 60 W, 4 pk, Multi CCT",LED BULB 60W 4PK MULTICCT,Phillips 586875 LED Bulb,"Phillips LED Bulb, 60 W Wattage, 4 pk Pack Quantity, Multi CCT","LED Bulb, 60 W, 4 pk, Multi CCT","LED Bulb, 60 W, 4 pk, Multi CCT",,,,,,,,,,,,,,,,,,,,,,,,,,,Wattage,60,W,Pack Quantity,4,pk,Feature,Multi CCT,,,,,,,,,,,,,,,,,,,,,,,,,,,,,,,,,,,,,,,,,,,,,,,,,,,,,,,,,,,,,,,,,,,,,,,,,,,,,,,,,,,,,,,,,,,,,,,,,,,,,,,,,,,,,,,,,,,,,,,,,,,,,,,,,,,,,,,,,,,,,,,,,,39101628,,,,,,,,,,,,,,,,,,,,,,,,,,,,,,,,,,,,,,,,,,,
https://leviton.com,,,,,,,,,,,165-04729-00C,1650472900C 15A 125V Cord Conn,,,Leviton,Leviton Mfg Co (4927),Leviton Mfg Co,Leviton,Leviton,165-04729-00C,,Electrical>Wiring Devices>Cord Connectors,"Leviton Mfg Co Leviton, Cord Conn, 165-04729-00C, 15 A, 125 V, 1650472900C",CORD CONN 15A 125V 1650472900C,Leviton 165-04729-00C Cord Conn,"Leviton Cord Conn, 15 A Amperage Rating, 125 V Voltage Rating, 1650472900C","Cord Conn, 1650472900C","Cord Conn, 1650472900C",,,,,,,,,,,,,,,,,,,,,,,,,,,Amperage Rating,15,A,Voltage Rating,125,V,Part Number,1650472900C,,,,,,,,,,,,,,,,,,,,,,,,,,,,,,,,,,,,,,,,,,,,,,,,,,,,,,,,,,,,,,,,,,,,,,,,,,,,,,,,,,,,,,,,,,,,,,,,,,,,,,,,,,,,,,,,,,,,,,,,,,,,,,,,,,,,,,,,,,,,,,,,,,39121402,,,,,,,,,,,,,,,,,,,,,,,,,,,,,,,,,,,,,,,,,,,
https://leviton.com,,,,,,,,,,,161-04720-00C,1610472000C 15A 125V Cord Conn,,,Leviton,Leviton Mfg Co (4927),Leviton Mfg Co,Leviton,Leviton,161-04720-00C,,Electrical>Wiring Devices>Cord Connectors,"Leviton Mfg Co Leviton, Cord Conn, 161-04720-00C, 15 A, 125 V, 1610472000C",CORD CONN 15A 125V 1610472000C,Leviton 161-04720-00C Cord Conn,"Leviton Cord Conn, 15 A Amperage Rating, 125 V Voltage Rating, 1610472000C","Cord Conn, 1610472000C","Cord Conn, 1610472000C",,,,,,,,,,,,,,,,,,,,,,,,,,,Amperage Rating,15,A,Voltage Rating,125,V,Part Number,1610472000C,,,,,,,,,,,,,,,,,,,,,,,,,,,,,,,,,,,,,,,,,,,,,,,,,,,,,,,,,,,,,,,,,,,,,,,,,,,,,,,,,,,,,,,,,,,,,,,,,,,,,,,,,,,,,,,,,,,,,,,,,,,,,,,,,,,,,,,,,,,,,,,,,,39121402,,,,,,,,,,,,,,,,,,,,,,,,,,,,,,,,,,,,,,,,,,,
https://black.com,,,,,,,,,,,DCF921P2,DCF921P2 Dewalt 20V 1/2 Impact,,,,Black & Decker/dewlt (2585),Black & Decker,Dewalt,Dewalt,DCF921P2,,Tools & Equipment>Power Tools>Impact Wrenches,"Black & Decker Dewalt, Impact Wrench, DCF921P2, 20 V, 1/2 in, DCF921P2",IMPACT WRENCH 20V 1/2IN DCF921P2,Dewalt DCF921P2 Impact Wrench,"Dewalt Impact Wrench, 20 V Voltage Rating, 1/2 in Drive Size, DCF921P2","Impact Wrench, 1/2 in, DCF921P2","Impact Wrench, 1/2 in, DCF921P2",,,,,,,,,,,,,,,,,,,,,,,,,,,Voltage Rating,20,V,Drive Size,1/2,in,Model Number,DCF921P2,,,,,,,,,,,,,,,,,,,,,,,,,,,,,,,,,,,,,,,,,,,,,,,,,,,,,,,,,,,,,,,,,,,,,,,,,,,,,,,,,,,,,,,,,,,,,,,,,,,,,,,,,,,,,,,,,,,,,,,,,,,,,,,,,,,,,,,,,,,,,,,,,,27111704,,,,,,,,,,,,,,,,,,,,,,,,,,,,,,,,,,,,,,,,,,,
https://makita.com,,,,,,,,,,,XLT03Z,"XLT03Z Makita 3/8"" 18V Angle Impact",,,,Makita Usa Inc (5142),Makita Usa Inc,Makita,Makita,XLT03Z,,Tools & Equipment>Power Tools>Impact Wrenches,"Makita Usa Inc Makita, Angle Impact Wrench, XLT03Z, 18 V, 3/8 in, XLT03Z",ANGLE IMPACT WRENCH 18V 3/8IN XLT03Z,Makita XLT03Z Angle Impact Wrench,"Makita Angle Impact Wrench, 18 V Voltage Rating, 3/8 in Drive Size, XLT03Z","Angle Impact Wrench, 3/8 in, XLT03Z","Angle Impact Wrench, 3/8 in, XLT03Z",,,,,,,,,,,,,,,,,,,,,,,,,,,Voltage Rating,18,V,Drive Size,3/8,in,Model Number,XLT03Z,,,,,,,,,,,,,,,,,,,,,,,,,,,,,,,,,,,,,,,,,,,,,,,,,,,,,,,,,,,,,,,,,,,,,,,,,,,,,,,,,,,,,,,,,,,,,,,,,,,,,,,,,,,,,,,,,,,,,,,,,,,,,,,,,,,,,,,,,,,,,,,,,,27111704,,,,,,,,,,,,,,,,,,,,,,,,,,,,,,,,,,,,,,,,,,,
https://makita.com,,,,,,,,,,,XLT04Z,"XLT04Z Makita 1/4"" 18V Angle Impact",,,,Makita Usa Inc (5142),Makita Usa Inc,Makita,Makita,XLT04Z,,Tools & Equipment>Power Tools>Impact Wrenches,"Makita Usa Inc Makita, Angle Impact Wrench, XLT04Z, 18 V, 1/4 in, XLT04Z",ANGLE IMPACT WRENCH 18V 1/4IN XLT04Z,Makita XLT04Z Angle Impact Wrench,"Makita Angle Impact Wrench, 18 V Voltage Rating, 1/4 in Drive Size, XLT04Z","Angle Impact Wrench, 1/4 in, XLT04Z","Angle Impact Wrench, 1/4 in, XLT04Z",,,,,,,,,,,,,,,,,,,,,,,,,,,Voltage Rating,18,V,Drive Size,1/4,in,Model Number,XLT04Z,,,,,,,,,,,,,,,,,,,,,,,,,,,,,,,,,,,,,,,,,,,,,,,,,,,,,,,,,,,,,,,,,,,,,,,,,,,,,,,,,,,,,,,,,,,,,,,,,,,,,,,,,,,,,,,,,,,,,,,,,,,,,,,,,,,,,,,,,,,,,,,,,,27111704,,,,,,,,,,,,,,,,,,,,,,,,,,,,,,,,,,,,,,,,,,,
https://makita.com,,,,,,,,,,,XLT05Z,"XLT05Z Makita 1/2"" 18V Angle Impact",,,,Makita Usa Inc (5142),Makita Usa Inc,Makita,Makita,XLT05Z,,Tools & Equipment>Power Tools>Impact Wrenches,"Makita Usa Inc Makita, Angle Impact Wrench, XLT05Z, 18 V, 1/2 in, XLT05Z",ANGLE IMPACT WRENCH 18V 1/2IN XLT05Z,Makita XLT05Z Angle Impact Wrench,"Makita Angle Impact Wrench, 18 V Voltage Rating, 1/2 in Drive Size, XLT05Z","Angle Impact Wrench, 1/2 in, XLT05Z","Angle Impact Wrench, 1/2 in, XLT05Z",,,,,,,,,,,,,,,,,,,,,,,,,,,Voltage Rating,18,V,Drive Size,1/2,in,Model Number,XLT05Z,,,,,,,,,,,,,,,,,,,,,,,,,,,,,,,,,,,,,,,,,,,,,,,,,,,,,,,,,,,,,,,,,,,,,,,,,,,,,,,,,,,,,,,,,,,,,,,,,,,,,,,,,,,,,,,,,,,,,,,,,,,,,,,,,,,,,,,,,,,,,,,,,,27111704,,,,,,,,,,,,,,,,,,,,,,,,,,,,,,,,,,,,,,,,,,,
https://,,,,,,,,,,,543005020,7/8nx6-20' Malted Barley Sq Edge - Trex Select 2.0 Decking,TREX,,,Boise Cascade Building Materials (BOICA),Boise Cascade Building Materials,Trex,Trex,543005020,,Building Materials>Lumber & Composites>Decking,"Boise Cascade Building Materials Trex, decking, Trex Select 2.0, 543005020",DECKING 7/8IN 6IN 20FT MALTEDBARLEY,Trex Trex Select 2.0 543005020 decking,"Trex decking, Trex Select 2.0, 7/8 in thickness, 6 in width, 20 ft length, Malted Barley, Square Edge","Trex Select 2.0 decking, 7/8 in, 6 in, 20 ft","Trex Select 2.0 decking, 7/8 in, 6 in, 20 ft",,,,,,,,,,,,,,,,,,,,,,,,,,,thickness,7/8,in,width,6,in,length,20,ft,color,Malted Barley,,edge profile,Square Edge,,,,,,,,,,,,,,,,,,,,,,,,,,,,,,,,,,,,,,,,,,,,,,,,,,,,,,,,,,,,,,,,,,,,,,,,,,,,,,,,,,,,,,,,,,,,,,,,,,,,,,,,,,,,,,,,,,,,,,,,,,,,,,,,,,,,,,,,,,,,30103606,,,,,,,,,,,,,,,,,,,,,,,,,,,,,,,,,,,,,,,,,,,
https://,,,,,,,,,,,543005412,7/8nx6-12' Malted Barley Grooved - Trex Select 2.0 Decking,TREX,,,Boise Cascade Building Materials (BOICA),Boise Cascade Building Materials,Trex,Trex,543005412,,Building Materials>Lumber & Composites>Decking,"Boise Cascade Building Materials Trex, decking, Trex Select 2.0, 543005412",DECKING 7/8IN 6IN 12FT MALTEDBARLEY,Trex Trex Select 2.0 543005412 decking,"Trex decking, Trex Select 2.0, 7/8 in thickness, 6 in width, 12 ft length, Malted Barley, Grooved","Trex Select 2.0 decking, 7/8 in, 6 in, 12 ft","Trex Select 2.0 decking, 7/8 in, 6 in, 12 ft",,,,,,,,,,,,,,,,,,,,,,,,,,,thickness,7/8,in,width,6,in,length,12,ft,color,Malted Barley,,edge profile,Grooved,,,,,,,,,,,,,,,,,,,,,,,,,,,,,,,,,,,,,,,,,,,,,,,,,,,,,,,,,,,,,,,,,,,,,,,,,,,,,,,,,,,,,,,,,,,,,,,,,,,,,,,,,,,,,,,,,,,,,,,,,,,,,,,,,,,,,,,,,,,,30103606,,,,,,,,,,,,,,,,,,,,,,,,,,,,,,,,,,,,,,,,,,,
https://,,,,,,,,,,,543005416,7/8nx6-16' Malted Barley Grooved - Trex Select 2.0 Decking,TREX,,,Boise Cascade Building Materials (BOICA),Boise Cascade Building Materials,Trex,Trex,543005416,,Building Materials>Lumber & Composites>Decking,"Boise Cascade Building Materials Trex, decking, Trex Select 2.0, 543005416",DECKING 7/8IN 6IN 16FT MALTEDBARLEY,Trex Trex Select 2.0 543005416 decking,"Trex decking, Trex Select 2.0, 7/8 in thickness, 6 in width, 16 ft length, Malted Barley, Grooved","Trex Select 2.0 decking, 7/8 in, 6 in, 16 ft","Trex Select 2.0 decking, 7/8 in, 6 in, 16 ft",,,,,,,,,,,,,,,,,,,,,,,,,,,thickness,7/8,in,width,6,in,length,16,ft,color,Malted Barley,,edge profile,Grooved,,,,,,,,,,,,,,,,,,,,,,,,,,,,,,,,,,,,,,,,,,,,,,,,,,,,,,,,,,,,,,,,,,,,,,,,,,,,,,,,,,,,,,,,,,,,,,,,,,,,,,,,,,,,,,,,,,,,,,,,,,,,,,,,,,,,,,,,,,,,30103606,,,,,,,,,,,,,,,,,,,,,,,,,,,,,,,,,,,,,,,,,,,
https://,,,,,,,,,,,543005420,7/8nx6-20' Malted Barley Grooved - Trex Select 2.0 Decking,TREX,,,Boise Cascade Building Materials (BOICA),Boise Cascade Building Materials,Trex,Trex,543005420,,Building Materials>Lumber & Composites>Decking,"Boise Cascade Building Materials Trex, decking, Trex Select 2.0, 543005420",DECKING 7/8IN 6IN 20FT MALTEDBARLEY,Trex Trex Select 2.0 543005420 decking,"Trex decking, Trex Select 2.0, 7/8 in thickness, 6 in width, 20 ft length, Malted Barley, Grooved","Trex Select 2.0 decking, 7/8 in, 6 in, 20 ft","Trex Select 2.0 decking, 7/8 in, 6 in, 20 ft",,,,,,,,,,,,,,,,,,,,,,,,,,,thickness,7/8,in,width,6,in,length,20,ft,color,Malted Barley,,edge profile,Grooved,,,,,,,,,,,,,,,,,,,,,,,,,,,,,,,,,,,,,,,,,,,,,,,,,,,,,,,,,,,,,,,,,,,,,,,,,,,,,,,,,,,,,,,,,,,,,,,,,,,,,,,,,,,,,,,,,,,,,,,,,,,,,,,,,,,,,,,,,,,,30103606,,,,,,,,,,,,,,,,,,,,,,,,,,,,,,,,,,,,,,,,,,,
https://,,,,,,,,,,,1516891,7/8nx6-16' Millstone Sq Edge - Trex Select 2.0 Decking,TREX,,,Boise Cascade Building Materials (BOICA),Boise Cascade Building Materials,Trex,Trex,1516891,,Building Materials>Lumber & Composites>Decking,"Boise Cascade Building Materials Trex, decking, Trex Select 2.0, 1516891",DECKING 7/8IN 6IN 16FT MILLSTONE,Trex Trex Select 2.0 1516891 decking,"Trex decking, Trex Select 2.0, 7/8 in thickness, 6 in width, 16 ft length, Millstone, Square Edge","Trex Select 2.0 decking, 7/8 in, 6 in, 16 ft","Trex Select 2.0 decking, 7/8 in, 6 in, 16 ft",,,,,,,,,,,,,,,,,,,,,,,,,,,thickness,7/8,in,width,6,in,length,16,ft,color,Millstone,,edge profile,Square Edge,,,,,,,,,,,,,,,,,,,,,,,,,,,,,,,,,,,,,,,,,,,,,,,,,,,,,,,,,,,,,,,,,,,,,,,,,,,,,,,,,,,,,,,,,,,,,,,,,,,,,,,,,,,,,,,,,,,,,,,,,,,,,,,,,,,,,,,,,,,,30103606,,,,,,,,,,,,,,,,,,,,,,,,,,,,,,,,,,,,,,,,,,,
https://,,,,,,,,,,,1516892,7/8nx6-20' Millstone Sq Edge -Trex Select 2.0 Decking,TREX,,,Boise Cascade Building Materials (BOICA),Boise Cascade Building Materials,Trex,Trex,1516892,,Building Materials>Lumber & Composites>Decking,"Boise Cascade Building Materials Trex, decking, Trex Select 2.0, 1516892",DECKING 7/8IN 6IN 20FT MILLSTONE,Trex Trex Select 2.0 1516892 decking,"Trex decking, Trex Select 2.0, 7/8 in thickness, 6 in width, 20 ft length, Millstone, Square Edge","Trex Select 2.0 decking, 7/8 in, 6 in, 20 ft","Trex Select 2.0 decking, 7/8 in, 6 in, 20 ft",,,,,,,,,,,,,,,,,,,,,,,,,,,thickness,7/8,in,width,6,in,length,20,ft,color,Millstone,,edge profile,Square Edge,,,,,,,,,,,,,,,,,,,,,,,,,,,,,,,,,,,,,,,,,,,,,,,,,,,,,,,,,,,,,,,,,,,,,,,,,,,,,,,,,,,,,,,,,,,,,,,,,,,,,,,,,,,,,,,,,,,,,,,,,,,,,,,,,,,,,,,,,,,,30103606,,,,,,,,,,,,,,,,,,,,,,,,,,,,,,,,,,,,,,,,,,,
https://,,,,,,,,,,,1516893,7/8nx6-12' Millstone Grooved - Trex Select 2.0 Decking,TREX,,,Boise Cascade Building Materials (BOICA),Boise Cascade Building Materials,Trex,Trex,1516893,,Building Materials>Lumber & Composites>Decking,"Boise Cascade Building Materials Trex, decking, Trex Select 2.0, 1516893",DECKING 7/8IN 6IN 12FT MILLSTONE GROOVED,Trex Trex Select 2.0 1516893 decking,"Trex decking, Trex Select 2.0, 7/8 in thickness, 6 in width, 12 ft length, Millstone, Grooved","Trex Select 2.0 decking, 7/8 in, 6 in, 12 ft","Trex Select 2.0 decking, 7/8 in, 6 in, 12 ft",,,,,,,,,,,,,,,,,,,,,,,,,,,thickness,7/8,in,width,6,in,length,12,ft,color,Millstone,,edge profile,Grooved,,,,,,,,,,,,,,,,,,,,,,,,,,,,,,,,,,,,,,,,,,,,,,,,,,,,,,,,,,,,,,,,,,,,,,,,,,,,,,,,,,,,,,,,,,,,,,,,,,,,,,,,,,,,,,,,,,,,,,,,,,,,,,,,,,,,,,,,,,,,30103606,,,,,,,,,,,,,,,,,,,,,,,,,,,,,,,,,,,,,,,,,,,
https://,,,,,,,,,,,1516894,7/8nx6-16' Millstone Grooved - Trex Select 2.0 Decking,TREX,,,Boise Cascade Building Materials (BOICA),Boise Cascade Building Materials,Trex,Trex,1516894,,Building Materials>Lumber & Composites>Decking,"Boise Cascade Building Materials Trex, decking, Trex Select 2.0, 1516894",DECKING 7/8IN 6IN 16FT MILLSTONE GROOVED,Trex Trex Select 2.0 1516894 decking,"Trex decking, Trex Select 2.0, 7/8 in thickness, 6 in width, 16 ft length, Millstone, Grooved","Trex Select 2.0 decking, 7/8 in, 6 in, 16 ft","Trex Select 2.0 decking, 7/8 in, 6 in, 16 ft",,,,,,,,,,,,,,,,,,,,,,,,,,,thickness,7/8,in,width,6,in,length,16,ft,color,Millstone,,edge profile,Grooved,,,,,,,,,,,,,,,,,,,,,,,,,,,,,,,,,,,,,,,,,,,,,,,,,,,,,,,,,,,,,,,,,,,,,,,,,,,,,,,,,,,,,,,,,,,,,,,,,,,,,,,,,,,,,,,,,,,,,,,,,,,,,,,,,,,,,,,,,,,,30103606,,,,,,,,,,,,,,,,,,,,,,,,,,,,,,,,,,,,,,,,,,,
https://,,,,,,,,,,,S4726,S4726 7W Incan Cand 27K 4pk,,,Satco,Satco Prod Inc (5573),Satco Prod Inc,Satco,Satco,S4726,,Lighting & Electrical>Light Bulbs>Incandescent Bulbs,"Satco Prod Inc Satco, light bulb, S4726, 7 W, Incandescent, Candelabra",LIGHT BULB 7W INCANDESCENT CANDELABRA,Satco S4726 light bulb,"Satco light bulb, 7 W Wattage, Incandescent, Candelabra, 2700 K Color Temperature, 4 pk Quantity","light bulb, 7 W, Incandescent, Candelabra","light bulb, 7 W, Incandescent, Candelabra",,,,,,,,,,,,,,,,,,,,,,,,,,,Wattage,7,W,Bulb Technology,Incandescent,,Base Type,Candelabra,,Color Temperature,2700,K,Quantity,4,pk,,,,,,,,,,,,,,,,,,,,,,,,,,,,,,,,,,,,,,,,,,,,,,,,,,,,,,,,,,,,,,,,,,,,,,,,,,,,,,,,,,,,,,,,,,,,,,,,,,,,,,,,,,,,,,,,,,,,,,,,,,,,,,,,,,,,,,,,,,,39101601,,,,,,,,,,,,,,,,,,,,,,,,,,,,,,,,,,,,,,,,,,,
https://phillips.com,,,,,,,,,,,565374,565374 75W LED A19 Med 27k 4pk,,,Philips,Phillips Lighting (5831),Phillips Lighting,Phillips,Phillips,565374,,Lighting & Electrical>Light Bulbs>LED Bulbs,"Phillips Lighting Phillips, LED Bulb, 565374, 75 W, A19, Medium",LED BULB 75W A19 MEDIUM 2700K 4PK,Phillips 565374 LED Bulb,"Phillips LED Bulb, 75 W Wattage, A19, Medium, 2700 k Color Temperature, 4 pk Pack Quantity","LED Bulb, 75 W, A19, Medium","LED Bulb, 75 W, A19, Medium",,,,,,,,,,,,,,,,,,,,,,,,,,,Wattage,75,W,Shape,A19,,Base,Medium,,Color Temperature,2700,k,Pack Quantity,4,pk,,,,,,,,,,,,,,,,,,,,,,,,,,,,,,,,,,,,,,,,,,,,,,,,,,,,,,,,,,,,,,,,,,,,,,,,,,,,,,,,,,,,,,,,,,,,,,,,,,,,,,,,,,,,,,,,,,,,,,,,,,,,,,,,,,,,,,,,,,,39101628,,,,,,,,,,,,,,,,,,,,,,,,,,,,,,,,,,,,,,,,,,,
https://phillips.com,,,,,,,,,,,565390,565390 75W LED A19 Med 50k 4pk,,,Philips,Phillips Lighting (5831),Phillips Lighting,Phillips,Phillips,565390,,Lighting & Electrical>Light Bulbs>LED Bulbs,"Phillips Lighting Phillips, LED Bulb, 565390, 75 W, A19, Medium",LED BULB 75W A19 MEDIUM 5000K 4PK,Phillips 565390 LED Bulb,"Phillips LED Bulb, 75 W Wattage, A19, Medium, 5000 k Color Temperature, 4 pk Pack Quantity","LED Bulb, 75 W, A19, Medium","LED Bulb, 75 W, A19, Medium",,,,,,,,,,,,,,,,,,,,,,,,,,,Wattage,75,W,Shape,A19,,Base,Medium,,Color Temperature,5000,k,Pack Quantity,4,pk,,,,,,,,,,,,,,,,,,,,,,,,,,,,,,,,,,,,,,,,,,,,,,,,,,,,,,,,,,,,,,,,,,,,,,,,,,,,,,,,,,,,,,,,,,,,,,,,,,,,,,,,,,,,,,,,,,,,,,,,,,,,,,,,,,,,,,,,,,,39101628,,,,,,,,,,,,,,,,,,,,,,,,,,,,,,,,,,,,,,,,,,,
https://,,,,,,,,,,,DFBLBLOMFN01G,DFBLBLOMFN01G Diablo 220 Grit - Flat Edge Sanding Sponge,,,,Freud Inc (2435),Freud Inc,Diablo,Diablo,DFBLBLOMFN01G,,Power Tools & Accessories>Abrasives>Sanding Sponges,"Freud Inc Diablo, Sanding Sponge, DFBLBLOMFN01G, 220, Flat",SANDING SPONGE 220 FLAT,Diablo DFBLBLOMFN01G Sanding Sponge,"Diablo Sanding Sponge, 220, Flat","Sanding Sponge, 220, Flat","Sanding Sponge, 220, Flat",,,,,,,,,,,,,,,,,,,,,,,,,,,grit,220,,edge,Flat,,,,,,,,,,,,,,,,,,,,,,,,,,,,,,,,,,,,,,,,,,,,,,,,,,,,,,,,,,,,,,,,,,,,,,,,,,,,,,,,,,,,,,,,,,,,,,,,,,,,,,,,,,,,,,,,,,,,,,,,,,,,,,,,,,,,,,,,,,,,,,,,,,,,,31191500,,,,,,,,,,,,,,,,,,,,,,,,,,,,,,,,,,,,,,,,,,,
https://,,,,,,,,,,,1513707,1nx6-20' Hatteras Grooved - Trex Transcend Lineage Decking,TREX,,,Boise Cascade Building Materials (BOICA),Boise Cascade Building Materials,Trex,Trex,1513707,,Building Materials & Supplies>Lumber & Composites>Decking,"Boise Cascade Building Materials Trex, decking, Transcend Lineage, 1513707",DECKING 1X6 20FT HATTERAS GROOVED,"Trex Transcend Lineage 1513707 decking, Hatteras","Trex decking, Transcend Lineage, 1x6, 20 ft Length, Hatteras, Grooved","Transcend Lineage decking, 1x6, 20 ft, Hatteras","Transcend Lineage decking, 1x6, 20 ft, Hatteras",,,,,,,,,,,,,,,,,,,,,,,,,,,Nominal Size,1x6,,Length,20,ft,Color,Hatteras,,Edge Profile,Grooved,,,,,,,,,,,,,,,,,,,,,,,,,,,,,,,,,,,,,,,,,,,,,,,,,,,,,,,,,,,,,,,,,,,,,,,,,,,,,,,,,,,,,,,,,,,,,,,,,,,,,,,,,,,,,,,,,,,,,,,,,,,,,,,,,,,,,,,,,,,,,,,30103623,,,,,,,,,,,,,,,,,,,,,,,,,,,,,,,,,,,,,,,,,,,
https://,,,,,,,,,,,1513708,1nx6-16' Salt Flat Sq Edge - Trex Transcend Lineage Decking,TREX,,,Boise Cascade Building Materials (BOICA),Boise Cascade Building Materials,Trex,Trex,1513708,,Building Materials & Supplies>Lumber & Composites>Decking,"Boise Cascade Building Materials Trex, decking, Transcend Lineage, 1513708",DECKING 1X6 16FT SALTFLAT SQUAREEDGE,"Trex Transcend Lineage 1513708 decking, Salt Flat","Trex decking, Transcend Lineage, 1x6, 16 ft Length, Salt Flat, Square Edge","Transcend Lineage decking, 1x6, 16 ft, Salt Flat","Transcend Lineage decking, 1x6, 16 ft, Salt Flat",,,,,,,,,,,,,,,,,,,,,,,,,,,Nominal Size,1x6,,Length,16,ft,Color,Salt Flat,,Edge Profile,Square Edge,,,,,,,,,,,,,,,,,,,,,,,,,,,,,,,,,,,,,,,,,,,,,,,,,,,,,,,,,,,,,,,,,,,,,,,,,,,,,,,,,,,,,,,,,,,,,,,,,,,,,,,,,,,,,,,,,,,,,,,,,,,,,,,,,,,,,,,,,,,,,,,30103623,,,,,,,,,,,,,,,,,,,,,,,,,,,,,,,,,,,,,,,,,,,
https://,,,,,,,,,,,1513709,1nx6-20' Salt Flat Sq Edge - Trex Transcend Lineage Decking,TREX,,,Boise Cascade Building Materials (BOICA),Boise Cascade Building Materials,Trex,Trex,1513709,,Building Materials & Supplies>Lumber & Composites>Decking,"Boise Cascade Building Materials Trex, decking, Transcend Lineage, 1513709",DECKING 1X6 20FT SALTFLAT SQUAREEDGE,"Trex Transcend Lineage 1513709 decking, Salt Flat","Trex decking, Transcend Lineage, 1x6, 20 ft Length, Salt Flat, Square Edge","Transcend Lineage decking, 1x6, 20 ft, Salt Flat","Transcend Lineage decking, 1x6, 20 ft, Salt Flat",,,,,,,,,,,,,,,,,,,,,,,,,,,Nominal Size,1x6,,Length,20,ft,Color,Salt Flat,,Edge Profile,Square Edge,,,,,,,,,,,,,,,,,,,,,,,,,,,,,,,,,,,,,,,,,,,,,,,,,,,,,,,,,,,,,,,,,,,,,,,,,,,,,,,,,,,,,,,,,,,,,,,,,,,,,,,,,,,,,,,,,,,,,,,,,,,,,,,,,,,,,,,,,,,,,,,30103623,,,,,,,,,,,,,,,,,,,,,,,,,,,,,,,,,,,,,,,,,,,
https://,,,,,,,,,,,1513710,1nx6-12' Salt Flat Grooved - Trex Transcend Lineage Decking,TREX,,,Boise Cascade Building Materials (BOICA),Boise Cascade Building Materials,Trex,Trex,1513710,,Building Materials & Supplies>Lumber & Composites>Decking,"Boise Cascade Building Materials Trex, decking, Transcend Lineage, 1513710",DECKING 1X6 12FT SALTFLAT GROOVED,"Trex Transcend Lineage 1513710 decking, Salt Flat","Trex decking, Transcend Lineage, 1x6, 12 ft Length, Salt Flat, Grooved","Transcend Lineage decking, 1x6, 12 ft, Salt Flat","Transcend Lineage decking, 1x6, 12 ft, Salt Flat",,,,,,,,,,,,,,,,,,,,,,,,,,,Nominal Size,1x6,,Length,12,ft,Color,Salt Flat,,Edge Profile,Grooved,,,,,,,,,,,,,,,,,,,,,,,,,,,,,,,,,,,,,,,,,,,,,,,,,,,,,,,,,,,,,,,,,,,,,,,,,,,,,,,,,,,,,,,,,,,,,,,,,,,,,,,,,,,,,,,,,,,,,,,,,,,,,,,,,,,,,,,,,,,,,,,30103623,,,,,,,,,,,,,,,,,,,,,,,,,,,,,,,,,,,,,,,,,,,
https://,,,,,,,,,,,1513711,1nx6-16' Salt Flat Grooved - Trex Transcend Lineage Decking,TREX,,,Boise Cascade Building Materials (BOICA),Boise Cascade Building Materials,Trex,Trex,1513711,,Building Materials>Lumber & Composites>Decking,"Boise Cascade Building Materials Trex, decking, Transcend Lineage, 1513711",DECKING 1X6 16FT SALTFLAT GROOVED,"Trex Transcend Lineage 1513711 decking, Salt Flat","Trex decking, Transcend Lineage, 1x6, 16 ft Length, Salt Flat, Grooved","Transcend Lineage decking, 1x6, 16 ft, Salt Flat","Transcend Lineage decking, 1x6, 16 ft, Salt Flat",,,,,,,,,,,,,,,,,,,,,,,,,,,Nominal Size,1x6,,Length,16,ft,Color,Salt Flat,,Edge Profile,Grooved,,,,,,,,,,,,,,,,,,,,,,,,,,,,,,,,,,,,,,,,,,,,,,,,,,,,,,,,,,,,,,,,,,,,,,,,,,,,,,,,,,,,,,,,,,,,,,,,,,,,,,,,,,,,,,,,,,,,,,,,,,,,,,,,,,,,,,,,,,,,,,,30103610,,,,,,,,,,,,,,,,,,,,,,,,,,,,,,,,,,,,,,,,,,,
https://,,,,,,,,,,,1513712,1nx6-20' Salt Flat Grooved - Trex Transcend Lineage Decking,TREX,,,Boise Cascade Building Materials (BOICA),Boise Cascade Building Materials,Trex,Trex,1513712,,Building Materials>Lumber & Composites>Decking,"Boise Cascade Building Materials Trex, decking, Transcend Lineage, 1513712",DECKING 1X6 20FT SALTFLAT GROOVED,"Trex Transcend Lineage 1513712 decking, Salt Flat","Trex decking, Transcend Lineage, 1x6, 20 ft Length, Salt Flat, Grooved","Transcend Lineage decking, 1x6, 20 ft, Salt Flat","Transcend Lineage decking, 1x6, 20 ft, Salt Flat",,,,,,,,,,,,,,,,,,,,,,,,,,,Nominal Size,1x6,,Length,20,ft,Color,Salt Flat,,Edge Profile,Grooved,,,,,,,,,,,,,,,,,,,,,,,,,,,,,,,,,,,,,,,,,,,,,,,,,,,,,,,,,,,,,,,,,,,,,,,,,,,,,,,,,,,,,,,,,,,,,,,,,,,,,,,,,,,,,,,,,,,,,,,,,,,,,,,,,,,,,,,,,,,,,,,30103610,,,,,,,,,,,,,,,,,,,,,,,,,,,,,,,,,,,,,,,,,,,
https://,,,,,,,,,,,1513717,1nx6-16' Honey Grove Sq Edge - Trex Enhance Naturals Decking,TREX,,,Boise Cascade Building Materials (BOICA),Boise Cascade Building Materials,Trex,Trex,1513717,,Building Materials>Lumber & Composites>Decking,"Boise Cascade Building Materials Trex, decking, Enhance Naturals, 1513717",DECKING 1X6 16FT HONEYGROVE SQUAREEDGE,"Trex Enhance Naturals 1513717 decking, Honey Grove","Trex decking, Enhance Naturals, 1x6, 16 ft Length, Honey Grove, Square Edge","Enhance Naturals decking, 1x6, 16 ft, Honey Grove","Enhance Naturals decking, 1x6, 16 ft, Honey Grove",,,,,,,,,,,,,,,,,,,,,,,,,,,Nominal Size,1x6,,Length,16,ft,Color,Honey Grove,,Edge Profile,Square Edge,,,,,,,,,,,,,,,,,,,,,,,,,,,,,,,,,,,,,,,,,,,,,,,,,,,,,,,,,,,,,,,,,,,,,,,,,,,,,,,,,,,,,,,,,,,,,,,,,,,,,,,,,,,,,,,,,,,,,,,,,,,,,,,,,,,,,,,,,,,,,,,30103610,,,,,,,,,,,,,,,,,,,,,,,,,,,,,,,,,,,,,,,,,,,
https://,,,,,,,,,,,1513718,1nx6-20' Honey Grove Sq Edge - Trex Enhance Naturals Decking,TREX,,,Boise Cascade Building Materials (BOICA),Boise Cascade Building Materials,Trex,Trex,1513718,,Building Materials>Lumber & Composites>Decking,"Boise Cascade Building Materials Trex, decking, Enhance Naturals, 1513718",DECKING 1X6 20FT HONEYGROVE SQUAREEDGE,"Trex Enhance Naturals 1513718 decking, Honey Grove","Trex decking, Enhance Naturals, 1x6, 20 ft Length, Honey Grove, Square Edge","Enhance Naturals decking, 1x6, 20 ft, Honey Grove","Enhance Naturals decking, 1x6, 20 ft, Honey Grove",,,,,,,,,,,,,,,,,,,,,,,,,,,Nominal Size,1x6,,Length,20,ft,Color,Honey Grove,,Edge Profile,Square Edge,,,,,,,,,,,,,,,,,,,,,,,,,,,,,,,,,,,,,,,,,,,,,,,,,,,,,,,,,,,,,,,,,,,,,,,,,,,,,,,,,,,,,,,,,,,,,,,,,,,,,,,,,,,,,,,,,,,,,,,,,,,,,,,,,,,,,,,,,,,,,,,30103610,,,,,,,,,,,,,,,,,,,,,,,,,,,,,,,,,,,,,,,,,,,
https://premier.com,,,,,,,,,,,PP-8BL,8' Premier Rib XL Black,,,,Premier Metals (PREME),Premier Metals,Premier Metals,Premier Metals,PP-8BL,,Building Materials>Roofing & Siding>Metal Roofing,"Premier Metals, metal roofing, Premier Rib XL, PP-8BL, 8 ft, Black",METAL ROOFING 8FT BLACK,"Premier Metals Premier Rib XL PP-8BL metal roofing, Black","Premier Metals metal roofing, Premier Rib XL, 8 ft Length, Black","Premier Rib XL metal roofing, 8 ft, Black","Premier Rib XL metal roofing, 8 ft, Black",,,,,,,,,,,,,,,,,,,,,,,,,,,Length,8,ft,Color,Black,,,,,,,,,,,,,,,,,,,,,,,,,,,,,,,,,,,,,,,,,,,,,,,,,,,,,,,,,,,,,,,,,,,,,,,,,,,,,,,,,,,,,,,,,,,,,,,,,,,,,,,,,,,,,,,,,,,,,,,,,,,,,,,,,,,,,,,,,,,,,,,,,,,,,30151703,,,,,,,,,,,,,,,,,,,,,,,,,,,,,,,,,,,,,,,,,,,
https://premier.com,,,,,,,,,,,PP-10BL,10' Premier Rib XL Black,,,,Premier Metals (PREME),Premier Metals,Premier Metals,Premier Metals,PP-10BL,,Building Materials>Roofing & Siding>Metal Roofing,"Premier Metals, metal roofing, Premier Rib XL, PP-10BL, 10 ft, Black",METAL ROOFING 10FT BLACK,"Premier Metals Premier Rib XL PP-10BL metal roofing, Black","Premier Metals metal roofing, Premier Rib XL, 10 ft Length, Black","Premier Rib XL metal roofing, 10 ft, Black","Premier Rib XL metal roofing, 10 ft, Black",,,,,,,,,,,,,,,,,,,,,,,,,,,Length,10,ft,Color,Black,,,,,,,,,,,,,,,,,,,,,,,,,,,,,,,,,,,,,,,,,,,,,,,,,,,,,,,,,,,,,,,,,,,,,,,,,,,,,,,,,,,,,,,,,,,,,,,,,,,,,,,,,,,,,,,,,,,,,,,,,,,,,,,,,,,,,,,,,,,,,,,,,,,,,30151703,,,,,,,,,,,,,,,,,,,,,,,,,,,,,,,,,,,,,,,,,,,
https://premier.com,,,,,,,,,,,PP-12BL,12' Premier Rib XL Black,,,,Premier Metals (PREME),Premier Metals,Premier Metals,Premier Metals,PP-12BL,,Building Materials>Roofing & Siding>Metal Roofing,"Premier Metals, metal roofing, Premier Rib XL, PP-12BL, 12 ft, Black",METAL ROOFING 12FT BLACK,"Premier Metals Premier Rib XL PP-12BL metal roofing, Black","Premier Metals metal roofing, Premier Rib XL, 12 ft Length, Black","Premier Rib XL metal roofing, 12 ft, Black","Premier Rib XL metal roofing, 12 ft, Black",,,,,,,,,,,,,,,,,,,,,,,,,,,Length,12,ft,Color,Black,,,,,,,,,,,,,,,,,,,,,,,,,,,,,,,,,,,,,,,,,,,,,,,,,,,,,,,,,,,,,,,,,,,,,,,,,,,,,,,,,,,,,,,,,,,,,,,,,,,,,,,,,,,,,,,,,,,,,,,,,,,,,,,,,,,,,,,,,,,,,,,,,,,,,30151703,,,,,,,,,,,,,,,,,,,,,,,,,,,,,,,,,,,,,,,,,,,
https://,,,,,,,,,,,8912220,"7-1/4""x12' Hardie Sdg Smooth - Primed HardiePlank",JAMESHARDIE,,,Boise Cascade Building Materials (BOICA),Boise Cascade Building Materials,Hardie,Hardie,8912220,,Building Materials>Roofing & Siding>Siding,"Boise Cascade Building Materials Hardie, siding, HardiePlank, 8912220",SIDING 7-1/4IN 12FT SMOOTH PRIMED,Hardie HardiePlank 8912220 siding,"Hardie siding, HardiePlank, 7-1/4 in width, 12 ft length, Smooth, Primed","HardiePlank siding, 7-1/4 in, 12 ft, Smooth","HardiePlank siding, 7-1/4 in, 12 ft, Smooth",,,,,,,,,,,,,,,,,,,,,,,,,,,width,7-1/4,in,length,12,ft,texture,Smooth,,finish,Primed,,,,,,,,,,,,,,,,,,,,,,,,,,,,,,,,,,,,,,,,,,,,,,,,,,,,,,,,,,,,,,,,,,,,,,,,,,,,,,,,,,,,,,,,,,,,,,,,,,,,,,,,,,,,,,,,,,,,,,,,,,,,,,,,,,,,,,,,,,,,,,,30151601,,,,,,,,,,,,,,,,,,,,,,,,,,,,,,,,,,,,,,,,,,,
https://,,,,,,,,,,,8904015,4'x10' HardiePanel Smooth - Primed,JAMESHARDIE,,,Boise Cascade Building Materials (BOICA),Boise Cascade Building Materials,Hardie,Hardie,8904015,,Building Materials>Roofing & Siding>Siding,"Boise Cascade Building Materials Hardie, siding, HardiePanel, 8904015",SIDING 4FT 10FT SMOOTH PRIMED,Hardie HardiePanel 8904015 siding,"Hardie siding, HardiePanel, 4 ft width, 10 ft length, Smooth, Primed","HardiePanel siding, 4 ft, 10 ft, Smooth","HardiePanel siding, 4 ft, 10 ft, Smooth",,,,,,,,,,,,,,,,,,,,,,,,,,,width,4,ft,length,10,ft,texture,Smooth,,finish,Primed,,,,,,,,,,,,,,,,,,,,,,,,,,,,,,,,,,,,,,,,,,,,,,,,,,,,,,,,,,,,,,,,,,,,,,,,,,,,,,,,,,,,,,,,,,,,,,,,,,,,,,,,,,,,,,,,,,,,,,,,,,,,,,,,,,,,,,,,,,,,,,,30151601,,,,,,,,,,,,,,,,,,,,,,,,,,,,,,,,,,,,,,,,,,,
https://,,,,,,,,,,,25825,"3/8"" 4x10 Smart Pan Cedar - No-Groove w/Shiplap Edges",LP SMARTSIDE,,,U S Lumber (3073),U S Lumber,Smart,Smart,25825,,Building Materials>Roofing & Siding>Siding,"U S Lumber Smart, panel, Smart Pan, 25825, 3/8 in, 4 ft, 10 ft",PANEL 3/8IN 4FT 10FT CEDAR NO-GROOVE,Smart Smart Pan 25825 panel,"Smart panel, Smart Pan, 3/8 in thickness, 4 ft width, 10 ft length, Cedar, No-Groove, Shiplap Edges","Smart Pan panel, 3/8 in, 4 ft, 10 ft","Smart Pan panel, 3/8 in, 4 ft, 10 ft",,,,,,,,,,,,,,,,,,,,,,,,,,,thickness,3/8,in,width,4,ft,length,10,ft,texture,Cedar,,groove type,No-Groove,,edge type,Shiplap Edges,,,,,,,,,,,,,,,,,,,,,,,,,,,,,,,,,,,,,,,,,,,,,,,,,,,,,,,,,,,,,,,,,,,,,,,,,,,,,,,,,,,,,,,,,,,,,,,,,,,,,,,,,,,,,,,,,,,,,,,,,,,,,,,,,,,,,,,,,30151601,,,,,,,,,,,,,,,,,,,,,,,,,,,,,,,,,,,,,,,,,,,
https://metalmarkindustrial.com,https://metalmarkindustrial.com/lander?q=BM-DW20-YLW-6,,,,,,,,,,BM-DW20-YLW-6,BM-DW20-YLW-6 Dewalt - Battery Mounts 6pk,,,StealthMounts,Metalmark Industrial Inc (METIN),Metalmark Industrial Inc,Dewalt,Dewalt,BM-DW20-YLW-6,,Tools & Hardware>Power Tool Accessories>Battery Adapters,"Metalmark Industrial Inc Dewalt, Battery Mounts, BM-DW20-YLW-6",BATTERY MOUNTS BM-DW20-YLW-6 6PK,Dewalt BM-DW20-YLW-6 Battery Mounts,"Dewalt Battery Mounts, BM-DW20-YLW-6, 6 pk Quantity","Battery Mounts, BM-DW20-YLW-6, 6 pk","Battery Mounts, BM-DW20-YLW-6, 6 pk",,,,,,,,,,,,,,,,,,,,,,,,,,,Model Number,BM-DW20-YLW-6,,Quantity,6,pk,,,,,,,,,,,,,,,,,,,,,,,,,,,,,,,,,,,,,,,,,,,,,,,,,,,,,,,,,,,,,,,,,,,,,,,,,,,,,,,,,,,,,,,,,,,,,,,,,,,,,,,,,,,,,,,,,,,,,,,,,,,,,,,,,,,,,,,,,,,,,,,,,,,,27110000,,,,,,,,,,,,,,,,,,,,,,,,,,,,,,,,,,,,,,,,,,,
https://,,,,,,,,,,,64-110,64-110 Satco Tape Light 16',,,,Satco Prod Inc (5573),Satco Prod Inc,Satco,Satco,64-110,,Lighting & Fans>Indoor Lighting>LED Strip Lighting,"Satco Prod Inc Satco, Tape Light, 64-110, 16 ft, 64-110",TAPE LIGHT 16FT 64-110,Satco 64-110 Tape Light,"Satco Tape Light, 16 ft Length, 64-110","Tape Light, 16 ft, 64-110","Tape Light, 16 ft, 64-110",,,,,,,,,,,,,,,,,,,,,,,,,,,Length,16,ft,Model Number,64-110,,,,,,,,,,,,,,,,,,,,,,,,,,,,,,,,,,,,,,,,,,,,,,,,,,,,,,,,,,,,,,,,,,,,,,,,,,,,,,,,,,,,,,,,,,,,,,,,,,,,,,,,,,,,,,,,,,,,,,,,,,,,,,,,,,,,,,,,,,,,,,,,,,,,,39111500,,,,,,,,,,,,,,,,,,,,,,,,,,,,,,,,,,,,,,,,,,,
https://square.com,,,,,,,,,,,HOM3060L225PGC,HOM3060L225PGC 225 Load Center,,,Square D,Square D Con Prod Dv (6825),Square D Con Prod Dv,Square D,Square D,HOM3060L225PGC,,Electrical>Distribution Equipment>Load Centers,"Square D Con Prod Dv Square D, Load Center, HOM3060L225PGC, HOM3060L225PGC, 225 A",LOAD CENTER HOM3060L225PGC 225A,Square D HOM3060L225PGC Load Center,"Square D Load Center, HOM3060L225PGC, 225 A Amperage","Load Center, HOM3060L225PGC, 225 A","Load Center, HOM3060L225PGC, 225 A",,,,,,,,,,,,,,,,,,,,,,,,,,,Model Number,HOM3060L225PGC,,Amperage,225,A,,,,,,,,,,,,,,,,,,,,,,,,,,,,,,,,,,,,,,,,,,,,,,,,,,,,,,,,,,,,,,,,,,,,,,,,,,,,,,,,,,,,,,,,,,,,,,,,,,,,,,,,,,,,,,,,,,,,,,,,,,,,,,,,,,,,,,,,,,,,,,,,,,,,39121101,,,,,,,,,,,,,,,,,,,,,,,,,,,,,,,,,,,,,,,,,,,
https://appliance.com,https://www.appliance.com/search?q=FCM16SLWW,,,,,,,,,,FCM16SLWW,FCM16SLWW 16CF GE Freezer Chest MH,,,,Appliance Dealers Cooperative (APPDE),GE,GE,GE,FCM16SLWW,,Appliances & Consumer Electronics>Kitchen Appliances>Freezers,"GE, Freezer Chest, FCM16SLWW, FCM16SLWW, 16 CF",FREEZER CHEST FCM16SLWW 16CF,GE FCM16SLWW Freezer Chest,"GE Freezer Chest, FCM16SLWW, 16 CF Capacity","Freezer Chest, FCM16SLWW, 16 CF","Freezer Chest, FCM16SLWW, 16 CF",,,,,,,,,,,,,,,,,,,,,,,,,,,Model Number,FCM16SLWW,,Capacity,16,CF,,,,,,,,,,,,,,,,,,,,,,,,,,,,,,,,,,,,,,,,,,,,,,,,,,,,,,,,,,,,,,,,,,,,,,,,,,,,,,,,,,,,,,,,,,,,,,,,,,,,,,,,,,,,,,,,,,,,,,,,,,,,,,,,,,,,,,,,,,,,,,,,,,,,52141512,,,,,,,,,,,,,,,,,,,,,,,,,,,,,,,,,,,,,,,,,,,
https://appliance.com,https://www.appliance.com/search?q=EUF17CDBW,,,,,,,,,,EUF17CDBW,EUF17CDBW Element 17CF Freezer - Upright,,,,Appliance Dealers Cooperative (APPDE),Appliance Dealers Cooperative,Element,Element,EUF17CDBW,,Appliances & Consumer Electronics>Large Appliances>Freezers,"Appliance Dealers Cooperative Element, Freezer, EUF, EUF17CDBW",FREEZER 17CF UPRIGHT,Element EUF EUF17CDBW Freezer,"Element Freezer, EUF, 17 CF Capacity, Upright","EUF Freezer, 17 CF, Upright","EUF Freezer, 17 CF, Upright",,,,,,,,,,,,,,,,,,,,,,,,,,,Capacity,17,CF,Orientation,Upright,,,,,,,,,,,,,,,,,,,,,,,,,,,,,,,,,,,,,,,,,,,,,,,,,,,,,,,,,,,,,,,,,,,,,,,,,,,,,,,,,,,,,,,,,,,,,,,,,,,,,,,,,,,,,,,,,,,,,,,,,,,,,,,,,,,,,,,,,,,,,,,,,,,,,52141503,,,,,,,,,,,,,,,,,,,,,,,,,,,,,,,,,,,,,,,,,,,
https://appliance.com,https://www.appliance.com/search?q=EUF21CDBW,,,,,,,,,,EUF21CDBW,EUF21CDBW Element 21CF Freezer - Upright,,,,Appliance Dealers Cooperative (APPDE),Appliance Dealers Cooperative,Element,Element,EUF21CDBW,,Appliances & Consumer Electronics>Large Appliances>Freezers,"Appliance Dealers Cooperative Element, Freezer, EUF, EUF21CDBW",FREEZER 21CF UPRIGHT,Element EUF EUF21CDBW Freezer,"Element Freezer, EUF, 21 CF Capacity, Upright","EUF Freezer, 21 CF, Upright","EUF Freezer, 21 CF, Upright",,,,,,,,,,,,,,,,,,,,,,,,,,,Capacity,21,CF,Orientation,Upright,,,,,,,,,,,,,,,,,,,,,,,,,,,,,,,,,,,,,,,,,,,,,,,,,,,,,,,,,,,,,,,,,,,,,,,,,,,,,,,,,,,,,,,,,,,,,,,,,,,,,,,,,,,,,,,,,,,,,,,,,,,,,,,,,,,,,,,,,,,,,,,,,,,,,52141503,,,,,,,,,,,,,,,,,,,,,,,,,,,,,,,,,,,,,,,,,,,
https://,,,,,,,,,,,M200B-21L,M200B-21L Milwaukee M12 Black - Heated Hoodie Kit L,,,,Milwaukee Accessory (4031),Milwaukee Accessory,Milwaukee,Milwaukee,M200B-21L,,Tools & Equipment>Workwear>Heated Apparel,"Milwaukee Accessory Milwaukee, Heated Hoodie Kit, M12, M200B-21L",HEATED HOODIE KIT BLACK L,"Milwaukee M12 M200B-21L Heated Hoodie Kit, Black, L","Milwaukee Heated Hoodie Kit, M12, Black, L","M12 Heated Hoodie Kit, Black, L","M12 Heated Hoodie Kit, Black, L",,,,,,,,,,,,,,,,,,,,,,,,,,,Color,Black,,Size,L,,,,,,,,,,,,,,,,,,,,,,,,,,,,,,,,,,,,,,,,,,,,,,,,,,,,,,,,,,,,,,,,,,,,,,,,,,,,,,,,,,,,,,,,,,,,,,,,,,,,,,,,,,,,,,,,,,,,,,,,,,,,,,,,,,,,,,,,,,,,,,,,,,,,,53101500,,,,,,,,,,,,,,,,,,,,,,,,,,,,,,,,,,,,,,,,,,,
https://,,,,,,,,,,,M200B-21M,M200B-21M Milwaukee M12 Black - Heated Hoodie Kit M,,,,Milwaukee Accessory (4031),Milwaukee Accessory,Milwaukee,Milwaukee,M200B-21M,,Tools & Equipment>Workwear>Heated Apparel,"Milwaukee Accessory Milwaukee, Heated Hoodie Kit, M12, M200B-21M",HEATED HOODIE KIT BLACK M,"Milwaukee M12 M200B-21M Heated Hoodie Kit, Black, M","Milwaukee Heated Hoodie Kit, M12, Black, M","M12 Heated Hoodie Kit, Black, M","M12 Heated Hoodie Kit, Black, M",,,,,,,,,,,,,,,,,,,,,,,,,,,Color,Black,,Size,M,,,,,,,,,,,,,,,,,,,,,,,,,,,,,,,,,,,,,,,,,,,,,,,,,,,,,,,,,,,,,,,,,,,,,,,,,,,,,,,,,,,,,,,,,,,,,,,,,,,,,,,,,,,,,,,,,,,,,,,,,,,,,,,,,,,,,,,,,,,,,,,,,,,,,53101500,,,,,,,,,,,,,,,,,,,,,,,,,,,,,,,,,,,,,,,,,,,
https://,,,,,,,,,,,M200B-21XL,M200B-21XL Milwaukee M12 Black - Heated Hoodie Kit XL,,,,Milwaukee Accessory (4031),Milwaukee Accessory,Milwaukee,Milwaukee,M200B-21XL,,Tools & Equipment>Workwear>Heated Apparel,"Milwaukee Accessory Milwaukee, Heated Hoodie Kit, M12, M200B-21XL",HEATED HOODIE KIT BLACK XL,"Milwaukee M12 M200B-21XL Heated Hoodie Kit, Black, XL","Milwaukee Heated Hoodie Kit, M12, Black, XL","M12 Heated Hoodie Kit, Black, XL","M12 Heated Hoodie Kit, Black, XL",,,,,,,,,,,,,,,,,,,,,,,,,,,Color,Black,,Size,XL,,,,,,,,,,,,,,,,,,,,,,,,,,,,,,,,,,,,,,,,,,,,,,,,,,,,,,,,,,,,,,,,,,,,,,,,,,,,,,,,,,,,,,,,,,,,,,,,,,,,,,,,,,,,,,,,,,,,,,,,,,,,,,,,,,,,,,,,,,,,,,,,,,,,,53101500,,,,,,,,,,,,,,,,,,,,,,,,,,,,,,,,,,,,,,,,,,,
https://,,,,,,,,,,,M200G-21L,M200G-21L Milwaukee M12 Gray - Heated Hoodie Kit L,,,,Milwaukee Accessory (4031),Milwaukee Accessory,Milwaukee,Milwaukee,M200G-21L,,Tools & Equipment>Workwear>Heated Apparel,"Milwaukee Accessory Milwaukee, Heated Hoodie Kit, M12, M200G-21L",HEATED HOODIE KIT GRAY L,"Milwaukee M12 M200G-21L Heated Hoodie Kit, Gray, L","Milwaukee Heated Hoodie Kit, M12, Gray, L","M12 Heated Hoodie Kit, Gray, L","M12 Heated Hoodie Kit, Gray, L",,,,,,,,,,,,,,,,,,,,,,,,,,,Color,Gray,,Size,L,,,,,,,,,,,,,,,,,,,,,,,,,,,,,,,,,,,,,,,,,,,,,,,,,,,,,,,,,,,,,,,,,,,,,,,,,,,,,,,,,,,,,,,,,,,,,,,,,,,,,,,,,,,,,,,,,,,,,,,,,,,,,,,,,,,,,,,,,,,,,,,,,,,,,53101500,,,,,,,,,,,,,,,,,,,,,,,,,,,,,,,,,,,,,,,,,,,
https://,,,,,,,,,,,M200G-21M,M200G-21M Milwaukee M12 Gray - Heated Hoodie Kit M,,,,Milwaukee Accessory (4031),Milwaukee Accessory,Milwaukee,Milwaukee,M200G-21M,,Tools & Equipment>Workwear>Heated Apparel,"Milwaukee Accessory Milwaukee, Heated Hoodie Kit, M12, M200G-21M",HEATED HOODIE KIT GRAY M,"Milwaukee M12 M200G-21M Heated Hoodie Kit, Gray, M","Milwaukee Heated Hoodie Kit, M12, Gray, M","M12 Heated Hoodie Kit, Gray, M","M12 Heated Hoodie Kit, Gray, M",,,,,,,,,,,,,,,,,,,,,,,,,,,Color,Gray,,Size,M,,,,,,,,,,,,,,,,,,,,,,,,,,,,,,,,,,,,,,,,,,,,,,,,,,,,,,,,,,,,,,,,,,,,,,,,,,,,,,,,,,,,,,,,,,,,,,,,,,,,,,,,,,,,,,,,,,,,,,,,,,,,,,,,,,,,,,,,,,,,,,,,,,,,,53101500,,,,,,,,,,,,,,,,,,,,,,,,,,,,,,,,,,,,,,,,,,,
https://,,,,,,,,,,,M200G-21XL,M200G-21XL Milwaukee M12 Gray - Heated Hoodie Kit XL,,,,Milwaukee Accessory (4031),Milwaukee Accessory,Milwaukee,Milwaukee,M200G-21XL,,Tools & Equipment>Workwear>Heated Apparel,"Milwaukee Accessory Milwaukee, Heated Hoodie Kit, M12, M200G-21XL",HEATED HOODIE KIT GRAY XL,"Milwaukee M12 M200G-21XL Heated Hoodie Kit, Gray, XL","Milwaukee Heated Hoodie Kit, M12, Gray, XL","M12 Heated Hoodie Kit, Gray, XL","M12 Heated Hoodie Kit, Gray, XL",,,,,,,,,,,,,,,,,,,,,,,,,,,Color,Gray,,Size,XL,,,,,,,,,,,,,,,,,,,,,,,,,,,,,,,,,,,,,,,,,,,,,,,,,,,,,,,,,,,,,,,,,,,,,,,,,,,,,,,,,,,,,,,,,,,,,,,,,,,,,,,,,,,,,,,,,,,,,,,,,,,,,,,,,,,,,,,,,,,,,,,,,,,,,53101500,,,,,,,,,,,,,,,,,,,,,,,,,,,,,,,,,,,,,,,,,,,
https://,,,,,,,,,,,MLSQ1120,MLSQ1120 Milwaukee 300mm Rafter - Square (Metric),,,,Milwaukee Accessory (4031),Milwaukee Accessory,Milwaukee,Milwaukee,MLSQ1120,,Tools>Measuring & Layout Tools>Squares,"Milwaukee Accessory Milwaukee, Rafter Square, MLSQ1120, 300 mm, Metric",RAFTER SQUARE 300MM METRIC,"Milwaukee MLSQ1120 Rafter Square, 300 mm","Milwaukee Rafter Square, 300 mm Size, Metric","Rafter Square, 300 mm, Metric","Rafter Square, 300 mm, Metric",,,,,,,,,,,,,,,,,,,,,,,,,,,Size,300,mm,System,Metric,,,,,,,,,,,,,,,,,,,,,,,,,,,,,,,,,,,,,,,,,,,,,,,,,,,,,,,,,,,,,,,,,,,,,,,,,,,,,,,,,,,,,,,,,,,,,,,,,,,,,,,,,,,,,,,,,,,,,,,,,,,,,,,,,,,,,,,,,,,,,,,,,,,,,27111803,,,,,,,,,,,,,,,,,,,,,,,,,,,,,,,,,,,,,,,,,,,
https://,,,,,,,,,,,42-04-9107,"42-04-9107 Milwaukee 3/8"" Drive Universal Joint",,,,Milwaukee Accessory (4031),Milwaukee Accessory,Milwaukee,Milwaukee,42-04-9107,,Hand Tools>Socket & Drive Tools>Universal Joints,"Milwaukee Accessory Milwaukee, universal joint, 42-04-9107, 42-04-9107, 3/8 in",UNIVERSAL JOINT 42-04-9107 3/8IN,Milwaukee 42-04-9107 universal joint,"Milwaukee universal joint, 42-04-9107, 3/8 in Drive Size","universal joint, 42-04-9107, 3/8 in","universal joint, 42-04-9107, 3/8 in",,,,,,,,,,,,,,,,,,,,,,,,,,,Model Number,42-04-9107,,Drive Size,3/8,in,,,,,,,,,,,,,,,,,,,,,,,,,,,,,,,,,,,,,,,,,,,,,,,,,,,,,,,,,,,,,,,,,,,,,,,,,,,,,,,,,,,,,,,,,,,,,,,,,,,,,,,,,,,,,,,,,,,,,,,,,,,,,,,,,,,,,,,,,,,,,,,,,,,,27111700,,,,,,,,,,,,,,,,,,,,,,,,,,,,,,,,,,,,,,,,,,,
https://,,,,,,,,,,,3033-20,"3033-20 Milwaukee M18 24"" - Hedge Trimmer",,,Milwaukee,Milwaukee Accessory (4031),Milwaukee Accessory,Milwaukee,Milwaukee,3033-20,,Lawn & Garden>Landscaping Tools>Hedge Trimmers,"Milwaukee Accessory Milwaukee, Hedge Trimmer, M18, 3033-20, 24 in, 3033-20",HEDGE TRIMMER 24IN 3033-20,Milwaukee M18 3033-20 Hedge Trimmer,"Milwaukee Hedge Trimmer, M18, 24 in Blade Length, 3033-20","M18 Hedge Trimmer, 24 in, 3033-20","M18 Hedge Trimmer, 24 in, 3033-20",,,,,,,,,,,,,,,,,,,,,,,,,,,Blade Length,24,in,Model Number,3033-20,,,,,,,,,,,,,,,,,,,,,,,,,,,,,,,,,,,,,,,,,,,,,,,,,,,,,,,,,,,,,,,,,,,,,,,,,,,,,,,,,,,,,,,,,,,,,,,,,,,,,,,,,,,,,,,,,,,,,,,,,,,,,,,,,,,,,,,,,,,,,,,,,,,,,27112711,,,,,,,,,,,,,,,,,,,,,,,,,,,,,,,,,,,,,,,,,,,
https://,,,,,,,,,,,3033-21,"3033-21 Milwaukee M18 24"" - Hedge Trimmer Kit",,,,Milwaukee Accessory (4031),Milwaukee Accessory,Milwaukee,Milwaukee,3033-21,,Lawn & Garden>Landscaping Tools>Hedge Trimmers,"Milwaukee Accessory Milwaukee, Hedge Trimmer Kit, M18, 3033-21",HEDGE TRIMMER KIT 24IN 3033-21,Milwaukee M18 3033-21 Hedge Trimmer Kit,"Milwaukee Hedge Trimmer Kit, M18, 24 in Blade Length, 3033-21","M18 Hedge Trimmer Kit, 24 in, 3033-21","M18 Hedge Trimmer Kit, 24 in, 3033-21",,,,,,,,,,,,,,,,,,,,,,,,,,,Blade Length,24,in,Model Number,3033-21,,,,,,,,,,,,,,,,,,,,,,,,,,,,,,,,,,,,,,,,,,,,,,,,,,,,,,,,,,,,,,,,,,,,,,,,,,,,,,,,,,,,,,,,,,,,,,,,,,,,,,,,,,,,,,,,,,,,,,,,,,,,,,,,,,,,,,,,,,,,,,,,,,,,,27112711,,,,,,,,,,,,,,,,,,,,,,,,,,,,,,,,,,,,,,,,,,,
https://,,,,,,,,,,,3034-20,"3034-20 Milwaukee M18 30"" - Hedge Trimmer",,,Milwaukee,Milwaukee Accessory (4031),Milwaukee Accessory,Milwaukee,Milwaukee,3034-20,,Lawn & Garden>Landscaping Tools>Hedge Trimmers,"Milwaukee Accessory Milwaukee, Hedge Trimmer, M18, 3034-20, 30 in, 3034-20",HEDGE TRIMMER 30IN 3034-20,Milwaukee M18 3034-20 Hedge Trimmer,"Milwaukee Hedge Trimmer, M18, 30 in Blade Length, 3034-20","M18 Hedge Trimmer, 30 in, 3034-20","M18 Hedge Trimmer, 30 in, 3034-20",,,,,,,,,,,,,,,,,,,,,,,,,,,Blade Length,30,in,Model Number,3034-20,,,,,,,,,,,,,,,,,,,,,,,,,,,,,,,,,,,,,,,,,,,,,,,,,,,,,,,,,,,,,,,,,,,,,,,,,,,,,,,,,,,,,,,,,,,,,,,,,,,,,,,,,,,,,,,,,,,,,,,,,,,,,,,,,,,,,,,,,,,,,,,,,,,,,27112711,,,,,,,,,,,,,,,,,,,,,,,,,,,,,,,,,,,,,,,,,,,
https://,,,,,,,,,,,2563-20,"2563-20 Milwaukee M12 Stubby 1/2"" Impact Wrench",,,,Milwaukee Accessory (4031),Milwaukee Accessory,Milwaukee,Milwaukee,2563-20,,Tools & Equipment>Power Tools>Impact Wrenches,"Milwaukee Accessory Milwaukee, Impact Wrench, M12, 2563-20, 1/2 in, 2563-20",IMPACT WRENCH 1/2IN 2563-20,Milwaukee M12 2563-20 Impact Wrench,"Milwaukee Impact Wrench, M12, 1/2 in Drive Size, 2563-20","M12 Impact Wrench, 1/2 in, 2563-20","M12 Impact Wrench, 1/2 in, 2563-20",,,,,,,,,,,,,,,,,,,,,,,,,,,Drive Size,1/2,in,Model Number,2563-20,,,,,,,,,,,,,,,,,,,,,,,,,,,,,,,,,,,,,,,,,,,,,,,,,,,,,,,,,,,,,,,,,,,,,,,,,,,,,,,,,,,,,,,,,,,,,,,,,,,,,,,,,,,,,,,,,,,,,,,,,,,,,,,,,,,,,,,,,,,,,,,,,,,,,27112711,,,,,,,,,,,,,,,,,,,,,,,,,,,,,,,,,,,,,,,,,,,
https://,,,,,,,,,,,3052-20,"3052-20 Milwaukee M12 Fuel 1/4"" Rachet",,,,Milwaukee Accessory (4031),Milwaukee Accessory,Milwaukee,Milwaukee,3052-20,,Tools & Equipment>Power Tools>Cordless Ratchets,"Milwaukee Accessory Milwaukee, Ratchet, M12 Fuel, 3052-20, 1/4 in, 3052-20",RATCHET 1/4IN 3052-20,Milwaukee M12 Fuel 3052-20 Ratchet,"Milwaukee Ratchet, M12 Fuel, 1/4 in Drive Size, 3052-20","M12 Fuel Ratchet, 1/4 in, 3052-20","M12 Fuel Ratchet, 1/4 in, 3052-20",,,,,,,,,,,,,,,,,,,,,,,,,,,Drive Size,1/4,in,Model Number,3052-20,,,,,,,,,,,,,,,,,,,,,,,,,,,,,,,,,,,,,,,,,,,,,,,,,,,,,,,,,,,,,,,,,,,,,,,,,,,,,,,,,,,,,,,,,,,,,,,,,,,,,,,,,,,,,,,,,,,,,,,,,,,,,,,,,,,,,,,,,,,,,,,,,,,,,27112700,,,,,,,,,,,,,,,,,,,,,,,,,,,,,,,,,,,,,,,,,,,
https://,,,,,,,,,,,2535-20,"2535-20 Milwaukee 3"" Orbit Sander - M12",,,,Milwaukee Accessory (4031),Milwaukee Accessory,Milwaukee,Milwaukee,2535-20,,Tools & Equipment>Power Tools>Sanders & Polishers,"Milwaukee Accessory Milwaukee, Orbit Sander, M12, 2535-20, 3 in, 2535-20",ORBIT SANDER 3IN 2535-20,Milwaukee M12 2535-20 Orbit Sander,"Milwaukee Orbit Sander, M12, 3 in Pad Size, 2535-20","M12 Orbit Sander, 3 in, 2535-20","M12 Orbit Sander, 3 in, 2535-20",,,,,,,,,,,,,,,,,,,,,,,,,,,Pad Size,3,in,Model Number,2535-20,,,,,,,,,,,,,,,,,,,,,,,,,,,,,,,,,,,,,,,,,,,,,,,,,,,,,,,,,,,,,,,,,,,,,,,,,,,,,,,,,,,,,,,,,,,,,,,,,,,,,,,,,,,,,,,,,,,,,,,,,,,,,,,,,,,,,,,,,,,,,,,,,,,,,27112700,,,,,,,,,,,,,,,,,,,,,,,,,,,,,,,,,,,,,,,,,,,
https://,,,,,,,,,,,578800,578800 Festool 80x133 M GR PRO/10,,,,Festool USA (FESTO),Festool,Festool,Festool,578800,,Tools & Equipment>Power Tool Accessories>Sanding Sheets,"Festool, Sanding Sheet, GR PRO, 578800, 80x133 mm, 10",SANDING SHEET 80X133MM 10,Festool GR PRO 578800 Sanding Sheet,"Festool Sanding Sheet, GR PRO, 80x133 mm Dimensions, 10","GR PRO Sanding Sheet, 80x133 mm, 10","GR PRO Sanding Sheet, 80x133 mm, 10",,,,,,,,,,,,,,,,,,,,,,,,,,,Dimensions,80x133,mm,Quantity,10,,,,,,,,,,,,,,,,,,,,,,,,,,,,,,,,,,,,,,,,,,,,,,,,,,,,,,,,,,,,,,,,,,,,,,,,,,,,,,,,,,,,,,,,,,,,,,,,,,,,,,,,,,,,,,,,,,,,,,,,,,,,,,,,,,,,,,,,,,,,,,,,,,,,,31191500,,,,,,,,,,,,,,,,,,,,,,,,,,,,,,,,,,,,,,,,,,,
https://,,,,,,,,,,,578801,578801 Festool 80x133 F GR PRO/10,,,,Festool USA (FESTO),Festool,Festool,Festool,578801,,Tools & Equipment>Power Tool Accessories>Sanding Sheets,"Festool, Sanding Sheet, GR PRO, 578801, 80x133 mm, 10",SANDING SHEET 80X133MM 10,Festool GR PRO 578801 Sanding Sheet,"Festool Sanding Sheet, GR PRO, 80x133 mm Dimensions, 10","GR PRO Sanding Sheet, 80x133 mm, 10","GR PRO Sanding Sheet, 80x133 mm, 10",,,,,,,,,,,,,,,,,,,,,,,,,,,Dimensions,80x133,mm,Quantity,10,,,,,,,,,,,,,,,,,,,,,,,,,,,,,,,,,,,,,,,,,,,,,,,,,,,,,,,,,,,,,,,,,,,,,,,,,,,,,,,,,,,,,,,,,,,,,,,,,,,,,,,,,,,,,,,,,,,,,,,,,,,,,,,,,,,,,,,,,,,,,,,,,,,,,31191500,,,,,,,,,,,,,,,,,,,,,,,,,,,,,,,,,,,,,,,,,,,
https://,,,,,,,,,,,578802,578802 Festool 80x133 S GR PRO/10,,,,Festool USA (FESTO),Festool,Festool,Festool,578802,,Tools & Equipment>Power Tool Accessories>Sanding Sheets,"Festool, Sanding Sheet, GR PRO, 578802, 80x133 mm, 10",SANDING SHEET 80X133MM 10,Festool GR PRO 578802 Sanding Sheet,"Festool Sanding Sheet, GR PRO, 80x133 mm Dimensions, 10","GR PRO Sanding Sheet, 80x133 mm, 10","GR PRO Sanding Sheet, 80x133 mm, 10",,,,,,,,,,,,,,,,,,,,,,,,,,,Dimensions,80x133,mm,Quantity,10,,,,,,,,,,,,,,,,,,,,,,,,,,,,,,,,,,,,,,,,,,,,,,,,,,,,,,,,,,,,,,,,,,,,,,,,,,,,,,,,,,,,,,,,,,,,,,,,,,,,,,,,,,,,,,,,,,,,,,,,,,,,,,,,,,,,,,,,,,,,,,,,,,,,,31191500,,,,,,,,,,,,,,,,,,,,,,,,,,,,,,,,,,,,,,,,,,,
https://,,,,,,,,,,,578808,578808 Festool 3x4 M GR PRO/10,,,,Festool USA (FESTO),Festool,Festool,Festool,578808,,Tools & Equipment>Power Tool Accessories>Sanding Sheets,"Festool, Sanding Sheet, GR PRO, 578808, 3x4 in, 10",SANDING SHEET 3X4IN 10,Festool GR PRO 578808 Sanding Sheet,"Festool Sanding Sheet, GR PRO, 3x4 in Dimensions, 10","GR PRO Sanding Sheet, 3x4 in, 10","GR PRO Sanding Sheet, 3x4 in, 10",,,,,,,,,,,,,,,,,,,,,,,,,,,Dimensions,3x4,in,Quantity,10,,,,,,,,,,,,,,,,,,,,,,,,,,,,,,,,,,,,,,,,,,,,,,,,,,,,,,,,,,,,,,,,,,,,,,,,,,,,,,,,,,,,,,,,,,,,,,,,,,,,,,,,,,,,,,,,,,,,,,,,,,,,,,,,,,,,,,,,,,,,,,,,,,,,,31191500,,,,,,,,,,,,,,,,,,,,,,,,,,,,,,,,,,,,,,,,,,,
https://,,,,,,,,,,,578809,578809 Festool 3x4 F GR PRO/10,,,,Festool USA (FESTO),Festool,Festool,Festool,578809,,Tools & Equipment>Power Tool Accessories>Sanding Sheets,"Festool, Sanding Sheet, GR PRO, 578809, 3x4 in, 10",SANDING SHEET 3X4IN 10,Festool GR PRO 578809 Sanding Sheet,"Festool Sanding Sheet, GR PRO, 3x4 in Dimensions, 10","GR PRO Sanding Sheet, 3x4 in, 10","GR PRO Sanding Sheet, 3x4 in, 10",,,,,,,,,,,,,,,,,,,,,,,,,,,Dimensions,3x4,in,Quantity,10,,,,,,,,,,,,,,,,,,,,,,,,,,,,,,,,,,,,,,,,,,,,,,,,,,,,,,,,,,,,,,,,,,,,,,,,,,,,,,,,,,,,,,,,,,,,,,,,,,,,,,,,,,,,,,,,,,,,,,,,,,,,,,,,,,,,,,,,,,,,,,,,,,,,,31191500,,,,,,,,,,,,,,,,,,,,,,,,,,,,,,,,,,,,,,,,,,,
https://,,,,,,,,,,,49-93-9207,"49-93-9207 Milwaukee 7"" Diamond - Tile Blade",,,,Milwaukee Accessory (4031),Milwaukee Accessory,Milwaukee,Milwaukee,49-93-9207,,Power Tool Accessories>Saw Blades>Diamond Blades,"Milwaukee Accessory Milwaukee, Tile Blade, 49-93-9207, 7 in, 49-93-9207",TILE BLADE 7IN 49-93-9207,Milwaukee 49-93-9207 Tile Blade,"Milwaukee Tile Blade, 7 in Diameter, 49-93-9207","Tile Blade, 7 in, 49-93-9207","Tile Blade, 7 in, 49-93-9207",,,,,,,,,,,,,,,,,,,,,,,,,,,Diameter,7,in,Part Number,49-93-9207,,,,,,,,,,,,,,,,,,,,,,,,,,,,,,,,,,,,,,,,,,,,,,,,,,,,,,,,,,,,,,,,,,,,,,,,,,,,,,,,,,,,,,,,,,,,,,,,,,,,,,,,,,,,,,,,,,,,,,,,,,,,,,,,,,,,,,,,,,,,,,,,,,,,,27112706,,,,,,,,,,,,,,,,,,,,,,,,,,,,,,,,,,,,,,,,,,,
https://,,,,,,,,,,,49-93-9210,"49-93-9210 Milwaukee 10"" Diamond - Tile Blade",,,,Milwaukee Accessory (4031),Milwaukee Accessory,Milwaukee,Milwaukee,49-93-9210,,Power Tool Accessories>Saw Blades>Diamond Blades,"Milwaukee Accessory Milwaukee, Tile Blade, 49-93-9210, 10 in, 49-93-9210",TILE BLADE 10IN 49-93-9210,Milwaukee 49-93-9210 Tile Blade,"Milwaukee Tile Blade, 10 in Diameter, 49-93-9210","Tile Blade, 10 in, 49-93-9210","Tile Blade, 10 in, 49-93-9210",,,,,,,,,,,,,,,,,,,,,,,,,,,Diameter,10,in,Part Number,49-93-9210,,,,,,,,,,,,,,,,,,,,,,,,,,,,,,,,,,,,,,,,,,,,,,,,,,,,,,,,,,,,,,,,,,,,,,,,,,,,,,,,,,,,,,,,,,,,,,,,,,,,,,,,,,,,,,,,,,,,,,,,,,,,,,,,,,,,,,,,,,,,,,,,,,,,,27112706,,,,,,,,,,,,,,,,,,,,,,,,,,,,,,,,,,,,,,,,,,,
https://,,,,,,,,,,,49-93-9202,"49-93-9202 Milwaukee 4"" Diamond - Tile Blade",,,,Milwaukee Accessory (4031),Milwaukee Accessory,Milwaukee,Milwaukee,49-93-9202,,Power Tool Accessories>Saw Blades>Diamond Blades,"Milwaukee Accessory Milwaukee, Tile Blade, 49-93-9202, 4 in, 49-93-9202",TILE BLADE 4IN 49-93-9202,Milwaukee 49-93-9202 Tile Blade,"Milwaukee Tile Blade, 4 in Diameter, 49-93-9202","Tile Blade, 4 in, 49-93-9202","Tile Blade, 4 in, 49-93-9202",,,,,,,,,,,,,,,,,,,,,,,,,,,Diameter,4,in,Part Number,49-93-9202,,,,,,,,,,,,,,,,,,,,,,,,,,,,,,,,,,,,,,,,,,,,,,,,,,,,,,,,,,,,,,,,,,,,,,,,,,,,,,,,,,,,,,,,,,,,,,,,,,,,,,,,,,,,,,,,,,,,,,,,,,,,,,,,,,,,,,,,,,,,,,,,,,,,,27112706,,,,,,,,,,,,,,,,,,,,,,,,,,,,,,,,,,,,,,,,,,,
https://,,,,,,,,,,,49-93-9205,"49-93-9205 Milwaukee 5"" Diamond - Tile Blade",,,,Milwaukee Accessory (4031),Milwaukee Accessory,Milwaukee,Milwaukee,49-93-9205,,Power Tool Accessories>Saw Blades>Diamond Blades,"Milwaukee Accessory Milwaukee, Tile Blade, 49-93-9205, 5 in, 49-93-9205",TILE BLADE 5IN 49-93-9205,Milwaukee 49-93-9205 Tile Blade,"Milwaukee Tile Blade, 5 in Diameter, 49-93-9205","Tile Blade, 5 in, 49-93-9205","Tile Blade, 5 in, 49-93-9205",,,,,,,,,,,,,,,,,,,,,,,,,,,Diameter,5,in,Part Number,49-93-9205,,,,,,,,,,,,,,,,,,,,,,,,,,,,,,,,,,,,,,,,,,,,,,,,,,,,,,,,,,,,,,,,,,,,,,,,,,,,,,,,,,,,,,,,,,,,,,,,,,,,,,,,,,,,,,,,,,,,,,,,,,,,,,,,,,,,,,,,,,,,,,,,,,,,,27112706,,,,,,,,,,,,,,,,,,,,,,,,,,,,,,,,,,,,,,,,,,,
https://woodstock.com,,,,,,,,,,,G0771Z,"Grizzly G0771Z 30"" Table Saw",,,,Woodstock Intl (3658),Woodstock Intl,Grizzly,Grizzly,G0771Z,,Power Tools & Equipment>Power Saws>Table Saws,"Woodstock Intl Grizzly, table saw, G0771Z, G0771Z, 30 in",TABLE SAW G0771Z 30IN,"Grizzly G0771Z table saw, 30 in","Grizzly table saw, G0771Z, 30 in Size","table saw, G0771Z, 30 in","table saw, G0771Z, 30 in",,,,,,,,,,,,,,,,,,,,,,,,,,,Model Number,G0771Z,,Size,30,in,,,,,,,,,,,,,,,,,,,,,,,,,,,,,,,,,,,,,,,,,,,,,,,,,,,,,,,,,,,,,,,,,,,,,,,,,,,,,,,,,,,,,,,,,,,,,,,,,,,,,,,,,,,,,,,,,,,,,,,,,,,,,,,,,,,,,,,,,,,,,,,,,,,,27112705,,,,,,,,,,,,,,,,,,,,,,,,,,,,,,,,,,,,,,,,,,,
https://black.com,,,,,,,,,,,DWV9401,DWV9401 Dewalt Paper Bag - 5pk,,,,Black & Decker/dewlt (2585),Black & Decker/dewlt,Dewalt,Dewalt,DWV9401,,Power Tools & Accessories>Vacuum Accessories>Vacuum Bags,"Black & Decker/dewlt Dewalt, paper bag, DWV9401, DWV9401, 5 pk",PAPER BAG DWV9401 5PK,Dewalt DWV9401 paper bag,"Dewalt paper bag, DWV9401, 5 pk Pack Quantity","paper bag, DWV9401, 5 pk","paper bag, DWV9401, 5 pk",,,,,,,,,,,,,,,,,,,,,,,,,,,Model Number,DWV9401,,Pack Quantity,5,pk,,,,,,,,,,,,,,,,,,,,,,,,,,,,,,,,,,,,,,,,,,,,,,,,,,,,,,,,,,,,,,,,,,,,,,,,,,,,,,,,,,,,,,,,,,,,,,,,,,,,,,,,,,,,,,,,,,,,,,,,,,,,,,,,,,,,,,,,,,,,,,,,,,,,47121603,,,,,,,,,,,,,,,,,,,,,,,,,,,,,,,,,,,,,,,,,,,
https://,,,,,,,,,,,3100-1/15,3100-1/15 Dremel Rotary Tool - Kit 15pc,,,Dremel,Robt Bosch Tool Corp (6564),Robt Bosch Tool Corp,Dremel,Dremel,3100-1/15,,Power Tools & Accessories>Power Tools>Rotary Tools,"Robt Bosch Tool Corp Dremel, Rotary Tool, 3100, 3100-1/15, 3100-1/15, 15 pc",ROTARY TOOL 3100-1/15 15PC,Dremel 3100 3100-1/15 Rotary Tool,"Dremel Rotary Tool, 3100, 3100-1/15, 15 pc Piece Count","3100 Rotary Tool, 3100-1/15, 15 pc","3100 Rotary Tool, 3100-1/15, 15 pc",,,,,,,,,,,,,,,,,,,,,,,,,,,Model Number,3100-1/15,,Piece Count,15,pc,,,,,,,,,,,,,,,,,,,,,,,,,,,,,,,,,,,,,,,,,,,,,,,,,,,,,,,,,,,,,,,,,,,,,,,,,,,,,,,,,,,,,,,,,,,,,,,,,,,,,,,,,,,,,,,,,,,,,,,,,,,,,,,,,,,,,,,,,,,,,,,,,,,,27111900,,,,,,,,,,,,,,,,,,,,,,,,,,,,,,,,,,,,,,,,,,,
https://,,,,,,,,,,,S3794,S3794 7W Incan Med 27K,,,Satco,Satco Prod Inc (5573),Satco Prod Inc,Satco,Satco,S3794,,Lighting & Electrical>Light Bulbs>Incandescent Bulbs,"Satco Prod Inc Satco, light bulb, S3794, 7 W, Incandescent, Medium",LIGHT BULB 7W INCANDESCENT MEDIUM 2700K,Satco S3794 light bulb,"Satco light bulb, 7 W Wattage, Incandescent, Medium, 2700 K Color Temperature","light bulb, 7 W, Incandescent, Medium","light bulb, 7 W, Incandescent, Medium",,,,,,,,,,,,,,,,,,,,,,,,,,,Wattage,7,W,Bulb Technology,Incandescent,,Base Type,Medium,,Color Temperature,2700,K,,,,,,,,,,,,,,,,,,,,,,,,,,,,,,,,,,,,,,,,,,,,,,,,,,,,,,,,,,,,,,,,,,,,,,,,,,,,,,,,,,,,,,,,,,,,,,,,,,,,,,,,,,,,,,,,,,,,,,,,,,,,,,,,,,,,,,,,,,,,,,39101601,,,,,,,,,,,,,,,,,,,,,,,,,,,,,,,,,,,,,,,,,,,
https://,,,,,,,,,,,S3795,S3795 7W Incan Med 27K,,,Satco,Satco Prod Inc (5573),Satco Prod Inc,Satco,Satco,S3795,,Lighting & Electrical>Light Bulbs>Incandescent Bulbs,"Satco Prod Inc Satco, light bulb, S3795, 7 W, Incandescent, Medium",LIGHT BULB 7W INCANDESCENT MEDIUM 2700K,Satco S3795 light bulb,"Satco light bulb, 7 W Wattage, Incandescent, Medium, 2700 K Color Temperature","light bulb, 7 W, Incandescent, Medium","light bulb, 7 W, Incandescent, Medium",,,,,,,,,,,,,,,,,,,,,,,,,,,Wattage,7,W,Bulb Technology,Incandescent,,Base Type,Medium,,Color Temperature,2700,K,,,,,,,,,,,,,,,,,,,,,,,,,,,,,,,,,,,,,,,,,,,,,,,,,,,,,,,,,,,,,,,,,,,,,,,,,,,,,,,,,,,,,,,,,,,,,,,,,,,,,,,,,,,,,,,,,,,,,,,,,,,,,,,,,,,,,,,,,,,,,,39101601,,,,,,,,,,,,,,,,,,,,,,,,,,,,,,,,,,,,,,,,,,,
https://phillips.com,,,,,,,,,,,576496,576496 45W LED R20 Med 27k,,,Philips,Phillips Lighting (5831),Phillips Lighting,Phillips,Phillips,576496,,Lighting & Electrical>Light Bulbs>LED Bulbs,"Phillips Lighting Phillips, LED Bulb, 576496, 45 W, R20, Medium",LED BULB 45W R20 MEDIUM 2700K,Phillips 576496 LED Bulb,"Phillips LED Bulb, 45 W Wattage, R20, Medium, 2700 k Color Temperature","LED Bulb, 45 W, R20, Medium","LED Bulb, 45 W, R20, Medium",,,,,,,,,,,,,,,,,,,,,,,,,,,Wattage,45,W,Shape,R20,,Base,Medium,,Color Temperature,2700,k,,,,,,,,,,,,,,,,,,,,,,,,,,,,,,,,,,,,,,,,,,,,,,,,,,,,,,,,,,,,,,,,,,,,,,,,,,,,,,,,,,,,,,,,,,,,,,,,,,,,,,,,,,,,,,,,,,,,,,,,,,,,,,,,,,,,,,,,,,,,,,39101628,,,,,,,,,,,,,,,,,,,,,,,,,,,,,,,,,,,,,,,,,,,
https://phillips.com,,,,,,,,,,,565796,565796 60W LED A19 Med 20k,,,Philips,Phillips Lighting (5831),Phillips Lighting,Phillips,Phillips,565796,,Lighting & Electrical>Light Bulbs>LED Bulbs,"Phillips Lighting Phillips, LED Bulb, 565796, 60 W, A19, Medium",LED BULB 60W A19 MEDIUM 2000K,Phillips 565796 LED Bulb,"Phillips LED Bulb, 60 W Wattage, A19, Medium, 2000 k Color Temperature","LED Bulb, 60 W, A19, Medium","LED Bulb, 60 W, A19, Medium",,,,,,,,,,,,,,,,,,,,,,,,,,,Wattage,60,W,Shape,A19,,Base,Medium,,Color Temperature,2000,k,,,,,,,,,,,,,,,,,,,,,,,,,,,,,,,,,,,,,,,,,,,,,,,,,,,,,,,,,,,,,,,,,,,,,,,,,,,,,,,,,,,,,,,,,,,,,,,,,,,,,,,,,,,,,,,,,,,,,,,,,,,,,,,,,,,,,,,,,,,,,,39101628,,,,,,,,,,,,,,,,,,,,,,,,,,,,,,,,,,,,,,,,,,,
https://leviton.com,,,,,,,,,,,R51-GSRA1-THD,R5GSRA1THD 15A GFCI Plug,,,Leviton,Leviton Mfg Co (4927),Leviton Mfg Co,Leviton,Leviton,R51-GSRA1-THD,,Electrical>Wiring Devices>GFCI Receptacles,"Leviton Mfg Co Leviton, GFCI Plug, R51-GSRA1-THD, 15 A, R5GSRA1THD",GFCI PLUG 15A R5GSRA1THD,Leviton R51-GSRA1-THD GFCI Plug,"Leviton GFCI Plug, 15 A Amperage Rating, R5GSRA1THD","GFCI Plug, R5GSRA1THD","GFCI Plug, R5GSRA1THD",,,,,,,,,,,,,,,,,,,,,,,,,,,Amperage Rating,15,A,Part Number,R5GSRA1THD,,,,,,,,,,,,,,,,,,,,,,,,,,,,,,,,,,,,,,,,,,,,,,,,,,,,,,,,,,,,,,,,,,,,,,,,,,,,,,,,,,,,,,,,,,,,,,,,,,,,,,,,,,,,,,,,,,,,,,,,,,,,,,,,,,,,,,,,,,,,,,,,,,,,,39121406,,,,,,,,,,,,,,,,,,,,,,,,,,,,,,,,,,,,,,,,,,,
https://kreg.com,,,,,,,,,,,KPTCS725A,"KPTCS725A Kreg 20V Ionic 7-1/4"" Circ Saw",,,,Kreg Tool Company (KRETO),Kreg Tool Company,Kreg,Kreg,KPTCS725A,,Tools & Equipment>Power Tools>Circular Saws,"Kreg Tool Company Kreg, circular saw, Ionic, KPTCS725A, 20 V, 7-1/4 in",CIRCULAR SAW 20V 7-1/4IN,Kreg Ionic KPTCS725A circular saw,"Kreg circular saw, Ionic, 20 V Voltage Rating, 7-1/4 in Blade Diameter","Ionic circular saw, 7-1/4 in","Ionic circular saw, 7-1/4 in",,,,,,,,,,,,,,,,,,,,,,,,,,,Voltage Rating,20,V,Blade Diameter,7-1/4,in,,,,,,,,,,,,,,,,,,,,,,,,,,,,,,,,,,,,,,,,,,,,,,,,,,,,,,,,,,,,,,,,,,,,,,,,,,,,,,,,,,,,,,,,,,,,,,,,,,,,,,,,,,,,,,,,,,,,,,,,,,,,,,,,,,,,,,,,,,,,,,,,,,,,27112702,,,,,,,,,,,,,,,,,,,,,,,,,,,,,,,,,,,,,,,,,,,
https://kreg.com,,,,,,,,,,,KPTCS450A,"KPTCS450A Kreg 20V Ionic 4-1/2"" Circ Saw",,,,Kreg Tool Company (KRETO),Kreg Tool Company,Kreg,Kreg,KPTCS450A,,Tools & Equipment>Power Tools>Circular Saws,"Kreg Tool Company Kreg, circular saw, Ionic, KPTCS450A, 20 V, 4-1/2 in",CIRCULAR SAW 20V 4-1/2IN,Kreg Ionic KPTCS450A circular saw,"Kreg circular saw, Ionic, 20 V Voltage Rating, 4-1/2 in Blade Diameter","Ionic circular saw, 4-1/2 in","Ionic circular saw, 4-1/2 in",,,,,,,,,,,,,,,,,,,,,,,,,,,Voltage Rating,20,V,Blade Diameter,4-1/2,in,,,,,,,,,,,,,,,,,,,,,,,,,,,,,,,,,,,,,,,,,,,,,,,,,,,,,,,,,,,,,,,,,,,,,,,,,,,,,,,,,,,,,,,,,,,,,,,,,,,,,,,,,,,,,,,,,,,,,,,,,,,,,,,,,,,,,,,,,,,,,,,,,,,,27112702,,,,,,,,,,,,,,,,,,,,,,,,,,,,,,,,,,,,,,,,,,,
https://makita.com,,,,,,,,,,,GSL02M1,"GSL02M1 Makita Miter Saw - 40V 8-1/2""",,,,Makita Usa Inc (5142),Makita Usa Inc,Makita,Makita,GSL02M1,,Power Tools>Saws>Miter Saws,"Makita Usa Inc Makita, miter saw, GSL02M1, 40 V, 8-1/2 in",MITER SAW 40V 8-1/2IN,Makita GSL02M1 miter saw,"Makita miter saw, 40 V Voltage Rating, 8-1/2 in Blade Diameter","miter saw, 8-1/2 in","miter saw, 8-1/2 in",,,,,,,,,,,,,,,,,,,,,,,,,,,Voltage Rating,40,V,Blade Diameter,8-1/2,in,,,,,,,,,,,,,,,,,,,,,,,,,,,,,,,,,,,,,,,,,,,,,,,,,,,,,,,,,,,,,,,,,,,,,,,,,,,,,,,,,,,,,,,,,,,,,,,,,,,,,,,,,,,,,,,,,,,,,,,,,,,,,,,,,,,,,,,,,,,,,,,,,,,,27112705,,,,,,,,,,,,,,,,,,,,,,,,,,,,,,,,,,,,,,,,,,,
https://,,,,,,,,,,,S21354,S21354 8W LED T9 Med 27k,,,,Satco Prod Inc (5573),Satco Prod Inc,Satco,Satco,S21354,,Lighting & Electrical>Light Bulbs>LED Bulbs,"Satco Prod Inc Satco, light bulb, S21354, 8 W, LED, T9",LIGHT BULB 8W LED T9 MEDIUM 2700K,Satco S21354 light bulb,"Satco light bulb, 8 W Wattage, LED, T9, Medium, 2700 K Color Temperature","light bulb, 8 W, LED, T9","light bulb, 8 W, LED, T9",,,,,,,,,,,,,,,,,,,,,,,,,,,Wattage,8,W,Bulb Technology,LED,,Bulb Shape,T9,,Base Type,Medium,,Color Temperature,2700,K,,,,,,,,,,,,,,,,,,,,,,,,,,,,,,,,,,,,,,,,,,,,,,,,,,,,,,,,,,,,,,,,,,,,,,,,,,,,,,,,,,,,,,,,,,,,,,,,,,,,,,,,,,,,,,,,,,,,,,,,,,,,,,,,,,,,,,,,,,,39101628,,,,,,,,,,,,,,,,,,,,,,,,,,,,,,,,,,,,,,,,,,,
https://,,,,,,,,,,,S21363,S21363 8W LED Edison ST19 27K,,,,Satco Prod Inc (5573),Satco Prod Inc,Satco,Satco,S21363,,Lighting & Electrical>Light Bulbs>LED Bulbs,"Satco Prod Inc Satco, light bulb, S21363, 8 W, LED, Edison",LIGHT BULB 8W LED EDISON ST19 2700K,Satco S21363 light bulb,"Satco light bulb, 8 W Wattage, LED, Edison, ST19, 2700 K Color Temperature","light bulb, 8 W, LED, Edison","light bulb, 8 W, LED, Edison",,,,,,,,,,,,,,,,,,,,,,,,,,,Wattage,8,W,Bulb Technology,LED,,Bulb Style,Edison,,Bulb Shape,ST19,,Color Temperature,2700,K,,,,,,,,,,,,,,,,,,,,,,,,,,,,,,,,,,,,,,,,,,,,,,,,,,,,,,,,,,,,,,,,,,,,,,,,,,,,,,,,,,,,,,,,,,,,,,,,,,,,,,,,,,,,,,,,,,,,,,,,,,,,,,,,,,,,,,,,,,,39101628,,,,,,,,,,,,,,,,,,,,,,,,,,,,,,,,,,,,,,,,,,,
https://,,,,,,,,,,,S11445,S11445 12W LED Med 30k Motion,,,,Satco Prod Inc (5573),Satco Prod Inc,Satco,Satco,S11445,,Lighting & Electrical>Light Bulbs>LED Bulbs,"Satco Prod Inc Satco, light bulb, S11445, 12 W, LED, Medium",LIGHT BULB 12W LED MEDIUM 3000K,Satco S11445 light bulb,"Satco light bulb, 12 W Wattage, LED, Medium, 3000 K Color Temperature, Motion sensor","light bulb, 12 W, LED, Medium","light bulb, 12 W, LED, Medium",,,,,,,,,,,,,,,,,,,,,,,,,,,Wattage,12,W,Bulb Technology,LED,,Base Type,Medium,,Color Temperature,3000,K,Feature,Motion sensor,,,,,,,,,,,,,,,,,,,,,,,,,,,,,,,,,,,,,,,,,,,,,,,,,,,,,,,,,,,,,,,,,,,,,,,,,,,,,,,,,,,,,,,,,,,,,,,,,,,,,,,,,,,,,,,,,,,,,,,,,,,,,,,,,,,,,,,,,,,,39101628,,,,,,,,,,,,,,,,,,,,,,,,,,,,,,,,,,,,,,,,,,,
https://,,,,,,,,,,,73019598,Finyline Water Heater 6' Str Rail Kit Rd - w/Black Alum Balusters,,,,,,,,73019598,,Building Materials>Railing Systems>Railing Kits,"rail kit, Finyline, 73019598, 6 ft, Round, Black Aluminum",RAIL KIT 6FT ROUND BLACKALUMINUM,Finyline 73019598 rail kit With w/Black Alum Balusters,"rail kit With w/Black Alum Balusters, Finyline, 6 ft length, Round, Black Aluminum","Finyline rail kit, 6 ft, Round, Black Aluminum","Finyline rail kit, 6 ft, Round, Black Aluminum",w/Black Alum Balusters,,,,,,,,,,,,,,,,,,,,With w/Black Alum Balusters,,,,Black Alum Balusters,,length,6,ft,baluster type,Round,,baluster material,Black Aluminum,,,,,,,,,,,,,,,,,,,,,,,,,,,,,,,,,,,,,,,,,,,,,,,,,,,,,,,,,,,,,,,,,,,,,,,,,,,,,,,,,,,,,,,,,,,,,,,,,,,,,,,,,,,,,,,,,,,,,,,,,,,,,,,,,,,,,,,,,,,,,,,,,,30152002,,,,,,,,,,,,,,,,,,,,,,,,,,,,,,,,,,,,,,,,,,,
https://,,,,,,,,,,,73019647,Finyline Water Heater 8' Str Rail Kit Rd - w/Black Alum Balusters,,,,,,,,73019647,,Building Materials>Decking & Railing>Deck Railing Kits,"rail kit, Finyline, 73019647, 8 ft, Black, Aluminum",RAIL KIT 8FT BLACK ALUMINUM,Finyline 73019647 rail kit With w/Black Alum Balusters,"rail kit With w/Black Alum Balusters, Finyline, 8 ft length, Black, Aluminum","Finyline rail kit, 8 ft, Black, Aluminum","Finyline rail kit, 8 ft, Black, Aluminum",w/Black Alum Balusters,,,,,,,,,,,,,,,,,,,,With w/Black Alum Balusters,,,Water Heater,,,length,8,ft,color,Black,,material,Aluminum,,,,,,,,,,,,,,,,,,,,,,,,,,,,,,,,,,,,,,,,,,,,,,,,,,,,,,,,,,,,,,,,,,,,,,,,,,,,,,,,,,,,,,,,,,,,,,,,,,,,,,,,,,,,,,,,,,,,,,,,,,,,,,,,,,,,,,,,,,,,,,,,,,30151801,,,,,,,,,,,,,,,,,,,,,,,,,,,,,,,,,,,,,,,,,,,
https://,,,,,,,,,,,7547,Ice Guard OC Weathr Lk Mat 2sq,,,,,,Owens Corning,Owens Corning,7547,,Building Materials>Roofing & Siding>Roofing Underlayment,"Owens Corning, roofing underlayment, Weather Lock, 7547, 2 sq",ROOFING UNDERLAYMENT 2SQ,Owens Corning Weather Lock 7547 roofing underlayment With Ice Guard,"Owens Corning roofing underlayment With Ice Guard, Weather Lock, 2 sq coverage","Weather Lock roofing underlayment, 2 sq","Weather Lock roofing underlayment, 2 sq",Ice Guard,,,,,,,,,,,,,,,,,,,,With Ice Guard,,,,,,coverage,2,sq,,,,,,,,,,,,,,,,,,,,,,,,,,,,,,,,,,,,,,,,,,,,,,,,,,,,,,,,,,,,,,,,,,,,,,,,,,,,,,,,,,,,,,,,,,,,,,,,,,,,,,,,,,,,,,,,,,,,,,,,,,,,,,,,,,,,,,,,,,,,,,,,,,,,,,,30151505,,,,,,,,,,,,,,,,,,,,,,,,,,,,,,,,,,,,,,,,,,,
https://,,,,,,,,,,,543650048,8' Black Alum ADA Rail Trex,TREX,,,Boise Cascade Building Materials (BOICA),Boise Cascade Building Materials,Trex,Trex,543650048,,Building Materials>Decking & Railing>Deck Railing,"Boise Cascade Building Materials Trex, rail, ADA, 543650048, 8 ft, Black, Alum",RAIL 8FT BLACK ALUM,Trex ADA 543650048 rail,"Trex rail, ADA, 8 ft length, Black, Alum","ADA rail, 8 ft, Black, Alum","ADA rail, 8 ft, Black, Alum",,,,,,,,,,,,,,,,,,,,,,,,,,,length,8,ft,color,Black,,material,Alum,,,,,,,,,,,,,,,,,,,,,,,,,,,,,,,,,,,,,,,,,,,,,,,,,,,,,,,,,,,,,,,,,,,,,,,,,,,,,,,,,,,,,,,,,,,,,,,,,,,,,,,,,,,,,,,,,,,,,,,,,,,,,,,,,,,,,,,,,,,,,,,,,,30263600,,,,,,,,,,,,,,,,,,,,,,,,,,,,,,,,,,,,,,,,,,,
https://,,,,,,,,,,,1506969,"1-1/2"" 4x8 Huber Zip R6.6 - Insulated R-Sheathing",,,,,,Huber,Huber,1506969,,Building Materials>Insulation>Rigid Foam Insulation,"Huber, r-sheathing, Zip R6.6, 1506969, 1-1/2 in, 4 ft, 8 ft",R-SHEATHING 1-1/2IN 4FT 8FT 6.6,Huber Zip R6.6 1506969 r-sheathing With Insulated,"Huber r-sheathing With Insulated, Zip R6.6, 1-1/2 in thickness, 4 ft width, 8 ft length, 6.6","Zip R6.6 r-sheathing, 1-1/2 in, 4 ft, 8 ft","Zip R6.6 r-sheathing, 1-1/2 in, 4 ft, 8 ft",Insulated,,,,,,,,,,,,,,,,,,,,With Insulated,,,,,,thickness,1-1/2,in,width,4,ft,length,8,ft,r-value,6.6,,,,,,,,,,,,,,,,,,,,,,,,,,,,,,,,,,,,,,,,,,,,,,,,,,,,,,,,,,,,,,,,,,,,,,,,,,,,,,,,,,,,,,,,,,,,,,,,,,,,,,,,,,,,,,,,,,,,,,,,,,,,,,,,,,,,,,,,,,,,,,,30141507,,,,,,,,,,,,,,,,,,,,,,,,,,,,,,,,,,,,,,,,,,,
https://,,,,,,,,,,,62-1850,"62-1850 11"" LED Ceiling Light",,,,Satco Prod Inc (5573),Satco Prod Inc,Satco,Satco,62-1850,,Lighting & Electrical>Lighting Fixtures>Ceiling Lighting,"Satco Prod Inc Satco, Ceiling Light, 62-1850, 11 in, LED, 62-1850",CEILING LIGHT 11IN LED 62-1850,"Satco 62-1850 Ceiling Light, 11 in","Satco Ceiling Light, 11 in Size, LED, 62-1850","Ceiling Light, 11 in, LED, 62-1850","Ceiling Light, 11 in, LED, 62-1850",,,,,,,,,,,,,,,,,,,,,,,,,,,Size,11,in,Technology,LED,,Model Number,62-1850,,,,,,,,,,,,,,,,,,,,,,,,,,,,,,,,,,,,,,,,,,,,,,,,,,,,,,,,,,,,,,,,,,,,,,,,,,,,,,,,,,,,,,,,,,,,,,,,,,,,,,,,,,,,,,,,,,,,,,,,,,,,,,,,,,,,,,,,,,,,,,,,,,39111500,,,,,,,,,,,,,,,,,,,,,,,,,,,,,,,,,,,,,,,,,,,
https://,,,,,,,,,,,62-1852,"62-1852 14"" Satco LED Ceiling Lt",,,,Satco Prod Inc (5573),Satco Prod Inc,Satco,Satco,62-1852,,Lighting & Electrical>Lighting Fixtures>Ceiling Lighting,"Satco Prod Inc Satco, Ceiling Light, 62-1852, 14 in, LED, 62-1852",CEILING LIGHT 14IN LED 62-1852,"Satco 62-1852 Ceiling Light, 14 in","Satco Ceiling Light, 14 in Size, LED, 62-1852","Ceiling Light, 14 in, LED, 62-1852","Ceiling Light, 14 in, LED, 62-1852",,,,,,,,,,,,,,,,,,,,,,,,,,,Size,14,in,Technology,LED,,Model Number,62-1852,,,,,,,,,,,,,,,,,,,,,,,,,,,,,,,,,,,,,,,,,,,,,,,,,,,,,,,,,,,,,,,,,,,,,,,,,,,,,,,,,,,,,,,,,,,,,,,,,,,,,,,,,,,,,,,,,,,,,,,,,,,,,,,,,,,,,,,,,,,,,,,,,,39111500,,,,,,,,,,,,,,,,,,,,,,,,,,,,,,,,,,,,,,,,,,,
https://,,,,,,,,,,,62-1876,"62-1876 13"" Satco Ceiling Light BN",,,,Satco Prod Inc (5573),Satco Prod Inc,Satco,Satco,62-1876,,Lighting & Electrical>Lighting Fixtures>Ceiling Lighting,"Satco Prod Inc Satco, Ceiling Light, 62-1876, 13 in, BN, 62-1876",CEILING LIGHT 13IN BN 62-1876,"Satco 62-1876 Ceiling Light, 13 in","Satco Ceiling Light, 13 in Size, BN, 62-1876","Ceiling Light, 13 in, BN, 62-1876","Ceiling Light, 13 in, BN, 62-1876",,,,,,,,,,,,,,,,,,,,,,,,,,,Size,13,in,Finish,BN,,Model Number,62-1876,,,,,,,,,,,,,,,,,,,,,,,,,,,,,,,,,,,,,,,,,,,,,,,,,,,,,,,,,,,,,,,,,,,,,,,,,,,,,,,,,,,,,,,,,,,,,,,,,,,,,,,,,,,,,,,,,,,,,,,,,,,,,,,,,,,,,,,,,,,,,,,,,,39111500,,,,,,,,,,,,,,,,,,,,,,,,,,,,,,,,,,,,,,,,,,,
https://southwire.com,,,,,,,,,,,10-4 SO,10-4 SO Cord (Linear Foot),,,,Southwire/g Turner (6603),Southwire/g Turner,Southwire/g Turner,,10-4 SO,,Electrical>Wire & Cable>Portable Cords,"Southwire/g Turner, Cord, SO, 10-4 SO, 10, 4",CORD 10 4,Southwire/g Turner SO 10-4 SO Cord With SO Cord,"Southwire/g Turner Cord With SO Cord, SO, 10, 4, Additional Information: Sold by the linear foot.","SO Cord, 10, 4","SO Cord, 10, 4",SO Cord,,,,,,,,,,,,,,,,,,,,With SO Cord,,,,,,Gauge,10,,Conductors,4,,,,,,,,,,,,,,,,,,,,,,,,,,,,,,,,,,,,,,,,,,,,,,,,,,,,,,,,,,,,,,,,,,,,,,,,,,,,,,,,,,,,,,,,,,,,,,,,,,,,,,,,,,,,,,,,,,,,,,,,,,,,,,,,,,,,,,,,,,,,,,,,,,,,,26121600,,,,,,,,,,,,,,,,,,,,,,,,,,,,,,,,,,,,,,,,,,,
https://appliance.com,https://www.appliance.com/search?q=PEP9030DTBB,,,,,,,,,,PEP9030DTBB,"PEP9030DTBB 30"" GE Cooktop Black",,,,Appliance Dealers Cooperative (APPDE),GE,GE,GE,PEP9030DTBB,,Appliances & Consumer Electronics>Kitchen Appliances>Cooktops,"GE, cooktop, PEP9030DTBB, PEP9030DTBB, 30 "", Black","COOKTOP PEP9030DTBB 30"" BLACK","GE PEP9030DTBB cooktop, 30 "", Black","GE cooktop, PEP9030DTBB, 30 "" Size, Black","cooktop, PEP9030DTBB, 30 "", Black","cooktop, PEP9030DTBB, 30 "", Black",,,,,,,,,,,,,,,,,,,,,,,,,,,Model Number,PEP9030DTBB,,Size,30,"""",Color,Black,,,,,,,,,,,,,,,,,,,,,,,,,,,,,,,,,,,,,,,,,,,,,,,,,,,,,,,,,,,,,,,,,,,,,,,,,,,,,,,,,,,,,,,,,,,,,,,,,,,,,,,,,,,,,,,,,,,,,,,,,,,,,,,,,,,,,,,,,,,,,,,,,,52141507,,,,,,,,,,,,,,,,,,,,,,,,,,,,,,,,,,,,,,,,,,,
https://appliance.com,https://www.appliance.com/search?q=GCFG3661AF,,,,,,,,,,GCFG3661AF,"GCFG3661AF 36"" Frigidaire Gas Range SS",,,,Appliance Dealers Cooperative (APPDE),Appliance Dealers Cooperative,Frigidaire,Frigidaire,GCFG3661AF,,Appliances & Consumer Electronics>Kitchen Appliances>Gas Ranges,"Appliance Dealers Cooperative Frigidaire, Gas Range, GCFG3661AF",GAS RANGE 36IN GCFG3661AF STAINLESSSTEEL,"Frigidaire GCFG3661AF Gas Range, Stainless Steel","Frigidaire Gas Range, 36 in Width, GCFG3661AF, Stainless Steel","Gas Range, 36 in, GCFG3661AF, Stainless Steel","Gas Range, 36 in, GCFG3661AF, Stainless Steel",,,,,,,,,,,,,,,,,,,,,,,,,,,Width,36,in,Model Number,GCFG3661AF,,Color,Stainless Steel,,,,,,,,,,,,,,,,,,,,,,,,,,,,,,,,,,,,,,,,,,,,,,,,,,,,,,,,,,,,,,,,,,,,,,,,,,,,,,,,,,,,,,,,,,,,,,,,,,,,,,,,,,,,,,,,,,,,,,,,,,,,,,,,,,,,,,,,,,,,,,,,,,52141506,,,,,,,,,,,,,,,,,,,,,,,,,,,,,,,,,,,,,,,,,,,
https://appliance.com,https://www.appliance.com/search?q=LT18S2100SS,,,,,,,,,,LT18S2100SS,LT18S2100S 18CF LG Fridge SS,,,,Appliance Dealers Cooperative (APPDE),LG,LG,LG,LT18S2100SS,,Appliances & Consumer Electronics>Large Appliances>Refrigerators,"LG, Fridge, LT18S2100SS, 18 CF, SS, LT18S2100S",FRIDGE 18CF SS LT18S2100S,"LG LT18S2100SS Fridge, SS","LG Fridge, 18 CF Capacity, SS, LT18S2100S","Fridge, 18 CF, SS, LT18S2100S","Fridge, 18 CF, SS, LT18S2100S",,,,,,,,,,,,,,,,,,,,,,,,,,,Capacity,18,CF,Color,SS,,Model Number,LT18S2100S,,,,,,,,,,,,,,,,,,,,,,,,,,,,,,,,,,,,,,,,,,,,,,,,,,,,,,,,,,,,,,,,,,,,,,,,,,,,,,,,,,,,,,,,,,,,,,,,,,,,,,,,,,,,,,,,,,,,,,,,,,,,,,,,,,,,,,,,,,,,,,,,,,52141501,,,,,,,,,,,,,,,,,,,,,,,,,,,,,,,,,,,,,,,,,,,
https://,,,,,,,,,,,F200B-21L,F200B-21L Milwaukee M12 Womens - Black Heated Hoodie Kit L,,,,Milwaukee Accessory (4031),Milwaukee Accessory,Milwaukee,Milwaukee,F200B-21L,,Tools & Equipment>Workwear>Heated Apparel,"Milwaukee Accessory Milwaukee, Heated Hoodie Kit, M12, F200B-21L",HEATED HOODIE KIT WOMENS BLACK L,"Milwaukee M12 F200B-21L Heated Hoodie Kit, Black, L","Milwaukee Heated Hoodie Kit, M12, Womens, Black, L","M12 Heated Hoodie Kit, Womens, Black, L","M12 Heated Hoodie Kit, Womens, Black, L",,,,,,,,,,,,,,,,,,,,,,,,,,,Gender,Womens,,Color,Black,,Size,L,,,,,,,,,,,,,,,,,,,,,,,,,,,,,,,,,,,,,,,,,,,,,,,,,,,,,,,,,,,,,,,,,,,,,,,,,,,,,,,,,,,,,,,,,,,,,,,,,,,,,,,,,,,,,,,,,,,,,,,,,,,,,,,,,,,,,,,,,,,,,,,,,,53101500,,,,,,,,,,,,,,,,,,,,,,,,,,,,,,,,,,,,,,,,,,,
https://,,,,,,,,,,,F200B-21M,F200B-21M Milwaukee M12 Womens - Black Heated Hoodie Kit M,,,,Milwaukee Accessory (4031),Milwaukee Accessory,Milwaukee,Milwaukee,F200B-21M,,Tools & Equipment>Workwear>Heated Apparel,"Milwaukee Accessory Milwaukee, Heated Hoodie Kit, M12, F200B-21M",HEATED HOODIE KIT WOMENS BLACK M,"Milwaukee M12 F200B-21M Heated Hoodie Kit, Black, M","Milwaukee Heated Hoodie Kit, M12, Womens, Black, M","M12 Heated Hoodie Kit, Womens, Black, M","M12 Heated Hoodie Kit, Womens, Black, M",,,,,,,,,,,,,,,,,,,,,,,,,,,Gender,Womens,,Color,Black,,Size,M,,,,,,,,,,,,,,,,,,,,,,,,,,,,,,,,,,,,,,,,,,,,,,,,,,,,,,,,,,,,,,,,,,,,,,,,,,,,,,,,,,,,,,,,,,,,,,,,,,,,,,,,,,,,,,,,,,,,,,,,,,,,,,,,,,,,,,,,,,,,,,,,,,53101500,,,,,,,,,,,,,,,,,,,,,,,,,,,,,,,,,,,,,,,,,,,
https://,,,,,,,,,,,48-22-9491,48-22-9491 Milwaukee 242pc Ratchet & Socket Set 4-Drawer Tool Box,,,,Milwaukee Accessory (4031),Milwaukee Accessory,Milwaukee,Milwaukee,48-22-9491,,Hand Tools>Tool Sets>Mechanics Tool Sets,"Milwaukee Accessory Milwaukee, mechanics tool set, 48-22-9491",MECHANICS TOOL SET 48-22-9491 242PC,Milwaukee 48-22-9491 mechanics tool set,"Milwaukee mechanics tool set, 48-22-9491, 242 pc Piece Count, 4-Drawer Tool Box","mechanics tool set, 48-22-9491, 242 pc, 4-Drawer Tool Box","mechanics tool set, 48-22-9491, 242 pc, 4-Drawer Tool Box",,,,,,,,,,,,,,,,,,,,,,,,,,,Model Number,48-22-9491,,Piece Count,242,pc,Storage Type,4-Drawer Tool Box,,,,,,,,,,,,,,,,,,,,,,,,,,,,,,,,,,,,,,,,,,,,,,,,,,,,,,,,,,,,,,,,,,,,,,,,,,,,,,,,,,,,,,,,,,,,,,,,,,,,,,,,,,,,,,,,,,,,,,,,,,,,,,,,,,,,,,,,,,,,,,,,,,27113200,,,,,,,,,,,,,,,,,,,,,,,,,,,,,,,,,,,,,,,,,,,
https://,,,,,,,,,,,48-22-9483,48-22-9483 Milwaukee Packout 15pc - Metric Wrench Set,,,,Milwaukee Accessory (4031),Milwaukee Accessory,Milwaukee,Milwaukee,48-22-9483,,Hand Tools>Tool Sets>Wrench Sets,"Milwaukee Accessory Milwaukee, wrench set, Packout, 48-22-9483",WRENCH SET 48-22-9483 15PC METRIC,Milwaukee Packout 48-22-9483 wrench set,"Milwaukee wrench set, Packout, 48-22-9483, 15 pc Piece Count, Metric","Packout wrench set, 48-22-9483, 15 pc, Metric","Packout wrench set, 48-22-9483, 15 pc, Metric",,,,,,,,,,,,,,,,,,,,,,,,,,,Model Number,48-22-9483,,Piece Count,15,pc,Measurement Standard,Metric,,,,,,,,,,,,,,,,,,,,,,,,,,,,,,,,,,,,,,,,,,,,,,,,,,,,,,,,,,,,,,,,,,,,,,,,,,,,,,,,,,,,,,,,,,,,,,,,,,,,,,,,,,,,,,,,,,,,,,,,,,,,,,,,,,,,,,,,,,,,,,,,,,27111700,,,,,,,,,,,,,,,,,,,,,,,,,,,,,,,,,,,,,,,,,,,
https://,,,,,,,,,,,48-22-9484,48-22-9484 Milwaukee Packout 15pc - SAE Wrench Set,,,,Milwaukee Accessory (4031),Milwaukee Accessory,Milwaukee,Milwaukee,48-22-9484,,Hand Tools>Tool Sets>Wrench Sets,"Milwaukee Accessory Milwaukee, wrench set, Packout, 48-22-9484",WRENCH SET 48-22-9484 15PC SAE,Milwaukee Packout 48-22-9484 wrench set,"Milwaukee wrench set, Packout, 48-22-9484, 15 pc Piece Count, SAE","Packout wrench set, 48-22-9484, 15 pc, SAE","Packout wrench set, 48-22-9484, 15 pc, SAE",,,,,,,,,,,,,,,,,,,,,,,,,,,Model Number,48-22-9484,,Piece Count,15,pc,Measurement Standard,SAE,,,,,,,,,,,,,,,,,,,,,,,,,,,,,,,,,,,,,,,,,,,,,,,,,,,,,,,,,,,,,,,,,,,,,,,,,,,,,,,,,,,,,,,,,,,,,,,,,,,,,,,,,,,,,,,,,,,,,,,,,,,,,,,,,,,,,,,,,,,,,,,,,,27111700,,,,,,,,,,,,,,,,,,,,,,,,,,,,,,,,,,,,,,,,,,,
https://,,,,,,,,,,,48-22-9485,48-22-9485 Milwaukee Packout 30pc - Metric & SAE Wrench Set,,,,Milwaukee Accessory (4031),Milwaukee Accessory,Milwaukee,Milwaukee,48-22-9485,,Hand Tools>Tool Sets>Wrench Sets,"Milwaukee Accessory Milwaukee, wrench set, Packout, 48-22-9485",WRENCH SET 48-22-9485 30PC METRIC&SAE,Milwaukee Packout 48-22-9485 wrench set,"Milwaukee wrench set, Packout, 48-22-9485, 30 pc Piece Count, Metric & SAE","Packout wrench set, 48-22-9485, 30 pc, Metric & SAE","Packout wrench set, 48-22-9485, 30 pc, Metric & SAE",,,,,,,,,,,,,,,,,,,,,,,,,,,Model Number,48-22-9485,,Piece Count,30,pc,Measurement Standard,Metric & SAE,,,,,,,,,,,,,,,,,,,,,,,,,,,,,,,,,,,,,,,,,,,,,,,,,,,,,,,,,,,,,,,,,,,,,,,,,,,,,,,,,,,,,,,,,,,,,,,,,,,,,,,,,,,,,,,,,,,,,,,,,,,,,,,,,,,,,,,,,,,,,,,,,,27111700,,,,,,,,,,,,,,,,,,,,,,,,,,,,,,,,,,,,,,,,,,,
https://,,,,,,,,,,,DPH32B,"DPH32B 2"" #3 Phillips Drive - Bit",,,Diablo,Freud Inc (2435),Freud Inc,Freud,Freud,DPH32B,,Tools & Hardware>Power Tool Accessories>Screwdriver Bits,"Freud Inc Freud, bit, DPH32B, DPH32B, 2 in, #3 Phillips",BIT DPH32B 2IN #3PHILLIPS,Freud DPH32B bit,"Freud bit, DPH32B, 2 in Length, #3 Phillips","bit, DPH32B, 2 in, #3 Phillips","bit, DPH32B, 2 in, #3 Phillips",,,,,,,,,,,,,,,,,,,,,,,,,,,Part Number,DPH32B,,Length,2,in,Drive Type,#3 Phillips,,,,,,,,,,,,,,,,,,,,,,,,,,,,,,,,,,,,,,,,,,,,,,,,,,,,,,,,,,,,,,,,,,,,,,,,,,,,,,,,,,,,,,,,,,,,,,,,,,,,,,,,,,,,,,,,,,,,,,,,,,,,,,,,,,,,,,,,,,,,,,,,,,27112801,,,,,,,,,,,,,,,,,,,,,,,,,,,,,,,,,,,,,,,,,,,
https://,,,,,,,,,,,DPH335B,"DPH335B 3-1/2"" #3 Phillips - Drive Bit",,,Diablo,Freud Inc (2435),Freud Inc,Freud,Freud,DPH335B,,Tools & Hardware>Power Tool Accessories>Screwdriver Bits,"Freud Inc Freud, bit, DPH335B, DPH335B, 3-1/2 in, #3 Phillips",BIT DPH335B 3-1/2IN #3PHILLIPS,Freud DPH335B bit,"Freud bit, DPH335B, 3-1/2 in Length, #3 Phillips","bit, DPH335B, 3-1/2 in, #3 Phillips","bit, DPH335B, 3-1/2 in, #3 Phillips",,,,,,,,,,,,,,,,,,,,,,,,,,,Part Number,DPH335B,,Length,3-1/2,in,Drive Type,#3 Phillips,,,,,,,,,,,,,,,,,,,,,,,,,,,,,,,,,,,,,,,,,,,,,,,,,,,,,,,,,,,,,,,,,,,,,,,,,,,,,,,,,,,,,,,,,,,,,,,,,,,,,,,,,,,,,,,,,,,,,,,,,,,,,,,,,,,,,,,,,,,,,,,,,,27112801,,,,,,,,,,,,,,,,,,,,,,,,,,,,,,,,,,,,,,,,,,,
https://,,,,,,,,,,,DSQ12B,"DSQ12B 2"" #1 Square Drive Bit",,,Diablo,Freud Inc (2435),Freud Inc,Freud,Freud,DSQ12B,,Tools & Hardware>Power Tool Accessories>Screwdriver Bits,"Freud Inc Freud, bit, DSQ12B, DSQ12B, 2 in, #1 Square",BIT DSQ12B 2IN #1SQUARE,Freud DSQ12B bit,"Freud bit, DSQ12B, 2 in Length, #1 Square","bit, DSQ12B, 2 in, #1 Square","bit, DSQ12B, 2 in, #1 Square",,,,,,,,,,,,,,,,,,,,,,,,,,,Part Number,DSQ12B,,Length,2,in,Drive Type,#1 Square,,,,,,,,,,,,,,,,,,,,,,,,,,,,,,,,,,,,,,,,,,,,,,,,,,,,,,,,,,,,,,,,,,,,,,,,,,,,,,,,,,,,,,,,,,,,,,,,,,,,,,,,,,,,,,,,,,,,,,,,,,,,,,,,,,,,,,,,,,,,,,,,,,27112801,,,,,,,,,,,,,,,,,,,,,,,,,,,,,,,,,,,,,,,,,,,
https://,,,,,,,,,,,DSQ22B,"DSQ22B 2"" #2 Square Drive Bit",,,Diablo,Freud Inc (2435),Freud Inc,Freud,Freud,DSQ22B,,Tools & Hardware>Power Tool Accessories>Screwdriver Bits,"Freud Inc Freud, bit, DSQ22B, DSQ22B, 2 in, #2 Square",BIT DSQ22B 2IN #2SQUARE,Freud DSQ22B bit,"Freud bit, DSQ22B, 2 in Length, #2 Square","bit, DSQ22B, 2 in, #2 Square","bit, DSQ22B, 2 in, #2 Square",,,,,,,,,,,,,,,,,,,,,,,,,,,Part Number,DSQ22B,,Length,2,in,Drive Type,#2 Square,,,,,,,,,,,,,,,,,,,,,,,,,,,,,,,,,,,,,,,,,,,,,,,,,,,,,,,,,,,,,,,,,,,,,,,,,,,,,,,,,,,,,,,,,,,,,,,,,,,,,,,,,,,,,,,,,,,,,,,,,,,,,,,,,,,,,,,,,,,,,,,,,,27112801,,,,,,,,,,,,,,,,,,,,,,,,,,,,,,,,,,,,,,,,,,,
https://,,,,,,,,,,,DSQ26B,"DSQ26B 6"" #2 Square Drive Bit",,,Diablo,Freud Inc (2435),Freud Inc,Freud,Freud,DSQ26B,,Tools & Hardware>Power Tool Accessories>Screwdriver Bits,"Freud Inc Freud, bit, DSQ26B, DSQ26B, 6 in, #2 Square",BIT DSQ26B 6IN #2SQUARE,Freud DSQ26B bit,"Freud bit, DSQ26B, 6 in Length, #2 Square","bit, DSQ26B, 6 in, #2 Square","bit, DSQ26B, 6 in, #2 Square",,,,,,,,,,,,,,,,,,,,,,,,,,,Part Number,DSQ26B,,Length,6,in,Drive Type,#2 Square,,,,,,,,,,,,,,,,,,,,,,,,,,,,,,,,,,,,,,,,,,,,,,,,,,,,,,,,,,,,,,,,,,,,,,,,,,,,,,,,,,,,,,,,,,,,,,,,,,,,,,,,,,,,,,,,,,,,,,,,,,,,,,,,,,,,,,,,,,,,,,,,,,27112801,,,,,,,,,,,,,,,,,,,,,,,,,,,,,,,,,,,,,,,,,,,
https://,,,,,,,,,,,DSQ32B,"DSQ32B 2"" #3 Square Drive Bit",,,Diablo,Freud Inc (2435),Freud Inc,Freud,Freud,DSQ32B,,Tools & Hardware>Power Tool Accessories>Screwdriver Bits,"Freud Inc Freud, bit, DSQ32B, DSQ32B, 2 in, #3 Square",BIT DSQ32B 2IN #3SQUARE,Freud DSQ32B bit,"Freud bit, DSQ32B, 2 in Length, #3 Square","bit, DSQ32B, 2 in, #3 Square","bit, DSQ32B, 2 in, #3 Square",,,,,,,,,,,,,,,,,,,,,,,,,,,Part Number,DSQ32B,,Length,2,in,Drive Type,#3 Square,,,,,,,,,,,,,,,,,,,,,,,,,,,,,,,,,,,,,,,,,,,,,,,,,,,,,,,,,,,,,,,,,,,,,,,,,,,,,,,,,,,,,,,,,,,,,,,,,,,,,,,,,,,,,,,,,,,,,,,,,,,,,,,,,,,,,,,,,,,,,,,,,,27112801,,,,,,,,,,,,,,,,,,,,,,,,,,,,,,,,,,,,,,,,,,,
https://,,,,,,,,,,,DT102B,"DT102B 2"" #10 Torx Drive Bit",,,Diablo,Freud Inc (2435),Freud Inc,Freud,Freud,DT102B,,Tools & Hardware>Power Tool Accessories>Screwdriver Bits,"Freud Inc Freud, bit, DT102B, DT102B, 2 in, #10 Torx",BIT DT102B 2IN #10TORX,Freud DT102B bit,"Freud bit, DT102B, 2 in Length, #10 Torx","bit, DT102B, 2 in, #10 Torx","bit, DT102B, 2 in, #10 Torx",,,,,,,,,,,,,,,,,,,,,,,,,,,Part Number,DT102B,,Length,2,in,Drive Type,#10 Torx,,,,,,,,,,,,,,,,,,,,,,,,,,,,,,,,,,,,,,,,,,,,,,,,,,,,,,,,,,,,,,,,,,,,,,,,,,,,,,,,,,,,,,,,,,,,,,,,,,,,,,,,,,,,,,,,,,,,,,,,,,,,,,,,,,,,,,,,,,,,,,,,,,27112801,,,,,,,,,,,,,,,,,,,,,,,,,,,,,,,,,,,,,,,,,,,
https://,,,,,,,,,,,DT152B,"DT152B 2"" #15 Torx Drive Bit",,,Diablo,Freud Inc (2435),Freud Inc,Freud,Freud,DT152B,,Tools & Hardware>Power Tool Accessories>Screwdriver Bits,"Freud Inc Freud, bit, DT152B, DT152B, 2 in, #15 Torx",BIT DT152B 2IN #15TORX,Freud DT152B bit,"Freud bit, DT152B, 2 in Length, #15 Torx","bit, DT152B, 2 in, #15 Torx","bit, DT152B, 2 in, #15 Torx",,,,,,,,,,,,,,,,,,,,,,,,,,,Part Number,DT152B,,Length,2,in,Drive Type,#15 Torx,,,,,,,,,,,,,,,,,,,,,,,,,,,,,,,,,,,,,,,,,,,,,,,,,,,,,,,,,,,,,,,,,,,,,,,,,,,,,,,,,,,,,,,,,,,,,,,,,,,,,,,,,,,,,,,,,,,,,,,,,,,,,,,,,,,,,,,,,,,,,,,,,,27112801,,,,,,,,,,,,,,,,,,,,,,,,,,,,,,,,,,,,,,,,,,,
https://,,,,,,,,,,,2563P-20,"2563P-20 Milwaukee M12 1/2"" Stubby - Impact Wrench w/Pin Detent",,,,Milwaukee Accessory (4031),Milwaukee Accessory,Milwaukee,Milwaukee,2563P-20,,Tools & Equipment>Power Tools>Impact Wrenches,"Milwaukee Accessory Milwaukee, Impact Wrench, M12, 2563P-20, 1/2 in, Pin Detent, 2563P-20",IMPACT WRENCH 1/2IN PINDETENT 2563P-20,Milwaukee M12 2563P-20 Impact Wrench,"Milwaukee Impact Wrench, M12, 1/2 in Drive Size, Pin Detent, 2563P-20","M12 Impact Wrench, 1/2 in, Pin Detent, 2563P-20","M12 Impact Wrench, 1/2 in, Pin Detent, 2563P-20",,,,,,,,,,,,,,,,,,,,,,,,,,,Drive Size,1/2,in,Retaining Method,Pin Detent,,Model Number,2563P-20,,,,,,,,,,,,,,,,,,,,,,,,,,,,,,,,,,,,,,,,,,,,,,,,,,,,,,,,,,,,,,,,,,,,,,,,,,,,,,,,,,,,,,,,,,,,,,,,,,,,,,,,,,,,,,,,,,,,,,,,,,,,,,,,,,,,,,,,,,,,,,,,,,27112711,,,,,,,,,,,,,,,,,,,,,,,,,,,,,,,,,,,,,,,,,,,
https://,,,,,,,,,,,2837-20,"2837-20 Milwaukee M18 5"" Sander - Orbital (Bare)",,,Milwaukee,Milwaukee Accessory (4031),Milwaukee,Milwaukee,Milwaukee,2837-20,,Tools & Equipment>Power Tools>Orbital Sanders,"Milwaukee, Sander, M18, 2837-20, Orbital, 5 in, Bare",SANDER ORBITAL 5IN BARE,"Milwaukee M18 2837-20 Sander, 5 in","Milwaukee Sander, M18, Orbital, 5 in Size, Bare","M18 Sander, Orbital, 5 in, Bare","M18 Sander, Orbital, 5 in, Bare",,,,,,,,,,,,,,,,,,,,,,,,,,,Type,Orbital,,Size,5,in,Configuration,Bare,,,,,,,,,,,,,,,,,,,,,,,,,,,,,,,,,,,,,,,,,,,,,,,,,,,,,,,,,,,,,,,,,,,,,,,,,,,,,,,,,,,,,,,,,,,,,,,,,,,,,,,,,,,,,,,,,,,,,,,,,,,,,,,,,,,,,,,,,,,,,,,,,,27112702,,,,,,,,,,,,,,,,,,,,,,,,,,,,,,,,,,,,,,,,,,,
https://,,,,,,,,,,,577728,577728 Festool Cordless Sander - ETSC 2 150 I-Plus,,,,Festool USA (FESTO),Festool,Festool,Festool,577728,,Tools & Equipment>Power Tools>Orbital Sanders,"Festool, Sander, ETSC 2, 577728, Cordless, 150 mm, I-Plus",SANDER CORDLESS 150MM I-PLUS,"Festool ETSC 2 577728 Sander, 150 mm","Festool Sander, ETSC 2, Cordless, 150 mm Size, I-Plus","ETSC 2 Sander, Cordless, 150 mm, I-Plus","ETSC 2 Sander, Cordless, 150 mm, I-Plus",,,,,,,,,,,,,,,,,,,,,,,,,,,Power Source,Cordless,,Size,150,mm,Package Type,I-Plus,,,,,,,,,,,,,,,,,,,,,,,,,,,,,,,,,,,,,,,,,,,,,,,,,,,,,,,,,,,,,,,,,,,,,,,,,,,,,,,,,,,,,,,,,,,,,,,,,,,,,,,,,,,,,,,,,,,,,,,,,,,,,,,,,,,,,,,,,,,,,,,,,,27112702,,,,,,,,,,,,,,,,,,,,,,,,,,,,,,,,,,,,,,,,,,,
https://,,,,,,,,,,,577738,577738 Festool Cordless Sander - ETSC 2 125 I-Plus,,,,Festool USA (FESTO),Festool,Festool,Festool,577738,,Tools & Equipment>Power Tools>Orbital Sanders,"Festool, Sander, ETSC 2, 577738, Cordless, 125 mm, I-Plus",SANDER CORDLESS 125MM I-PLUS,"Festool ETSC 2 577738 Sander, 125 mm","Festool Sander, ETSC 2, Cordless, 125 mm Size, I-Plus","ETSC 2 Sander, Cordless, 125 mm, I-Plus","ETSC 2 Sander, Cordless, 125 mm, I-Plus",,,,,,,,,,,,,,,,,,,,,,,,,,,Power Source,Cordless,,Size,125,mm,Package Type,I-Plus,,,,,,,,,,,,,,,,,,,,,,,,,,,,,,,,,,,,,,,,,,,,,,,,,,,,,,,,,,,,,,,,,,,,,,,,,,,,,,,,,,,,,,,,,,,,,,,,,,,,,,,,,,,,,,,,,,,,,,,,,,,,,,,,,,,,,,,,,,,,,,,,,,27112702,,,,,,,,,,,,,,,,,,,,,,,,,,,,,,,,,,,,,,,,,,,
https://,,,,,,,,,,,49-94-0053,"49-94-0053 Milwaukee 12""x1/8""x1"" Metal Cut Off Disc",,,,Milwaukee Accessory (4031),Milwaukee Accessory,Milwaukee,Milwaukee,49-94-0053,,Tools & Equipment>Abrasives>Cut-Off Wheels,"Milwaukee Accessory Milwaukee, cut off disc, 49-94-0053, 12 in, 1/8 in, 1 in",CUT OFF DISC 12IN 1/8IN 1IN,Milwaukee 49-94-0053 cut off disc,"Milwaukee cut off disc, 12 in Diameter, 1/8 in Thickness, 1 in Arbor","cut off disc, 12 in, 1/8 in, 1 in","cut off disc, 12 in, 1/8 in, 1 in",,,,,,,,,,,,,,,,,,,,,,,,Metal,,,Diameter,12,in,Thickness,1/8,in,Arbor,1,in,,,,,,,,,,,,,,,,,,,,,,,,,,,,,,,,,,,,,,,,,,,,,,,,,,,,,,,,,,,,,,,,,,,,,,,,,,,,,,,,,,,,,,,,,,,,,,,,,,,,,,,,,,,,,,,,,,,,,,,,,,,,,,,,,,,,,,,,,,,,,,,,,31191506,,,,,,,,,,,,,,,,,,,,,,,,,,,,,,,,,,,,,,,,,,,
https://,,,,,,,,,,,49-94-0073,"49-94-0073 Milwaukee 14""x1/8""x1"" Metal Cut Off Disc",,,,Milwaukee Accessory (4031),Milwaukee Accessory,Milwaukee,Milwaukee,49-94-0073,,Tools & Equipment>Abrasives>Cut-Off Wheels,"Milwaukee Accessory Milwaukee, cut off disc, 49-94-0073, 14 in, 1/8 in, 1 in",CUT OFF DISC 14IN 1/8IN 1IN,Milwaukee 49-94-0073 cut off disc,"Milwaukee cut off disc, 14 in Diameter, 1/8 in Thickness, 1 in Arbor","cut off disc, 14 in, 1/8 in, 1 in","cut off disc, 14 in, 1/8 in, 1 in",,,,,,,,,,,,,,,,,,,,,,,,Metal,,,Diameter,14,in,Thickness,1/8,in,Arbor,1,in,,,,,,,,,,,,,,,,,,,,,,,,,,,,,,,,,,,,,,,,,,,,,,,,,,,,,,,,,,,,,,,,,,,,,,,,,,,,,,,,,,,,,,,,,,,,,,,,,,,,,,,,,,,,,,,,,,,,,,,,,,,,,,,,,,,,,,,,,,,,,,,,,31191506,,,,,,,,,,,,,,,,,,,,,,,,,,,,,,,,,,,,,,,,,,,
https://,,,,,,,,,,,49-94-0107,"49-94-0107 Milwaukee 4-1/2""x.045""x7/8"" Performance+ Metal Cut Off Disc",,,,Milwaukee Accessory (4031),Milwaukee Accessory,Milwaukee,Milwaukee,49-94-0107,,Tools & Equipment>Abrasives>Cut-Off Wheels,"Milwaukee Accessory Milwaukee, cut off disc, Performance+, 49-94-0107",CUT OFF DISC 4-1/2IN .045IN 7/8IN,Milwaukee Performance+ 49-94-0107 cut off disc,"Milwaukee cut off disc, Performance+, 4-1/2 in Diameter, .045 in Thickness, 7/8 in Arbor","Performance+ cut off disc, 4-1/2 in, .045 in, 7/8 in","Performance+ cut off disc, 4-1/2 in, .045 in, 7/8 in",,,,,,,,,,,,,,,,,,,,,,,,Metal,,,Diameter,4-1/2,in,Thickness,.045,in,Arbor,7/8,in,,,,,,,,,,,,,,,,,,,,,,,,,,,,,,,,,,,,,,,,,,,,,,,,,,,,,,,,,,,,,,,,,,,,,,,,,,,,,,,,,,,,,,,,,,,,,,,,,,,,,,,,,,,,,,,,,,,,,,,,,,,,,,,,,,,,,,,,,,,,,,,,,31191506,,,,,,,,,,,,,,,,,,,,,,,,,,,,,,,,,,,,,,,,,,,
https://,,,,,,,,,,,S3709,S3709 25W Incan 27K,,,Satco,Satco Prod Inc (5573),Satco Prod Inc,Satco,,S3709,,Lighting & Electrical>Light Bulbs>Incandescent Bulbs,"Satco Prod Inc Satco, Incandescent bulb, S3709, 25 W, 27000 K",INCANDESCENT BULB 25W 27000K,Satco S3709 Incandescent bulb With Incan,"Satco Incandescent bulb With Incan, 25 W Wattage, 27000 K Color Temperature, Additional Information: S3709 25W Incan 27K","Incandescent bulb, 25 W, 27000 K","Incandescent bulb, 25 W, 27000 K",Incan,,,,,,,,,,,,,,,,,,,,With Incan,,,,,,Wattage,25,W,Color Temperature,27000,K,,,,,,,,,,,,,,,,,,,,,,,,,,,,,,,,,,,,,,,,,,,,,,,,,,,,,,,,,,,,,,,,,,,,,,,,,,,,,,,,,,,,,,,,,,,,,,,,,,,,,,,,,,,,,,,,,,,,,,,,,,,,,,,,,,,,,,,,,,,,,,,,,,,,39101601,,,,,,,,,,,,,,,,,,,,,,,,,,,,,,,,,,,,,,,,,,,
https://,,,,,,,,,,,S4720,S4720 25W Incan 27K,,,Satco,Satco Prod Inc (5573),Satco Prod Inc,Satco,,S4720,,Lighting & Electrical>Light Bulbs>Incandescent Bulbs,"Satco Prod Inc Satco, Incandescent bulb, S4720, 25 W, 27000 K",INCANDESCENT BULB 25W 27000K,Satco S4720 Incandescent bulb With Incan,"Satco Incandescent bulb With Incan, 25 W Wattage, 27000 K Color Temperature, Additional Information: S4720 25W Incan 27K","Incandescent bulb, 25 W, 27000 K","Incandescent bulb, 25 W, 27000 K",Incan,,,,,,,,,,,,,,,,,,,,With Incan,,,,,,Wattage,25,W,Color Temperature,27000,K,,,,,,,,,,,,,,,,,,,,,,,,,,,,,,,,,,,,,,,,,,,,,,,,,,,,,,,,,,,,,,,,,,,,,,,,,,,,,,,,,,,,,,,,,,,,,,,,,,,,,,,,,,,,,,,,,,,,,,,,,,,,,,,,,,,,,,,,,,,,,,,,,,,,39101601,,,,,,,,,,,,,,,,,,,,,,,,,,,,,,,,,,,,,,,,,,,
https://keystone.com,,,,,,,,,,,GT-CB-100C,GTCB100C LED 100W Cob Bulb,,,GT-Lite,Keystone (5702),Keystone,GT-Lite,,GT-CB-100C,,Lighting & Electrical>Light Bulbs>LED Bulbs,"Keystone GT-Lite, Cob Bulb, GT-CB-100C, 100 W",COB BULB 100W,GT-Lite GT-CB-100C Cob Bulb With LED,"GT-Lite Cob Bulb With LED, 100 W Wattage","Cob Bulb, 100 W","Cob Bulb, 100 W",LED,,,,,,,,,,,,,,,,,,,,With LED,,,,,,Wattage,100,W,,,,,,,,,,,,,,,,,,,,,,,,,,,,,,,,,,,,,,,,,,,,,,,,,,,,,,,,,,,,,,,,,,,,,,,,,,,,,,,,,,,,,,,,,,,,,,,,,,,,,,,,,,,,,,,,,,,,,,,,,,,,,,,,,,,,,,,,,,,,,,,,,,,,,,,39101628,,,,,,,,,,,,,,,,,,,,,,,,,,,,,,,,,,,,,,,,,,,
https://phillips.com,,,,,,,,,,,585448,585448 120W LED Motion Bulb,,,Philips,Phillips Lighting (5831),Phillips Lighting,Philips,,585448,,Lighting & Electrical>Light Bulbs>LED Bulbs,"Phillips Lighting Philips, LED bulb, 585448, 120 W",LED BULB 120W,Philips 585448 LED bulb With Motion Bulb,"Philips LED bulb With Motion Bulb, 120 W Wattage","LED bulb, 120 W","LED bulb, 120 W",Motion Bulb,,,,,,,,,,,,,,,,,,,,With Motion Bulb,,,,,,Wattage,120,W,,,,,,,,,,,,,,,,,,,,,,,,,,,,,,,,,,,,,,,,,,,,,,,,,,,,,,,,,,,,,,,,,,,,,,,,,,,,,,,,,,,,,,,,,,,,,,,,,,,,,,,,,,,,,,,,,,,,,,,,,,,,,,,,,,,,,,,,,,,,,,,,,,,,,,,39101628,,,,,,,,,,,,,,,,,,,,,,,,,,,,,,,,,,,,,,,,,,,
https://makita.com,,,,,,,,,,,XRU23Z,XRU23Z Makita 18V Trimmer Tool - Only,,,,Makita Usa Inc (5142),Makita Usa Inc,Makita,Makita,XRU23Z,,Lawn & Garden>Outdoor Power Equipment>String Trimmers,"Makita Usa Inc Makita, Trimmer, XRU23Z, 18 V",TRIMMER 18V,Makita XRU23Z Trimmer,"Makita Trimmer, 18 V Voltage Rating",Trimmer,Trimmer,,,,,,,,,,,,,,,,,,,,,,,,,Tool,,Voltage Rating,18,V,,,,,,,,,,,,,,,,,,,,,,,,,,,,,,,,,,,,,,,,,,,,,,,,,,,,,,,,,,,,,,,,,,,,,,,,,,,,,,,,,,,,,,,,,,,,,,,,,,,,,,,,,,,,,,,,,,,,,,,,,,,,,,,,,,,,,,,,,,,,,,,,,,,,,,,21101700,,,,,,,,,,,,,,,,,,,,,,,,,,,,,,,,,,,,,,,,,,,
https://,,,,,,,,,,,6008,6008 Whiteside Router Bit,,,,Whiteside Machine & Repair Co (WHIMA),Whiteside Machine & Repair Co,Whiteside,Whiteside,6008,,Hand & Power Tools>Power Tool Accessories>Router Bits,"Whiteside Machine & Repair Co Whiteside, Router Bit, 6008, 6008",ROUTER BIT 6008,Whiteside 6008 Router Bit,"Whiteside Router Bit, 6008","Router Bit, 6008","Router Bit, 6008",,,,,,,,,,,,,,,,,,,,,,,,Routing,,,Model Number,6008,,,,,,,,,,,,,,,,,,,,,,,,,,,,,,,,,,,,,,,,,,,,,,,,,,,,,,,,,,,,,,,,,,,,,,,,,,,,,,,,,,,,,,,,,,,,,,,,,,,,,,,,,,,,,,,,,,,,,,,,,,,,,,,,,,,,,,,,,,,,,,,,,,,,,,,,27112805,,,,,,,,,,,,,,,,,,,,,,,,,,,,,,,,,,,,,,,,,,,
https://,,,,,,,,,,,6009,6009 Whiteside Router Bit,,,,Whiteside Machine & Repair Co (WHIMA),Whiteside Machine & Repair Co,Whiteside,Whiteside,6009,,Hand & Power Tools>Power Tool Accessories>Router Bits,"Whiteside Machine & Repair Co Whiteside, Router Bit, 6009, 6009",ROUTER BIT 6009,Whiteside 6009 Router Bit,"Whiteside Router Bit, 6009","Router Bit, 6009","Router Bit, 6009",,,,,,,,,,,,,,,,,,,,,,,,Routing,,,Model Number,6009,,,,,,,,,,,,,,,,,,,,,,,,,,,,,,,,,,,,,,,,,,,,,,,,,,,,,,,,,,,,,,,,,,,,,,,,,,,,,,,,,,,,,,,,,,,,,,,,,,,,,,,,,,,,,,,,,,,,,,,,,,,,,,,,,,,,,,,,,,,,,,,,,,,,,,,,27112805,,,,,,,,,,,,,,,,,,,,,,,,,,,,,,,,,,,,,,,,,,,
https://,,,,,,,,,,,543142412,1nx6-12' Carmel Grooved - Trex Transcend Lineage Decking,TREX,,,U S Lumber (3073),Trex,Trex,Trex,543142412,,Building Materials & Supplies>Lumber & Composites>Decking,"Trex, decking, Trex Transcend Lineage, 543142412, 1x6 in, 12 ft, Carmel",DECKING 1X6IN 12FT CARMEL GROOVED,"Trex Trex Transcend Lineage 543142412 decking, Carmel","Trex decking, Trex Transcend Lineage, 1x6 in Dimensions, 12 ft Length, Carmel, Grooved","Trex Transcend Lineage decking, 1x6 in, 12 ft, Carmel","Trex Transcend Lineage decking, 1x6 in, 12 ft, Carmel",,,,,,,,,,,,,,,,,,,,,,,,,,,Dimensions,1x6,in,Length,12,ft,Color,Carmel,,Profile,Grooved,,,,,,,,,,,,,,,,,,,,,,,,,,,,,,,,,,,,,,,,,,,,,,,,,,,,,,,,,,,,,,,,,,,,,,,,,,,,,,,,,,,,,,,,,,,,,,,,,,,,,,,,,,,,,,,,,,,,,,,,,,,,,,,,,,,,,,,,,,,,,,,30103623,,,,,,,,,,,,,,,,,,,,,,,,,,,,,,,,,,,,,,,,,,,
https://,,,,,,,,,,,543142416,1nx6-16' Carmel Grooved - Trex Transcend Lineage Decking,TREX,,,U S Lumber (3073),Trex,Trex,Trex,543142416,,Building Materials & Supplies>Lumber & Composites>Decking,"Trex, decking, Trex Transcend Lineage, 543142416, 1x6 in, 16 ft, Carmel",DECKING 1X6IN 16FT CARMEL GROOVED,"Trex Trex Transcend Lineage 543142416 decking, Carmel","Trex decking, Trex Transcend Lineage, 1x6 in Dimensions, 16 ft Length, Carmel, Grooved","Trex Transcend Lineage decking, 1x6 in, 16 ft, Carmel","Trex Transcend Lineage decking, 1x6 in, 16 ft, Carmel",,,,,,,,,,,,,,,,,,,,,,,,,,,Dimensions,1x6,in,Length,16,ft,Color,Carmel,,Profile,Grooved,,,,,,,,,,,,,,,,,,,,,,,,,,,,,,,,,,,,,,,,,,,,,,,,,,,,,,,,,,,,,,,,,,,,,,,,,,,,,,,,,,,,,,,,,,,,,,,,,,,,,,,,,,,,,,,,,,,,,,,,,,,,,,,,,,,,,,,,,,,,,,,30103623,,,,,,,,,,,,,,,,,,,,,,,,,,,,,,,,,,,,,,,,,,,
https://,,,,,,,,,,,543142420,1nx6-20' Carmel Grooved - Trex Transcend Lineage Decking,TREX,,,U S Lumber (3073),Trex,Trex,Trex,543142420,,Building Materials & Supplies>Lumber & Composites>Decking,"Trex, decking, Trex Transcend Lineage, 543142420, 1x6 in, 20 ft, Carmel",DECKING 1X6IN 20FT CARMEL GROOVED,"Trex Trex Transcend Lineage 543142420 decking, Carmel","Trex decking, Trex Transcend Lineage, 1x6 in Dimensions, 20 ft Length, Carmel, Grooved","Trex Transcend Lineage decking, 1x6 in, 20 ft, Carmel","Trex Transcend Lineage decking, 1x6 in, 20 ft, Carmel",,,,,,,,,,,,,,,,,,,,,,,,,,,Dimensions,1x6,in,Length,20,ft,Color,Carmel,,Profile,Grooved,,,,,,,,,,,,,,,,,,,,,,,,,,,,,,,,,,,,,,,,,,,,,,,,,,,,,,,,,,,,,,,,,,,,,,,,,,,,,,,,,,,,,,,,,,,,,,,,,,,,,,,,,,,,,,,,,,,,,,,,,,,,,,,,,,,,,,,,,,,,,,,30103623,,,,,,,,,,,,,,,,,,,,,,,,,,,,,,,,,,,,,,,,,,,
https://,,,,,,,,,,,543144412,1nx6-12' Island Mist Grooved - Trex Transcend Lineage Decking,TREX,,,U S Lumber (3073),Trex,Trex,Trex,543144412,,Building Materials & Supplies>Lumber & Composites>Decking,"Trex, decking, Trex Transcend Lineage, 543144412, 1x6 in, 12 ft, Island Mist",DECKING 1X6IN 12FT ISLANDMIST GROOVED,"Trex Trex Transcend Lineage 543144412 decking, Island Mist","Trex decking, Trex Transcend Lineage, 1x6 in Dimensions, 12 ft Length, Island Mist, Grooved","Trex Transcend Lineage decking, 1x6 in, 12 ft, Island Mist","Trex Transcend Lineage decking, 1x6 in, 12 ft, Island Mist",,,,,,,,,,,,,,,,,,,,,,,,,,,Dimensions,1x6,in,Length,12,ft,Color,Island Mist,,Profile,Grooved,,,,,,,,,,,,,,,,,,,,,,,,,,,,,,,,,,,,,,,,,,,,,,,,,,,,,,,,,,,,,,,,,,,,,,,,,,,,,,,,,,,,,,,,,,,,,,,,,,,,,,,,,,,,,,,,,,,,,,,,,,,,,,,,,,,,,,,,,,,,,,,30103623,,,,,,,,,,,,,,,,,,,,,,,,,,,,,,,,,,,,,,,,,,,
https://,,,,,,,,,,,543144416,1nx6-16' Island Mist Grooved - Trex Transcend Lineage Decking,TREX,,,U S Lumber (3073),Trex,Trex,Trex,543144416,,Building Materials & Supplies>Lumber & Composites>Decking,"Trex, decking, Trex Transcend Lineage, 543144416, 1x6 in, 16 ft, Island Mist",DECKING 1X6IN 16FT ISLANDMIST GROOVED,"Trex Trex Transcend Lineage 543144416 decking, Island Mist","Trex decking, Trex Transcend Lineage, 1x6 in Dimensions, 16 ft Length, Island Mist, Grooved","Trex Transcend Lineage decking, 1x6 in, 16 ft, Island Mist","Trex Transcend Lineage decking, 1x6 in, 16 ft, Island Mist",,,,,,,,,,,,,,,,,,,,,,,,,,,Dimensions,1x6,in,Length,16,ft,Color,Island Mist,,Profile,Grooved,,,,,,,,,,,,,,,,,,,,,,,,,,,,,,,,,,,,,,,,,,,,,,,,,,,,,,,,,,,,,,,,,,,,,,,,,,,,,,,,,,,,,,,,,,,,,,,,,,,,,,,,,,,,,,,,,,,,,,,,,,,,,,,,,,,,,,,,,,,,,,,30103623,,,,,,,,,,,,,,,,,,,,,,,,,,,,,,,,,,,,,,,,,,,
https://,,,,,,,,,,,543144420,1nx6-20' Island Mist Grooved - Trex Transcend Lineage Decking,TREX,,,U S Lumber (3073),Trex,Trex,Trex,543144420,,Building Materials & Supplies>Lumber & Composites>Decking,"Trex, decking, Trex Transcend Lineage, 543144420, 1x6 in, 20 ft, Island Mist",DECKING 1X6IN 20FT ISLANDMIST GROOVED,"Trex Trex Transcend Lineage 543144420 decking, Island Mist","Trex decking, Trex Transcend Lineage, 1x6 in Dimensions, 20 ft Length, Island Mist, Grooved","Trex Transcend Lineage decking, 1x6 in, 20 ft, Island Mist","Trex Transcend Lineage decking, 1x6 in, 20 ft, Island Mist",,,,,,,,,,,,,,,,,,,,,,,,,,,Dimensions,1x6,in,Length,20,ft,Color,Island Mist,,Profile,Grooved,,,,,,,,,,,,,,,,,,,,,,,,,,,,,,,,,,,,,,,,,,,,,,,,,,,,,,,,,,,,,,,,,,,,,,,,,,,,,,,,,,,,,,,,,,,,,,,,,,,,,,,,,,,,,,,,,,,,,,,,,,,,,,,,,,,,,,,,,,,,,,,30103623,,,,,,,,,,,,,,,,,,,,,,,,,,,,,,,,,,,,,,,,,,,
https://,,,,,,,,,,,543143412,1nx6-12' Jasper Grooved - Trex Transcend Lineage Decking,TREX,,,U S Lumber (3073),Trex,Trex,Trex,543143412,,Building Materials & Supplies>Lumber & Composites>Decking,"Trex, decking, Trex Transcend Lineage, 543143412, 1x6 in, 12 ft, Jasper",DECKING 1X6IN 12FT JASPER GROOVED,"Trex Trex Transcend Lineage 543143412 decking, Jasper","Trex decking, Trex Transcend Lineage, 1x6 in Dimensions, 12 ft Length, Jasper, Grooved","Trex Transcend Lineage decking, 1x6 in, 12 ft, Jasper","Trex Transcend Lineage decking, 1x6 in, 12 ft, Jasper",,,,,,,,,,,,,,,,,,,,,,,,,,,Dimensions,1x6,in,Length,12,ft,Color,Jasper,,Profile,Grooved,,,,,,,,,,,,,,,,,,,,,,,,,,,,,,,,,,,,,,,,,,,,,,,,,,,,,,,,,,,,,,,,,,,,,,,,,,,,,,,,,,,,,,,,,,,,,,,,,,,,,,,,,,,,,,,,,,,,,,,,,,,,,,,,,,,,,,,,,,,,,,,30103623,,,,,,,,,,,,,,,,,,,,,,,,,,,,,,,,,,,,,,,,,,,
https://,,,,,,,,,,,543143416,1nx6-16' Jasper Grooved - Trex Transcend Lineage Decking,TREX,,,U S Lumber (3073),Trex,Trex,Trex,543143416,,Building Materials & Supplies>Lumber & Composites>Decking,"Trex, decking, Trex Transcend Lineage, 543143416, 1x6 in, 16 ft, Jasper",DECKING 1X6IN 16FT JASPER GROOVED,"Trex Trex Transcend Lineage 543143416 decking, Jasper","Trex decking, Trex Transcend Lineage, 1x6 in Dimensions, 16 ft Length, Jasper, Grooved","Trex Transcend Lineage decking, 1x6 in, 16 ft, Jasper","Trex Transcend Lineage decking, 1x6 in, 16 ft, Jasper",,,,,,,,,,,,,,,,,,,,,,,,,,,Dimensions,1x6,in,Length,16,ft,Color,Jasper,,Profile,Grooved,,,,,,,,,,,,,,,,,,,,,,,,,,,,,,,,,,,,,,,,,,,,,,,,,,,,,,,,,,,,,,,,,,,,,,,,,,,,,,,,,,,,,,,,,,,,,,,,,,,,,,,,,,,,,,,,,,,,,,,,,,,,,,,,,,,,,,,,,,,,,,,30103623,,,,,,,,,,,,,,,,,,,,,,,,,,,,,,,,,,,,,,,,,,,
https://,,,,,,,,,,,543143420,1nx6-20' Jasper Grooved - Trex Transcend Lineage Decking,TREX,,,U S Lumber (3073),U S Lumber,Trex,Trex,543143420,,Building Materials & Supplies>Lumber & Composites>Decking,"U S Lumber Trex, decking, Trex Transcend Lineage, 543143420, 1x6 in, 20 ft, Jasper",DECKING 1X6IN 20FT JASPER GROOVED,Trex Trex Transcend Lineage 543143420 decking,"Trex decking, Trex Transcend Lineage, 1x6 in dimensions, 20 ft length, Jasper, Grooved","Trex Transcend Lineage decking, 1x6 in, 20 ft, Jasper","Trex Transcend Lineage decking, 1x6 in, 20 ft, Jasper",,,,,,,,,,,,,,,,,,,,,,,,,,,dimensions,1x6,in,length,20,ft,color,Jasper,,edge type,Grooved,,,,,,,,,,,,,,,,,,,,,,,,,,,,,,,,,,,,,,,,,,,,,,,,,,,,,,,,,,,,,,,,,,,,,,,,,,,,,,,,,,,,,,,,,,,,,,,,,,,,,,,,,,,,,,,,,,,,,,,,,,,,,,,,,,,,,,,,,,,,,,,30103623,,,,,,,,,,,,,,,,,,,,,,,,,,,,,,,,,,,,,,,,,,,
https://,,,,,,,,,,,543141412,1nx6-12' Rainier Grooved - Trex Transcend Lineage Decking,TREX,,,U S Lumber (3073),U S Lumber,Trex,Trex,543141412,,Building Materials & Supplies>Lumber & Composites>Decking,"U S Lumber Trex, decking, Trex Transcend Lineage, 543141412, 1x6 in, 12 ft, Rainier",DECKING 1X6IN 12FT RAINIER GROOVED,Trex Trex Transcend Lineage 543141412 decking,"Trex decking, Trex Transcend Lineage, 1x6 in dimensions, 12 ft length, Rainier, Grooved","Trex Transcend Lineage decking, 1x6 in, 12 ft, Rainier","Trex Transcend Lineage decking, 1x6 in, 12 ft, Rainier",,,,,,,,,,,,,,,,,,,,,,,,,,,dimensions,1x6,in,length,12,ft,color,Rainier,,edge type,Grooved,,,,,,,,,,,,,,,,,,,,,,,,,,,,,,,,,,,,,,,,,,,,,,,,,,,,,,,,,,,,,,,,,,,,,,,,,,,,,,,,,,,,,,,,,,,,,,,,,,,,,,,,,,,,,,,,,,,,,,,,,,,,,,,,,,,,,,,,,,,,,,,30103623,,,,,,,,,,,,,,,,,,,,,,,,,,,,,,,,,,,,,,,,,,,
https://,,,,,,,,,,,543141416,1nx6-16' Rainier Grooved - Trex Transcend Lineage Decking,TREX,,,U S Lumber (3073),U S Lumber,Trex,Trex,543141416,,Building Materials & Supplies>Lumber & Composites>Decking,"U S Lumber Trex, decking, Trex Transcend Lineage, 543141416, 1x6 in, 16 ft, Rainier",DECKING 1X6IN 16FT RAINIER GROOVED,Trex Trex Transcend Lineage 543141416 decking,"Trex decking, Trex Transcend Lineage, 1x6 in dimensions, 16 ft length, Rainier, Grooved","Trex Transcend Lineage decking, 1x6 in, 16 ft, Rainier","Trex Transcend Lineage decking, 1x6 in, 16 ft, Rainier",,,,,,,,,,,,,,,,,,,,,,,,,,,dimensions,1x6,in,length,16,ft,color,Rainier,,edge type,Grooved,,,,,,,,,,,,,,,,,,,,,,,,,,,,,,,,,,,,,,,,,,,,,,,,,,,,,,,,,,,,,,,,,,,,,,,,,,,,,,,,,,,,,,,,,,,,,,,,,,,,,,,,,,,,,,,,,,,,,,,,,,,,,,,,,,,,,,,,,,,,,,,30103623,,,,,,,,,,,,,,,,,,,,,,,,,,,,,,,,,,,,,,,,,,,
https://,,,,,,,,,,,543141420,1nx6-20' Rainier Grooved - Trex Transcend Lineage Decking,TREX,,,U S Lumber (3073),U S Lumber,Trex,Trex,543141420,,Building Materials & Supplies>Lumber & Composites>Decking,"U S Lumber Trex, decking, Trex Transcend Lineage, 543141420, 1x6 in, 20 ft, Rainier",DECKING 1X6IN 20FT RAINIER GROOVED,Trex Trex Transcend Lineage 543141420 decking,"Trex decking, Trex Transcend Lineage, 1x6 in dimensions, 20 ft length, Rainier, Grooved","Trex Transcend Lineage decking, 1x6 in, 20 ft, Rainier","Trex Transcend Lineage decking, 1x6 in, 20 ft, Rainier",,,,,,,,,,,,,,,,,,,,,,,,,,,dimensions,1x6,in,length,20,ft,color,Rainier,,edge type,Grooved,,,,,,,,,,,,,,,,,,,,,,,,,,,,,,,,,,,,,,,,,,,,,,,,,,,,,,,,,,,,,,,,,,,,,,,,,,,,,,,,,,,,,,,,,,,,,,,,,,,,,,,,,,,,,,,,,,,,,,,,,,,,,,,,,,,,,,,,,,,,,,,30103623,,,,,,,,,,,,,,,,,,,,,,,,,,,,,,,,,,,,,,,,,,,
https://,,,,,,,,,,,1513703,1nx6-16' Hatteras Sq Edge - Trex Transcend Lineage Decking,TREX,,,Boise Cascade Building Materials (BOICA),Boise Cascade Building Materials,Trex,Trex,1513703,,Building Materials & Supplies>Lumber & Composites>Decking,"Boise Cascade Building Materials Trex, decking, Trex Transcend Lineage, 1513703",DECKING 1X6IN 16FT HATTERAS SQEDGE,Trex Trex Transcend Lineage 1513703 decking,"Trex decking, Trex Transcend Lineage, 1x6 in dimensions, 16 ft length, Hatteras, Sq Edge","Trex Transcend Lineage decking, 1x6 in, 16 ft, Hatteras","Trex Transcend Lineage decking, 1x6 in, 16 ft, Hatteras",,,,,,,,,,,,,,,,,,,,,,,,,,,dimensions,1x6,in,length,16,ft,color,Hatteras,,edge type,Sq Edge,,,,,,,,,,,,,,,,,,,,,,,,,,,,,,,,,,,,,,,,,,,,,,,,,,,,,,,,,,,,,,,,,,,,,,,,,,,,,,,,,,,,,,,,,,,,,,,,,,,,,,,,,,,,,,,,,,,,,,,,,,,,,,,,,,,,,,,,,,,,,,,30103623,,,,,,,,,,,,,,,,,,,,,,,,,,,,,,,,,,,,,,,,,,,
https://,,,,,,,,,,,1513704,1nx6-20' Hatteras Sq Edge - Trex Transcend Lineage Decking,TREX,,,Boise Cascade Building Materials (BOICA),Boise Cascade Building Materials,Trex,Trex,1513704,,Building Materials & Supplies>Lumber & Composites>Decking,"Boise Cascade Building Materials Trex, decking, Trex Transcend Lineage, 1513704",DECKING 1X6IN 20FT HATTERAS SQEDGE,Trex Trex Transcend Lineage 1513704 decking,"Trex decking, Trex Transcend Lineage, 1x6 in dimensions, 20 ft length, Hatteras, Sq Edge","Trex Transcend Lineage decking, 1x6 in, 20 ft, Hatteras","Trex Transcend Lineage decking, 1x6 in, 20 ft, Hatteras",,,,,,,,,,,,,,,,,,,,,,,,,,,dimensions,1x6,in,length,20,ft,color,Hatteras,,edge type,Sq Edge,,,,,,,,,,,,,,,,,,,,,,,,,,,,,,,,,,,,,,,,,,,,,,,,,,,,,,,,,,,,,,,,,,,,,,,,,,,,,,,,,,,,,,,,,,,,,,,,,,,,,,,,,,,,,,,,,,,,,,,,,,,,,,,,,,,,,,,,,,,,,,,30103623,,,,,,,,,,,,,,,,,,,,,,,,,,,,,,,,,,,,,,,,,,,
https://,,,,,,,,,,,1513705,1nx6-12' Hatteras Grooved - Trex Transcend Lineage Decking,TREX,,,Boise Cascade Building Materials (BOICA),Boise Cascade Building Materials,Trex,Trex,1513705,,Building Materials & Supplies>Lumber & Composites>Decking,"Boise Cascade Building Materials Trex, decking, Trex Transcend Lineage, 1513705",DECKING 1X6IN 12FT HATTERAS GROOVED,Trex Trex Transcend Lineage 1513705 decking,"Trex decking, Trex Transcend Lineage, 1x6 in dimensions, 12 ft length, Hatteras, Grooved","Trex Transcend Lineage decking, 1x6 in, 12 ft, Hatteras","Trex Transcend Lineage decking, 1x6 in, 12 ft, Hatteras",,,,,,,,,,,,,,,,,,,,,,,,,,,dimensions,1x6,in,length,12,ft,color,Hatteras,,edge type,Grooved,,,,,,,,,,,,,,,,,,,,,,,,,,,,,,,,,,,,,,,,,,,,,,,,,,,,,,,,,,,,,,,,,,,,,,,,,,,,,,,,,,,,,,,,,,,,,,,,,,,,,,,,,,,,,,,,,,,,,,,,,,,,,,,,,,,,,,,,,,,,,,,30103623,,,,,,,,,,,,,,,,,,,,,,,,,,,,,,,,,,,,,,,,,,,
https://,,,,,,,,,,,1513706,1nx6-16' Hatteras Grooved - Trex Transcend Lineage Decking,TREX,,,Boise Cascade Building Materials (BOICA),Boise Cascade Building Materials,Trex,Trex,1513706,,Building Materials & Supplies>Lumber & Composites>Decking,"Boise Cascade Building Materials Trex, decking, Trex Transcend Lineage, 1513706",DECKING 1X6IN 16FT HATTERAS GROOVED,Trex Trex Transcend Lineage 1513706 decking,"Trex decking, Trex Transcend Lineage, 1x6 in dimensions, 16 ft length, Hatteras, Grooved","Trex Transcend Lineage decking, 1x6 in, 16 ft, Hatteras","Trex Transcend Lineage decking, 1x6 in, 16 ft, Hatteras",,,,,,,,,,,,,,,,,,,,,,,,,,,dimensions,1x6,in,length,16,ft,color,Hatteras,,edge type,Grooved,,,,,,,,,,,,,,,,,,,,,,,,,,,,,,,,,,,,,,,,,,,,,,,,,,,,,,,,,,,,,,,,,,,,,,,,,,,,,,,,,,,,,,,,,,,,,,,,,,,,,,,,,,,,,,,,,,,,,,,,,,,,,,,,,,,,,,,,,,,,,,,30103623,,,,,,,,,,,,,,,,,,,,,,,,,,,,,,,,,,,,,,,,,,,
https://,,,,,,,,,,,543076016,1nx6-16' Cinnamon Cove Sq Edge - Trex Enhance Naturals Decking,TREX,,,Boise Cascade Building Materials (BOICA),Boise Cascade Building Materials,Trex,Trex,543076016,,Building Materials>Lumber & Composites>Decking,"Boise Cascade Building Materials Trex, decking, Enhance Naturals, 543076016",DECKING 1X6IN 16FT CINNAMONCOVE,"Trex Enhance Naturals 543076016 decking, Cinnamon Cove","Trex decking, Enhance Naturals, 1x6 in Dimensions, 16 ft Length, Cinnamon Cove, Square Edge","Enhance Naturals decking, 1x6 in, 16 ft, Cinnamon Cove","Enhance Naturals decking, 1x6 in, 16 ft, Cinnamon Cove",,,,,,,,,,,,,,,,,,,,,,,,,,,Dimensions,1x6,in,Length,16,ft,Color,Cinnamon Cove,,Edge Profile,Square Edge,,,,,,,,,,,,,,,,,,,,,,,,,,,,,,,,,,,,,,,,,,,,,,,,,,,,,,,,,,,,,,,,,,,,,,,,,,,,,,,,,,,,,,,,,,,,,,,,,,,,,,,,,,,,,,,,,,,,,,,,,,,,,,,,,,,,,,,,,,,,,,,30103610,,,,,,,,,,,,,,,,,,,,,,,,,,,,,,,,,,,,,,,,,,,
https://,,,,,,,,,,,543076020,1nx6-20' Cinnamon Cove Sq Edge - Trex Enhance Naturals Decking,TREX,,,Boise Cascade Building Materials (BOICA),Boise Cascade Building Materials,Trex,Trex,543076020,,Building Materials>Lumber & Composites>Decking,"Boise Cascade Building Materials Trex, decking, Enhance Naturals, 543076020",DECKING 1X6IN 20FT CINNAMONCOVE,"Trex Enhance Naturals 543076020 decking, Cinnamon Cove","Trex decking, Enhance Naturals, 1x6 in Dimensions, 20 ft Length, Cinnamon Cove, Square Edge","Enhance Naturals decking, 1x6 in, 20 ft, Cinnamon Cove","Enhance Naturals decking, 1x6 in, 20 ft, Cinnamon Cove",,,,,,,,,,,,,,,,,,,,,,,,,,,Dimensions,1x6,in,Length,20,ft,Color,Cinnamon Cove,,Edge Profile,Square Edge,,,,,,,,,,,,,,,,,,,,,,,,,,,,,,,,,,,,,,,,,,,,,,,,,,,,,,,,,,,,,,,,,,,,,,,,,,,,,,,,,,,,,,,,,,,,,,,,,,,,,,,,,,,,,,,,,,,,,,,,,,,,,,,,,,,,,,,,,,,,,,,30103610,,,,,,,,,,,,,,,,,,,,,,,,,,,,,,,,,,,,,,,,,,,
https://,,,,,,,,,,,543076412,1nx6-12' Cinnamon Cove Grooved - Trex Enhance Naturals Decking,TREX,,,Boise Cascade Building Materials (BOICA),Boise Cascade Building Materials,Trex,Trex,543076412,,Building Materials>Lumber & Composites>Decking,"Boise Cascade Building Materials Trex, decking, Enhance Naturals, 543076412",DECKING 1X6IN 12FT CINNAMONCOVE GROOVED,"Trex Enhance Naturals 543076412 decking, Cinnamon Cove","Trex decking, Enhance Naturals, 1x6 in Dimensions, 12 ft Length, Cinnamon Cove, Grooved","Enhance Naturals decking, 1x6 in, 12 ft, Cinnamon Cove","Enhance Naturals decking, 1x6 in, 12 ft, Cinnamon Cove",,,,,,,,,,,,,,,,,,,,,,,,,,,Dimensions,1x6,in,Length,12,ft,Color,Cinnamon Cove,,Edge Profile,Grooved,,,,,,,,,,,,,,,,,,,,,,,,,,,,,,,,,,,,,,,,,,,,,,,,,,,,,,,,,,,,,,,,,,,,,,,,,,,,,,,,,,,,,,,,,,,,,,,,,,,,,,,,,,,,,,,,,,,,,,,,,,,,,,,,,,,,,,,,,,,,,,,30103610,,,,,,,,,,,,,,,,,,,,,,,,,,,,,,,,,,,,,,,,,,,
https://,,,,,,,,,,,543076416,1nx6-16' Cinnamon Cove Grooved - Trex Enhance Naturals Decking,TREX,,,Boise Cascade Building Materials (BOICA),Boise Cascade Building Materials,Trex,Trex,543076416,,Building Materials>Lumber & Composites>Decking,"Boise Cascade Building Materials Trex, decking, Enhance Naturals, 543076416",DECKING 1X6IN 16FT CINNAMONCOVE GROOVED,"Trex Enhance Naturals 543076416 decking, Cinnamon Cove","Trex decking, Enhance Naturals, 1x6 in Dimensions, 16 ft Length, Cinnamon Cove, Grooved","Enhance Naturals decking, 1x6 in, 16 ft, Cinnamon Cove","Enhance Naturals decking, 1x6 in, 16 ft, Cinnamon Cove",,,,,,,,,,,,,,,,,,,,,,,,,,,Dimensions,1x6,in,Length,16,ft,Color,Cinnamon Cove,,Edge Profile,Grooved,,,,,,,,,,,,,,,,,,,,,,,,,,,,,,,,,,,,,,,,,,,,,,,,,,,,,,,,,,,,,,,,,,,,,,,,,,,,,,,,,,,,,,,,,,,,,,,,,,,,,,,,,,,,,,,,,,,,,,,,,,,,,,,,,,,,,,,,,,,,,,,30103610,,,,,,,,,,,,,,,,,,,,,,,,,,,,,,,,,,,,,,,,,,,
https://,,,,,,,,,,,543076420,1nx6-20' Cinnamon Cove Grooved - Trex Enhance Naturals Decking,TREX,,,Boise Cascade Building Materials (BOICA),Boise Cascade Building Materials,Trex,Trex,543076420,,Building Materials>Lumber & Composites>Decking,"Boise Cascade Building Materials Trex, decking, Enhance Naturals, 543076420",DECKING 1X6IN 20FT CINNAMONCOVE GROOVED,"Trex Enhance Naturals 543076420 decking, Cinnamon Cove","Trex decking, Enhance Naturals, 1x6 in Dimensions, 20 ft Length, Cinnamon Cove, Grooved","Enhance Naturals decking, 1x6 in, 20 ft, Cinnamon Cove","Enhance Naturals decking, 1x6 in, 20 ft, Cinnamon Cove",,,,,,,,,,,,,,,,,,,,,,,,,,,Dimensions,1x6,in,Length,20,ft,Color,Cinnamon Cove,,Edge Profile,Grooved,,,,,,,,,,,,,,,,,,,,,,,,,,,,,,,,,,,,,,,,,,,,,,,,,,,,,,,,,,,,,,,,,,,,,,,,,,,,,,,,,,,,,,,,,,,,,,,,,,,,,,,,,,,,,,,,,,,,,,,,,,,,,,,,,,,,,,,,,,,,,,,30103610,,,,,,,,,,,,,,,,,,,,,,,,,,,,,,,,,,,,,,,,,,,
https://,,,,,,,,,,,1516870,1nx6-16' Golden Hour Sq Edge - Trex Enhance Naturals Decking,TREX,,,Boise Cascade Building Materials (BOICA),Boise Cascade Building Materials,Trex,Trex,1516870,,Building Materials>Lumber & Composites>Decking,"Boise Cascade Building Materials Trex, decking, Enhance Naturals, 1516870",DECKING 1X6IN 16FT GOLDENHOUR SQUAREEDGE,"Trex Enhance Naturals 1516870 decking, Golden Hour","Trex decking, Enhance Naturals, 1x6 in Dimensions, 16 ft Length, Golden Hour, Square Edge","Enhance Naturals decking, 1x6 in, 16 ft, Golden Hour","Enhance Naturals decking, 1x6 in, 16 ft, Golden Hour",,,,,,,,,,,,,,,,,,,,,,,,,,,Dimensions,1x6,in,Length,16,ft,Color,Golden Hour,,Edge Profile,Square Edge,,,,,,,,,,,,,,,,,,,,,,,,,,,,,,,,,,,,,,,,,,,,,,,,,,,,,,,,,,,,,,,,,,,,,,,,,,,,,,,,,,,,,,,,,,,,,,,,,,,,,,,,,,,,,,,,,,,,,,,,,,,,,,,,,,,,,,,,,,,,,,,30103610,,,,,,,,,,,,,,,,,,,,,,,,,,,,,,,,,,,,,,,,,,,
https://,,,,,,,,,,,1516871,1nx6-20' Golden Hour Sq Edge - Trex Enhance Naturals Decking,TREX,,,Boise Cascade Building Materials (BOICA),Boise Cascade Building Materials,Trex,Trex,1516871,,Building Materials>Lumber & Composites>Decking,"Boise Cascade Building Materials Trex, decking, Enhance Naturals, 1516871",DECKING 1X6IN 20FT GOLDENHOUR SQUAREEDGE,"Trex Enhance Naturals 1516871 decking, Golden Hour","Trex decking, Enhance Naturals, 1x6 in Dimensions, 20 ft Length, Golden Hour, Square Edge","Enhance Naturals decking, 1x6 in, 20 ft, Golden Hour","Enhance Naturals decking, 1x6 in, 20 ft, Golden Hour",,,,,,,,,,,,,,,,,,,,,,,,,,,Dimensions,1x6,in,Length,20,ft,Color,Golden Hour,,Edge Profile,Square Edge,,,,,,,,,,,,,,,,,,,,,,,,,,,,,,,,,,,,,,,,,,,,,,,,,,,,,,,,,,,,,,,,,,,,,,,,,,,,,,,,,,,,,,,,,,,,,,,,,,,,,,,,,,,,,,,,,,,,,,,,,,,,,,,,,,,,,,,,,,,,,,,30103610,,,,,,,,,,,,,,,,,,,,,,,,,,,,,,,,,,,,,,,,,,,
https://,,,,,,,,,,,1516872,1nx6-12' Golden Hour Grooved - Trex Enhance Naturals Decking,TREX,,,Boise Cascade Building Materials (BOICA),Boise Cascade Building Materials,Trex,Trex,1516872,,Building Materials>Lumber & Composites>Decking,"Boise Cascade Building Materials Trex, decking, Enhance Naturals, 1516872",DECKING 1X6IN 12FT GOLDENHOUR GROOVED,"Trex Enhance Naturals 1516872 decking, Golden Hour","Trex decking, Enhance Naturals, 1x6 in Dimensions, 12 ft Length, Golden Hour, Grooved","Enhance Naturals decking, 1x6 in, 12 ft, Golden Hour","Enhance Naturals decking, 1x6 in, 12 ft, Golden Hour",,,,,,,,,,,,,,,,,,,,,,,,,,,Dimensions,1x6,in,Length,12,ft,Color,Golden Hour,,Edge Profile,Grooved,,,,,,,,,,,,,,,,,,,,,,,,,,,,,,,,,,,,,,,,,,,,,,,,,,,,,,,,,,,,,,,,,,,,,,,,,,,,,,,,,,,,,,,,,,,,,,,,,,,,,,,,,,,,,,,,,,,,,,,,,,,,,,,,,,,,,,,,,,,,,,,30103610,,,,,,,,,,,,,,,,,,,,,,,,,,,,,,,,,,,,,,,,,,,
https://,,,,,,,,,,,1516873,1nx6-16' Golden Hour Grooved - Trex Enhance Naturals Decking,TREX,,,Boise Cascade Building Materials (BOICA),Boise Cascade Building Materials,Trex,Trex,1516873,,Building Materials>Lumber & Composites>Decking,"Boise Cascade Building Materials Trex, decking, Enhance Naturals, 1516873",DECKING 1X6IN 16FT GOLDENHOUR GROOVED,"Trex Enhance Naturals 1516873 decking, Golden Hour","Trex decking, Enhance Naturals, 1x6 in Dimensions, 16 ft Length, Golden Hour, Grooved","Enhance Naturals decking, 1x6 in, 16 ft, Golden Hour","Enhance Naturals decking, 1x6 in, 16 ft, Golden Hour",,,,,,,,,,,,,,,,,,,,,,,,,,,Dimensions,1x6,in,Length,16,ft,Color,Golden Hour,,Edge Style,Grooved,,,,,,,,,,,,,,,,,,,,,,,,,,,,,,,,,,,,,,,,,,,,,,,,,,,,,,,,,,,,,,,,,,,,,,,,,,,,,,,,,,,,,,,,,,,,,,,,,,,,,,,,,,,,,,,,,,,,,,,,,,,,,,,,,,,,,,,,,,,,,,,30103606,,,,,,,,,,,,,,,,,,,,,,,,,,,,,,,,,,,,,,,,,,,
https://,,,,,,,,,,,1516874,1nx6-20' Golden Hour Grooved - Trex Enhance Naturals Decking,TREX,,,Boise Cascade Building Materials (BOICA),Boise Cascade Building Materials,Trex,Trex,1516874,,Building Materials>Lumber & Composites>Decking,"Boise Cascade Building Materials Trex, decking, Enhance Naturals, 1516874",DECKING 1X6IN 20FT GOLDENHOUR GROOVED,"Trex Enhance Naturals 1516874 decking, Golden Hour","Trex decking, Enhance Naturals, 1x6 in Dimensions, 20 ft Length, Golden Hour, Grooved","Enhance Naturals decking, 1x6 in, 20 ft, Golden Hour","Enhance Naturals decking, 1x6 in, 20 ft, Golden Hour",,,,,,,,,,,,,,,,,,,,,,,,,,,Dimensions,1x6,in,Length,20,ft,Color,Golden Hour,,Edge Style,Grooved,,,,,,,,,,,,,,,,,,,,,,,,,,,,,,,,,,,,,,,,,,,,,,,,,,,,,,,,,,,,,,,,,,,,,,,,,,,,,,,,,,,,,,,,,,,,,,,,,,,,,,,,,,,,,,,,,,,,,,,,,,,,,,,,,,,,,,,,,,,,,,,30103606,,,,,,,,,,,,,,,,,,,,,,,,,,,,,,,,,,,,,,,,,,,
https://,,,,,,,,,,,1516879,1nx6-16' Pebble Beach Sq Edge - Trex Enhance Basics Decking,TREX,,,Boise Cascade Building Materials (BOICA),Boise Cascade Building Materials,Trex,Trex,1516879,,Building Materials>Lumber & Composites>Decking,"Boise Cascade Building Materials Trex, decking, Enhance Basics, 1516879",DECKING 1X6IN 16FT PEBBLEBEACH SQEDGE,"Trex Enhance Basics 1516879 decking, Pebble Beach","Trex decking, Enhance Basics, 1x6 in Dimensions, 16 ft Length, Pebble Beach, Sq Edge","Enhance Basics decking, 1x6 in, 16 ft, Pebble Beach","Enhance Basics decking, 1x6 in, 16 ft, Pebble Beach",,,,,,,,,,,,,,,,,,,,,,,,,,,Dimensions,1x6,in,Length,16,ft,Color,Pebble Beach,,Edge Style,Sq Edge,,,,,,,,,,,,,,,,,,,,,,,,,,,,,,,,,,,,,,,,,,,,,,,,,,,,,,,,,,,,,,,,,,,,,,,,,,,,,,,,,,,,,,,,,,,,,,,,,,,,,,,,,,,,,,,,,,,,,,,,,,,,,,,,,,,,,,,,,,,,,,,30103606,,,,,,,,,,,,,,,,,,,,,,,,,,,,,,,,,,,,,,,,,,,
https://,,,,,,,,,,,1516880,1nx6-20' Pebble Beach Sq Edge - Trex Enhance Basics Decking,TREX,,,Boise Cascade Building Materials (BOICA),Boise Cascade Building Materials,Trex,Trex,1516880,,Building Materials>Lumber & Composites>Decking,"Boise Cascade Building Materials Trex, decking, Enhance Basics, 1516880",DECKING 1X6IN 20FT PEBBLEBEACH SQEDGE,"Trex Enhance Basics 1516880 decking, Pebble Beach","Trex decking, Enhance Basics, 1x6 in Dimensions, 20 ft Length, Pebble Beach, Sq Edge","Enhance Basics decking, 1x6 in, 20 ft, Pebble Beach","Enhance Basics decking, 1x6 in, 20 ft, Pebble Beach",,,,,,,,,,,,,,,,,,,,,,,,,,,Dimensions,1x6,in,Length,20,ft,Color,Pebble Beach,,Edge Style,Sq Edge,,,,,,,,,,,,,,,,,,,,,,,,,,,,,,,,,,,,,,,,,,,,,,,,,,,,,,,,,,,,,,,,,,,,,,,,,,,,,,,,,,,,,,,,,,,,,,,,,,,,,,,,,,,,,,,,,,,,,,,,,,,,,,,,,,,,,,,,,,,,,,,30103606,,,,,,,,,,,,,,,,,,,,,,,,,,,,,,,,,,,,,,,,,,,
https://,,,,,,,,,,,1516881,1nx6-12' Pebble Beach Grooved - Trex Enhance Basics Decking,TREX,,,Boise Cascade Building Materials (BOICA),Boise Cascade Building Materials,Trex,Trex,1516881,,Building Materials>Lumber & Composites>Decking,"Boise Cascade Building Materials Trex, decking, Enhance Basics, 1516881",DECKING 1X6IN 12FT PEBBLEBEACH GROOVED,"Trex Enhance Basics 1516881 decking, Pebble Beach","Trex decking, Enhance Basics, 1x6 in Dimensions, 12 ft Length, Pebble Beach, Grooved","Enhance Basics decking, 1x6 in, 12 ft, Pebble Beach","Enhance Basics decking, 1x6 in, 12 ft, Pebble Beach",,,,,,,,,,,,,,,,,,,,,,,,,,,Dimensions,1x6,in,Length,12,ft,Color,Pebble Beach,,Edge Style,Grooved,,,,,,,,,,,,,,,,,,,,,,,,,,,,,,,,,,,,,,,,,,,,,,,,,,,,,,,,,,,,,,,,,,,,,,,,,,,,,,,,,,,,,,,,,,,,,,,,,,,,,,,,,,,,,,,,,,,,,,,,,,,,,,,,,,,,,,,,,,,,,,,30103606,,,,,,,,,,,,,,,,,,,,,,,,,,,,,,,,,,,,,,,,,,,
https://,,,,,,,,,,,1516882,1nx6-16' Pebble Beach Grooved - Trex Enhance Basics Decking,TREX,,,Boise Cascade Building Materials (BOICA),Boise Cascade Building Materials,Trex,Trex,1516882,,Building Materials>Lumber & Composites>Decking,"Boise Cascade Building Materials Trex, decking, Enhance Basics, 1516882",DECKING 1X6IN 16FT PEBBLEBEACH GROOVED,"Trex Enhance Basics 1516882 decking, Pebble Beach","Trex decking, Enhance Basics, 1x6 in Dimensions, 16 ft Length, Pebble Beach, Grooved","Enhance Basics decking, 1x6 in, 16 ft, Pebble Beach","Enhance Basics decking, 1x6 in, 16 ft, Pebble Beach",,,,,,,,,,,,,,,,,,,,,,,,,,,Dimensions,1x6,in,Length,16,ft,Color,Pebble Beach,,Edge Style,Grooved,,,,,,,,,,,,,,,,,,,,,,,,,,,,,,,,,,,,,,,,,,,,,,,,,,,,,,,,,,,,,,,,,,,,,,,,,,,,,,,,,,,,,,,,,,,,,,,,,,,,,,,,,,,,,,,,,,,,,,,,,,,,,,,,,,,,,,,,,,,,,,,30103606,,,,,,,,,,,,,,,,,,,,,,,,,,,,,,,,,,,,,,,,,,,
https://,,,,,,,,,,,1516883,1nx6-20' Pebble Beach Grooved - Trex Enhance Basics Decking,TREX,,,Boise Cascade Building Materials (BOICA),Boise Cascade Building Materials,Trex,Trex,1516883,,Building Materials>Lumber & Composites>Decking,"Boise Cascade Building Materials Trex, decking, Enhance Basics, 1516883",DECKING 1X6IN 20FT PEBBLEBEACH GROOVED,"Trex Enhance Basics 1516883 decking, Pebble Beach","Trex decking, Enhance Basics, 1x6 in Dimensions, 20 ft Length, Pebble Beach, Grooved","Enhance Basics decking, 1x6 in, 20 ft, Pebble Beach","Enhance Basics decking, 1x6 in, 20 ft, Pebble Beach",,,,,,,,,,,,,,,,,,,,,,,,,,,Dimensions,1x6,in,Length,20,ft,Color,Pebble Beach,,Edge Style,Grooved,,,,,,,,,,,,,,,,,,,,,,,,,,,,,,,,,,,,,,,,,,,,,,,,,,,,,,,,,,,,,,,,,,,,,,,,,,,,,,,,,,,,,,,,,,,,,,,,,,,,,,,,,,,,,,,,,,,,,,,,,,,,,,,,,,,,,,,,,,,,,,,30103606,,,,,,,,,,,,,,,,,,,,,,,,,,,,,,,,,,,,,,,,,,,
https://,,,,,,,,,,,543005016,7/8nx6-16' Malted Barley Sq Edge - Trex Select 2.0 Decking,TREX,,,Boise Cascade Building Materials (BOICA),Boise Cascade Building Materials,Trex,Trex,543005016,,Building Materials>Lumber & Composites>Decking,"Boise Cascade Building Materials Trex, decking, Select 2.0, 543005016",DECKING 7/8X6IN 16FT MALTEDBARLEY SQEDGE,"Trex Select 2.0 543005016 decking, Malted Barley","Trex decking, Select 2.0, 7/8x6 in Dimensions, 16 ft Length, Malted Barley, Sq Edge","Select 2.0 decking, 7/8x6 in, 16 ft, Malted Barley","Select 2.0 decking, 7/8x6 in, 16 ft, Malted Barley",,,,,,,,,,,,,,,,,,,,,,,,,,,Dimensions,7/8x6,in,Length,16,ft,Color,Malted Barley,,Edge Style,Sq Edge,,,,,,,,,,,,,,,,,,,,,,,,,,,,,,,,,,,,,,,,,,,,,,,,,,,,,,,,,,,,,,,,,,,,,,,,,,,,,,,,,,,,,,,,,,,,,,,,,,,,,,,,,,,,,,,,,,,,,,,,,,,,,,,,,,,,,,,,,,,,,,,30103606,,,,,,,,,,,,,,,,,,,,,,,,,,,,,,,,,,,,,,,,,,,
https://,,,,,,,,,,,1516895,7/8nx6-20' Millstone Grooved - Trex Select 2.0 Decking,TREX,,,Boise Cascade Building Materials (BOICA),Boise Cascade Building Materials,Trex,Trex,1516895,,Building Materials>Lumber & Composites>Decking,"Boise Cascade Building Materials Trex, decking, Select 2.0, 1516895",DECKING 7/8X6IN 20FT MILLSTONE GROOVED,"Trex Select 2.0 1516895 decking, Millstone","Trex decking, Select 2.0, 7/8 x 6 in Dimensions, 20 ft Length, Millstone, Grooved","Select 2.0 decking, 7/8 x 6 in, 20 ft, Millstone","Select 2.0 decking, 7/8 x 6 in, 20 ft, Millstone",,,,,,,,,,,,,,,,,,,,,,,,,,,Dimensions,7/8 x 6,in,Length,20,ft,Color,Millstone,,Edge Profile,Grooved,,,,,,,,,,,,,,,,,,,,,,,,,,,,,,,,,,,,,,,,,,,,,,,,,,,,,,,,,,,,,,,,,,,,,,,,,,,,,,,,,,,,,,,,,,,,,,,,,,,,,,,,,,,,,,,,,,,,,,,,,,,,,,,,,,,,,,,,,,,,,,,30103606,,,,,,,,,,,,,,,,,,,,,,,,,,,,,,,,,,,,,,,,,,,
https://,,,,,,,,,,,543007016,7/8nx6-16' Whiskey Barrel Sq Edge - Trex Select 2.0 Decking,TREX,,,Boise Cascade Building Materials (BOICA),Boise Cascade Building Materials,Trex,Trex,543007016,,Building Materials>Lumber & Composites>Decking,"Boise Cascade Building Materials Trex, decking, Select 2.0, 543007016",DECKING 7/8X6IN 16FT WHISKEYBARREL,"Trex Select 2.0 543007016 decking, Whiskey Barrel","Trex decking, Select 2.0, 7/8 x 6 in Dimensions, 16 ft Length, Whiskey Barrel, Square Edge","Select 2.0 decking, 7/8 x 6 in, 16 ft, Whiskey Barrel","Select 2.0 decking, 7/8 x 6 in, 16 ft, Whiskey Barrel",,,,,,,,,,,,,,,,,,,,,,,,,,,Dimensions,7/8 x 6,in,Length,16,ft,Color,Whiskey Barrel,,Edge Profile,Square Edge,,,,,,,,,,,,,,,,,,,,,,,,,,,,,,,,,,,,,,,,,,,,,,,,,,,,,,,,,,,,,,,,,,,,,,,,,,,,,,,,,,,,,,,,,,,,,,,,,,,,,,,,,,,,,,,,,,,,,,,,,,,,,,,,,,,,,,,,,,,,,,,30103606,,,,,,,,,,,,,,,,,,,,,,,,,,,,,,,,,,,,,,,,,,,
https://,,,,,,,,,,,543007020,7/8nx6-20' Whiskey Barrel Sq Edge - Trex Select 2.0 Decking,TREX,,,Boise Cascade Building Materials (BOICA),Boise Cascade Building Materials,Trex,Trex,543007020,,Building Materials>Lumber & Composites>Decking,"Boise Cascade Building Materials Trex, decking, Select 2.0, 543007020",DECKING 7/8X6IN 20FT WHISKEYBARREL,"Trex Select 2.0 543007020 decking, Whiskey Barrel","Trex decking, Select 2.0, 7/8 x 6 in Dimensions, 20 ft Length, Whiskey Barrel, Square Edge","Select 2.0 decking, 7/8 x 6 in, 20 ft, Whiskey Barrel","Select 2.0 decking, 7/8 x 6 in, 20 ft, Whiskey Barrel",,,,,,,,,,,,,,,,,,,,,,,,,,,Dimensions,7/8 x 6,in,Length,20,ft,Color,Whiskey Barrel,,Edge Profile,Square Edge,,,,,,,,,,,,,,,,,,,,,,,,,,,,,,,,,,,,,,,,,,,,,,,,,,,,,,,,,,,,,,,,,,,,,,,,,,,,,,,,,,,,,,,,,,,,,,,,,,,,,,,,,,,,,,,,,,,,,,,,,,,,,,,,,,,,,,,,,,,,,,,30103606,,,,,,,,,,,,,,,,,,,,,,,,,,,,,,,,,,,,,,,,,,,
https://,,,,,,,,,,,543007412,7/8nx6-12' Whiskey Barrel Grooved - Trex Select 2.0 Decking,TREX,,,Boise Cascade Building Materials (BOICA),Boise Cascade Building Materials,Trex,Trex,543007412,,Building Materials>Lumber & Composites>Decking,"Boise Cascade Building Materials Trex, decking, Select 2.0, 543007412",DECKING 7/8X6IN 12FT WHISKEYBARREL,"Trex Select 2.0 543007412 decking, Whiskey Barrel","Trex decking, Select 2.0, 7/8 x 6 in Dimensions, 12 ft Length, Whiskey Barrel, Grooved","Select 2.0 decking, 7/8 x 6 in, 12 ft, Whiskey Barrel","Select 2.0 decking, 7/8 x 6 in, 12 ft, Whiskey Barrel",,,,,,,,,,,,,,,,,,,,,,,,,,,Dimensions,7/8 x 6,in,Length,12,ft,Color,Whiskey Barrel,,Edge Profile,Grooved,,,,,,,,,,,,,,,,,,,,,,,,,,,,,,,,,,,,,,,,,,,,,,,,,,,,,,,,,,,,,,,,,,,,,,,,,,,,,,,,,,,,,,,,,,,,,,,,,,,,,,,,,,,,,,,,,,,,,,,,,,,,,,,,,,,,,,,,,,,,,,,30103606,,,,,,,,,,,,,,,,,,,,,,,,,,,,,,,,,,,,,,,,,,,
https://,,,,,,,,,,,543007416,7/8nx6-16' Whiskey Barrel Grooved - Trex Select 2.0 Decking,TREX,,,Boise Cascade Building Materials (BOICA),Boise Cascade Building Materials,Trex,Trex,543007416,,Building Materials>Decking & Fencing>Composite Decking,"Boise Cascade Building Materials Trex, decking, Select 2.0, 543007416",DECKING 7/8X6IN 16FT WHISKEYBARREL,"Trex Select 2.0 543007416 decking, Whiskey Barrel","Trex decking, Select 2.0, 7/8 x 6 in Dimensions, 16 ft Length, Whiskey Barrel, Grooved","Select 2.0 decking, 7/8 x 6 in, 16 ft, Whiskey Barrel","Select 2.0 decking, 7/8 x 6 in, 16 ft, Whiskey Barrel",,,,,,,,,,,,,,,,,,,,,,,,,,,Dimensions,7/8 x 6,in,Length,16,ft,Color,Whiskey Barrel,,Edge Profile,Grooved,,,,,,,,,,,,,,,,,,,,,,,,,,,,,,,,,,,,,,,,,,,,,,,,,,,,,,,,,,,,,,,,,,,,,,,,,,,,,,,,,,,,,,,,,,,,,,,,,,,,,,,,,,,,,,,,,,,,,,,,,,,,,,,,,,,,,,,,,,,,,,,30103600,,,,,,,,,,,,,,,,,,,,,,,,,,,,,,,,,,,,,,,,,,,
https://,,,,,,,,,,,543007420,7/8nx6-20' Whiskey Barrel Grooved - Trex Select 2.0 Decking,TREX,,,Boise Cascade Building Materials (BOICA),Boise Cascade Building Materials,Trex,Trex,543007420,,Building Materials>Decking & Fencing>Composite Decking,"Boise Cascade Building Materials Trex, decking, Select 2.0, 543007420",DECKING 7/8X6IN 20FT WHISKEYBARREL,"Trex Select 2.0 543007420 decking, Whiskey Barrel","Trex decking, Select 2.0, 7/8 x 6 in Dimensions, 20 ft Length, Whiskey Barrel, Grooved","Select 2.0 decking, 7/8 x 6 in, 20 ft, Whiskey Barrel","Select 2.0 decking, 7/8 x 6 in, 20 ft, Whiskey Barrel",,,,,,,,,,,,,,,,,,,,,,,,,,,Dimensions,7/8 x 6,in,Length,20,ft,Color,Whiskey Barrel,,Edge Profile,Grooved,,,,,,,,,,,,,,,,,,,,,,,,,,,,,,,,,,,,,,,,,,,,,,,,,,,,,,,,,,,,,,,,,,,,,,,,,,,,,,,,,,,,,,,,,,,,,,,,,,,,,,,,,,,,,,,,,,,,,,,,,,,,,,,,,,,,,,,,,,,,,,,30103600,,,,,,,,,,,,,,,,,,,,,,,,,,,,,,,,,,,,,,,,,,,
https://,,,,,,,,,,,ADR5117512CS,1x12-12' Coastline - Vintage Azek PVC Fascia,TIMBERTECH,,,Parksite (6151),Parksite,Azek,Azek,ADR5117512CS,,Building Materials>Decking & Fencing>Decking Fascia & Trim,"Parksite Azek, fascia, Vintage, ADR5117512CS, 1 x 12 in, 12 ft, Coastline",FASCIA 1X12IN 12FT COASTLINE PVC,"Azek Vintage ADR5117512CS fascia, Coastline, PVC","Azek fascia, Vintage, 1 x 12 in Dimensions, 12 ft Length, Coastline, PVC","Vintage fascia, 1 x 12 in, 12 ft, Coastline","Vintage fascia, 1 x 12 in, 12 ft, Coastline",,,,,,,,,,,,,,,,,,,,,,,,,,,Dimensions,1 x 12,in,Length,12,ft,Color,Coastline,,Material,PVC,,,,,,,,,,,,,,,,,,,,,,,,,,,,,,,,,,,,,,,,,,,,,,,,,,,,,,,,,,,,,,,,,,,,,,,,,,,,,,,,,,,,,,,,,,,,,,,,,,,,,,,,,,,,,,,,,,,,,,,,,,,,,,,,,,,,,,,,,,,,,,,30103600,,,,,,,,,,,,,,,,,,,,,,,,,,,,,,,,,,,,,,,,,,,
https://,,,,,,,,,,,ADR5117512MH,1x12-12' Mahogany - Vintage Azek PVC Fascia,TIMBERTECH,,,Parksite (6151),Parksite,Azek,Azek,ADR5117512MH,,Building Materials>Decking & Fencing>Decking Fascia & Trim,"Parksite Azek, fascia, Vintage, ADR5117512MH, 1 x 12 in, 12 ft, Mahogany",FASCIA 1X12IN 12FT MAHOGANY PVC,"Azek Vintage ADR5117512MH fascia, Mahogany, PVC","Azek fascia, Vintage, 1 x 12 in Dimensions, 12 ft Length, Mahogany, PVC","Vintage fascia, 1 x 12 in, 12 ft, Mahogany","Vintage fascia, 1 x 12 in, 12 ft, Mahogany",,,,,,,,,,,,,,,,,,,,,,,,,,,Dimensions,1 x 12,in,Length,12,ft,Color,Mahogany,,Material,PVC,,,,,,,,,,,,,,,,,,,,,,,,,,,,,,,,,,,,,,,,,,,,,,,,,,,,,,,,,,,,,,,,,,,,,,,,,,,,,,,,,,,,,,,,,,,,,,,,,,,,,,,,,,,,,,,,,,,,,,,,,,,,,,,,,,,,,,,,,,,,,,,30103600,,,,,,,,,,,,,,,,,,,,,,,,,,,,,,,,,,,,,,,,,,,
https://,,,,,,,,,,,62-1875,"62-1875 10"" LED Ceiling Lt Bn",,,,Satco Prod Inc (5573),Satco Prod Inc,Satco,Satco,62-1875,,Lighting & Electrical>Lighting Fixtures>Ceiling Lighting,"Satco Prod Inc Satco, Ceiling Light, 62-1875, 10 in, LED, Bn",CEILING LIGHT 10IN LED BN 62-1875,"Satco 62-1875 Ceiling Light, 10 in","Satco Ceiling Light, 10 in Size, LED, Bn, 62-1875","Ceiling Light, 10 in, LED, Bn","Ceiling Light, 10 in, LED, Bn",,,,,,,,,,,,,,,,,,,,,,,,,,,Size,10,in,Technology,LED,,Finish,Bn,,Model Number,62-1875,,,,,,,,,,,,,,,,,,,,,,,,,,,,,,,,,,,,,,,,,,,,,,,,,,,,,,,,,,,,,,,,,,,,,,,,,,,,,,,,,,,,,,,,,,,,,,,,,,,,,,,,,,,,,,,,,,,,,,,,,,,,,,,,,,,,,,,,,,,,,,,39111500,,,,,,,,,,,,,,,,,,,,,,,,,,,,,,,,,,,,,,,,,,,
https://phillips.com,,,,,,,,,,,603449,603449 Wiz 60W LED Med Clr Ch,,,Wiz,Phillips Lighting (5831),Phillips Lighting,Wiz,Wiz,603449,,Lighting & Electrical>Light Bulbs>Smart LED Bulbs,"Phillips Lighting Wiz, Smart LED Bulb, Wiz, 603449, 60 W, Medium, Clear",SMART LED BULB 60W MEDIUM CLEAR,Wiz Wiz 603449 Smart LED Bulb,"Wiz Smart LED Bulb, Wiz, 60 W Wattage, Medium, Clear, Color Changing","Wiz Smart LED Bulb, 60 W, Medium, Clear","Wiz Smart LED Bulb, 60 W, Medium, Clear",,,,,,,,,,,,,,,,,,,,,,,,,,,Wattage,60,W,Base,Medium,,Finish,Clear,,Feature,Color Changing,,,,,,,,,,,,,,,,,,,,,,,,,,,,,,,,,,,,,,,,,,,,,,,,,,,,,,,,,,,,,,,,,,,,,,,,,,,,,,,,,,,,,,,,,,,,,,,,,,,,,,,,,,,,,,,,,,,,,,,,,,,,,,,,,,,,,,,,,,,,,,,39101628,,,,,,,,,,,,,,,,,,,,,,,,,,,,,,,,,,,,,,,,,,,
https://,,,,,,,,,,,ADB15516CS,1x6-16' Coastline Sq Edge - Vintage Azek PVC Decking,TIMBERTECH,,,Parksite (6151),Parksite,Azek,Azek,ADB15516CS,,Building Materials>Decking & Railing>Composite Decking,"Parksite Azek, decking board, Vintage, ADB15516CS, 1x6 in, 16 ft, Coastline",DECKING BOARD 1X6IN 16FT COASTLINE,"Azek Vintage ADB15516CS decking board, Coastline, PVC","Azek decking board, Vintage, 1x6 in Dimensions, 16 ft Length, Coastline, Square, PVC","Vintage decking board, 1x6 in, 16 ft, Coastline","Vintage decking board, 1x6 in, 16 ft, Coastline",,,,,,,,,,,,,,,,,,,,,,,,,,,Dimensions,1x6,in,Length,16,ft,Color,Coastline,,Edge Profile,Square,,Material,PVC,,,,,,,,,,,,,,,,,,,,,,,,,,,,,,,,,,,,,,,,,,,,,,,,,,,,,,,,,,,,,,,,,,,,,,,,,,,,,,,,,,,,,,,,,,,,,,,,,,,,,,,,,,,,,,,,,,,,,,,,,,,,,,,,,,,,,,,,,,,,30103204,,,,,,,,,,,,,,,,,,,,,,,,,,,,,,,,,,,,,,,,,,,
https://,,,,,,,,,,,ADB15520CS,1x6-20' Coastline Sq Edge - Vintage Azek PVC Decking,TIMBERTECH,,,Parksite (6151),Parksite,Azek,Azek,ADB15520CS,,Building Materials>Decking & Railing>Composite Decking,"Parksite Azek, decking board, Vintage, ADB15520CS, 1x6 in, 20 ft, Coastline",DECKING BOARD 1X6IN 20FT COASTLINE,"Azek Vintage ADB15520CS decking board, Coastline, PVC","Azek decking board, Vintage, 1x6 in Dimensions, 20 ft Length, Coastline, Square, PVC","Vintage decking board, 1x6 in, 20 ft, Coastline","Vintage decking board, 1x6 in, 20 ft, Coastline",,,,,,,,,,,,,,,,,,,,,,,,,,,Dimensions,1x6,in,Length,20,ft,Color,Coastline,,Edge Profile,Square,,Material,PVC,,,,,,,,,,,,,,,,,,,,,,,,,,,,,,,,,,,,,,,,,,,,,,,,,,,,,,,,,,,,,,,,,,,,,,,,,,,,,,,,,,,,,,,,,,,,,,,,,,,,,,,,,,,,,,,,,,,,,,,,,,,,,,,,,,,,,,,,,,,,30103204,,,,,,,,,,,,,,,,,,,,,,,,,,,,,,,,,,,,,,,,,,,
https://phillips.com,,,,,,,,,,,566430,566430 75W LED Med 50k 4pk,,,Philips,Phillips Lighting (5831),Phillips Lighting,Philips,,566430,,Lighting & Electrical>Light Bulbs>LED Bulbs,"Phillips Lighting Philips, LED Bulb, 566430, 75 W, 50000 K, Medium",LED BULB 75W 50000K MEDIUM 4PK,Philips 566430 LED Bulb With LED,"Philips LED Bulb With LED, 75 W Wattage, 50000 K Color Temperature, Medium, 4 pk Quantity","LED Bulb, 75 W, 50000 K, Medium","LED Bulb, 75 W, 50000 K, Medium",LED,,,,,,,,,,,,,,,,,,,,With LED,,,,,,Wattage,75,W,Color Temperature,50000,K,Base Type,Medium,,Quantity,4,pk,,,,,,,,,,,,,,,,,,,,,,,,,,,,,,,,,,,,,,,,,,,,,,,,,,,,,,,,,,,,,,,,,,,,,,,,,,,,,,,,,,,,,,,,,,,,,,,,,,,,,,,,,,,,,,,,,,,,,,,,,,,,,,,,,,,,,,,,,,,,,,39101628,,,,,,,,,,,,,,,,,,,,,,,,,,,,,,,,,,,,,,,,,,,
https://phillips.com,,,,,,,,,,,573436,573436 60W LED A19 Med 27k 2pk,,,Philips,Phillips Lighting (5831),Phillips Lighting,Philips,,573436,,Lighting & Electrical>Light Bulbs>LED Bulbs,"Phillips Lighting Philips, LED A19 Bulb, 573436, 60 W, 27000 K, Medium",LED A19 BULB 60W 27000K MEDIUM 2PK,Philips 573436 LED A19 Bulb With LED,"Philips LED A19 Bulb With LED, 60 W Wattage, 27000 K Color Temperature, Medium, 2 pk Quantity","LED A19 Bulb, 60 W, 27000 K, Medium","LED A19 Bulb, 60 W, 27000 K, Medium",LED,,,,,,,,,,,,,,,,,,,,With LED,,,,,,Wattage,60,W,Color Temperature,27000,K,Base Type,Medium,,Quantity,2,pk,,,,,,,,,,,,,,,,,,,,,,,,,,,,,,,,,,,,,,,,,,,,,,,,,,,,,,,,,,,,,,,,,,,,,,,,,,,,,,,,,,,,,,,,,,,,,,,,,,,,,,,,,,,,,,,,,,,,,,,,,,,,,,,,,,,,,,,,,,,,,,39101628,,,,,,,,,,,,,,,,,,,,,,,,,,,,,,,,,,,,,,,,,,,
https://phillips.com,,,,,,,,,,,573451,573451 40W LED Med 27k 2pk,,,Philips,Phillips Lighting (5831),Phillips Lighting,Philips,,573451,,Lighting & Electrical>Light Bulbs>LED Bulbs,"Phillips Lighting Philips, LED Bulb, 573451, 40 W, 27000 K, Medium",LED BULB 40W 27000K MEDIUM 2PK,Philips 573451 LED Bulb With LED,"Philips LED Bulb With LED, 40 W Wattage, 27000 K Color Temperature, Medium, 2 pk Quantity","LED Bulb, 40 W, 27000 K, Medium","LED Bulb, 40 W, 27000 K, Medium",LED,,,,,,,,,,,,,,,,,,,,With LED,,,,,,Wattage,40,W,Color Temperature,27000,K,Base Type,Medium,,Quantity,2,pk,,,,,,,,,,,,,,,,,,,,,,,,,,,,,,,,,,,,,,,,,,,,,,,,,,,,,,,,,,,,,,,,,,,,,,,,,,,,,,,,,,,,,,,,,,,,,,,,,,,,,,,,,,,,,,,,,,,,,,,,,,,,,,,,,,,,,,,,,,,,,,39101628,,,,,,,,,,,,,,,,,,,,,,,,,,,,,,,,,,,,,,,,,,,
https://phillips.com,,,,,,,,,,,573519,573519 100W LED A21 27k 2pk,,,Philips,Phillips Lighting (5831),Phillips Lighting,Philips,,573519,,Lighting & Electrical>Light Bulbs>LED Bulbs,"Phillips Lighting Philips, LED bulb, 573519, 100 W, A21, 2700 K",LED BULB 100W A21 2700K 2PK,Philips 573519 LED bulb With 100W LED,"Philips LED bulb With 100W LED, 100 W Wattage, A21, 2700 K Color Temperature, 2 pk Pack Quantity","LED bulb, 100 W, A21, 2700 K","LED bulb, 100 W, A21, 2700 K",100W LED,,,,,,,,,,,,,,,,,,,,With 100W LED,,,,,,Wattage,100,W,Bulb Shape,A21,,Color Temperature,2700,K,Pack Quantity,2,pk,,,,,,,,,,,,,,,,,,,,,,,,,,,,,,,,,,,,,,,,,,,,,,,,,,,,,,,,,,,,,,,,,,,,,,,,,,,,,,,,,,,,,,,,,,,,,,,,,,,,,,,,,,,,,,,,,,,,,,,,,,,,,,,,,,,,,,,,,,,,,,39101628,,,,,,,,,,,,,,,,,,,,,,,,,,,,,,,,,,,,,,,,,,,
https://phillips.com,,,,,,,,,,,573378,573378 60W LED Med 27k 3pk,,,Philips,Phillips Lighting (5831),Phillips Lighting,Philips,,573378,,Lighting & Electrical>Light Bulbs>LED Bulbs,"Phillips Lighting Philips, LED bulb, 573378, 60 W, Med, 2700 K",LED BULB 60W MED 2700K 3PK,Philips 573378 LED bulb With 60W LED,"Philips LED bulb With 60W LED, 60 W Wattage, Med, 2700 K Color Temperature, 3 pk Pack Quantity","LED bulb, 60 W, Med, 2700 K","LED bulb, 60 W, Med, 2700 K",60W LED,,,,,,,,,,,,,,,,,,,,With 60W LED,,,,,,Wattage,60,W,Base Type,Med,,Color Temperature,2700,K,Pack Quantity,3,pk,,,,,,,,,,,,,,,,,,,,,,,,,,,,,,,,,,,,,,,,,,,,,,,,,,,,,,,,,,,,,,,,,,,,,,,,,,,,,,,,,,,,,,,,,,,,,,,,,,,,,,,,,,,,,,,,,,,,,,,,,,,,,,,,,,,,,,,,,,,,,,39101628,,,,,,,,,,,,,,,,,,,,,,,,,,,,,,,,,,,,,,,,,,,
https://phillips.com,,,,,,,,,,,566687,566687 60W Cand LED 27k 3pk,,,Philips,Phillips Lighting (5831),Phillips Lighting,Philips,,566687,,Lighting & Electrical>Light Bulbs>LED Bulbs,"Phillips Lighting Philips, LED bulb, 566687, 60 W, Cand, 2700 K",LED BULB 60W CAND 2700K 3PK,Philips 566687 LED bulb With 60W LED,"Philips LED bulb With 60W LED, 60 W Wattage, Cand, 2700 K Color Temperature, 3 pk Pack Quantity","LED bulb, 60 W, Cand, 2700 K","LED bulb, 60 W, Cand, 2700 K",60W LED,,,,,,,,,,,,,,,,,,,,With 60W LED,,,,,,Wattage,60,W,Bulb Shape,Cand,,Color Temperature,2700,K,Pack Quantity,3,pk,,,,,,,,,,,,,,,,,,,,,,,,,,,,,,,,,,,,,,,,,,,,,,,,,,,,,,,,,,,,,,,,,,,,,,,,,,,,,,,,,,,,,,,,,,,,,,,,,,,,,,,,,,,,,,,,,,,,,,,,,,,,,,,,,,,,,,,,,,,,,,39101628,,,,,,,,,,,,,,,,,,,,,,,,,,,,,,,,,,,,,,,,,,,
https://phillips.com,,,,,,,,,,,566661,566661 40W LED Cand 27k 3pk,,,Philips,Phillips Lighting (5831),Phillips Lighting,Philips,,566661,,Lighting & Electrical>Light Bulbs>LED Bulbs,"Phillips Lighting Philips, LED bulb, 566661, 40 W, Cand, 2700 K",LED BULB 40W CAND 2700K 3PK,Philips 566661 LED bulb With 40W LED,"Philips LED bulb With 40W LED, 40 W Wattage, Cand, 2700 K Color Temperature, 3 pk Pack Quantity","LED bulb, 40 W, Cand, 2700 K","LED bulb, 40 W, Cand, 2700 K",40W LED,,,,,,,,,,,,,,,,,,,,With 40W LED,,,,,,Wattage,40,W,Bulb Shape,Cand,,Color Temperature,2700,K,Pack Quantity,3,pk,,,,,,,,,,,,,,,,,,,,,,,,,,,,,,,,,,,,,,,,,,,,,,,,,,,,,,,,,,,,,,,,,,,,,,,,,,,,,,,,,,,,,,,,,,,,,,,,,,,,,,,,,,,,,,,,,,,,,,,,,,,,,,,,,,,,,,,,,,,,,,39101628,,,,,,,,,,,,,,,,,,,,,,,,,,,,,,,,,,,,,,,,,,,
https://phillips.com,,,,,,,,,,,564898,564898 60W Cand LED 50k 3pk,,,Philips,Phillips Lighting (5831),Phillips Lighting,Philips,,564898,,Lighting & Electrical>Light Bulbs>LED Bulbs,"Phillips Lighting Philips, LED bulb, 564898, 60 W, Candelabra, 5000 K",LED BULB 60W CANDELABRA 5000K 3,Philips 564898 LED bulb With 3 pack,"Philips LED bulb With 3 pack, 60 W Wattage, Candelabra, 5000 K Color Temperature, 3","LED bulb, 60 W, Candelabra, 5000 K","LED bulb, 60 W, Candelabra, 5000 K",3 pack,,,,,,,,,,,,,,,,,,,,With 3 pack,,,,,,Wattage,60,W,Bulb Type,Candelabra,,Color Temperature,5000,K,Package Quantity,3,,,,,,,,,,,,,,,,,,,,,,,,,,,,,,,,,,,,,,,,,,,,,,,,,,,,,,,,,,,,,,,,,,,,,,,,,,,,,,,,,,,,,,,,,,,,,,,,,,,,,,,,,,,,,,,,,,,,,,,,,,,,,,,,,,,,,,,,,,,,,,,39101628,,,,,,,,,,,,,,,,,,,,,,,,,,,,,,,,,,,,,,,,,,,
https://phillips.com,,,,,,,,,,,564450,564450 40W LED Cand 27k 2pk,,,Philips,Phillips Lighting (5831),Phillips Lighting,Philips,,564450,,Lighting & Electrical>Light Bulbs>LED Bulbs,"Phillips Lighting Philips, LED bulb, 564450, 40 W, Candelabra, 2700 K",LED BULB 40W CANDELABRA 2700K 2,Philips 564450 LED bulb With 2 pack,"Philips LED bulb With 2 pack, 40 W Wattage, Candelabra, 2700 K Color Temperature, 2","LED bulb, 40 W, Candelabra, 2700 K","LED bulb, 40 W, Candelabra, 2700 K",2 pack,,,,,,,,,,,,,,,,,,,,With 2 pack,,,,,,Wattage,40,W,Bulb Type,Candelabra,,Color Temperature,2700,K,Package Quantity,2,,,,,,,,,,,,,,,,,,,,,,,,,,,,,,,,,,,,,,,,,,,,,,,,,,,,,,,,,,,,,,,,,,,,,,,,,,,,,,,,,,,,,,,,,,,,,,,,,,,,,,,,,,,,,,,,,,,,,,,,,,,,,,,,,,,,,,,,,,,,,,,39101628,,,,,,,,,,,,,,,,,,,,,,,,,,,,,,,,,,,,,,,,,,,
https://phillips.com,,,,,,,,,,,564906,564906 60W LED Med 27k 2pk,,,Philips,Phillips Lighting (5831),Phillips Lighting,Philips,,564906,,Lighting & Electrical>Light Bulbs>LED Bulbs,"Phillips Lighting Philips, LED bulb, 564906, 60 W, Medium, 2700 K",LED BULB 60W MEDIUM 2700K 2,Philips 564906 LED bulb With 2 pack,"Philips LED bulb With 2 pack, 60 W Wattage, Medium, 2700 K Color Temperature, 2","LED bulb, 60 W, Medium, 2700 K","LED bulb, 60 W, Medium, 2700 K",2 pack,,,,,,,,,,,,,,,,,,,,With 2 pack,,,,,,Wattage,60,W,Base Type,Medium,,Color Temperature,2700,K,Package Quantity,2,,,,,,,,,,,,,,,,,,,,,,,,,,,,,,,,,,,,,,,,,,,,,,,,,,,,,,,,,,,,,,,,,,,,,,,,,,,,,,,,,,,,,,,,,,,,,,,,,,,,,,,,,,,,,,,,,,,,,,,,,,,,,,,,,,,,,,,,,,,,,,,39101628,,,,,,,,,,,,,,,,,,,,,,,,,,,,,,,,,,,,,,,,,,,
https://phillips.com,,,,,,,,,,,573386,573386 60W LED Med 27k 2pk,,,Philips,Phillips Lighting (5831),Phillips Lighting,Philips,,573386,,Lighting & Fans>Light Bulbs>LED Bulbs,"Phillips Lighting Philips, LED bulb, 573386, 60 W, 2700 K, Medium",LED BULB 60W 2700K MEDIUM 2PK,Philips 573386 LED bulb With 2 pack,"Philips LED bulb With 2 pack, 60 W Wattage, 2700 K Color Temperature, Medium, 2 pk Package Quantity","LED bulb, 60 W, 2700 K, Medium","LED bulb, 60 W, 2700 K, Medium",2 pack,,,,,,,,,,,,,,,,,,,,With 2 pack,,,,,,Wattage,60,W,Color Temperature,2700,K,Base Type,Medium,,Package Quantity,2,pk,,,,,,,,,,,,,,,,,,,,,,,,,,,,,,,,,,,,,,,,,,,,,,,,,,,,,,,,,,,,,,,,,,,,,,,,,,,,,,,,,,,,,,,,,,,,,,,,,,,,,,,,,,,,,,,,,,,,,,,,,,,,,,,,,,,,,,,,,,,,,,39101628,,,,,,,,,,,,,,,,,,,,,,,,,,,,,,,,,,,,,,,,,,,
https://phillips.com,,,,,,,,,,,564948,564948 40W LED Med 50k 3pk,,,Philips,Phillips Lighting (5831),Phillips Lighting,Philips,,564948,,Lighting & Fans>Light Bulbs>LED Bulbs,"Phillips Lighting Philips, LED bulb, 564948, 40 W, 5000 K, Medium",LED BULB 40W 5000K MEDIUM 3PK,Philips 564948 LED bulb With 3 pack,"Philips LED bulb With 3 pack, 40 W Wattage, 5000 K Color Temperature, Medium, 3 pk Package Quantity","LED bulb, 40 W, 5000 K, Medium","LED bulb, 40 W, 5000 K, Medium",3 pack,,,,,,,,,,,,,,,,,,,,With 3 pack,,,,,,Wattage,40,W,Color Temperature,5000,K,Base Type,Medium,,Package Quantity,3,pk,,,,,,,,,,,,,,,,,,,,,,,,,,,,,,,,,,,,,,,,,,,,,,,,,,,,,,,,,,,,,,,,,,,,,,,,,,,,,,,,,,,,,,,,,,,,,,,,,,,,,,,,,,,,,,,,,,,,,,,,,,,,,,,,,,,,,,,,,,,,,,39101628,,,,,,,,,,,,,,,,,,,,,,,,,,,,,,,,,,,,,,,,,,,
https://phillips.com,,,,,,,,,,,573303,573303 40W LED Cand 27k 2pk,,,Philips,Phillips Lighting (5831),Phillips Lighting,Philips,,573303,,Lighting & Fans>Light Bulbs>LED Bulbs,"Phillips Lighting Philips, LED bulb, 573303, 40 W, Candelabra, 2700 K",LED BULB 40W CANDELABRA 2700K 2PK,Philips 573303 LED bulb With 2 pack,"Philips LED bulb With 2 pack, 40 W Wattage, Candelabra, 2700 K Color Temperature, 2 pk Package Quantity","LED bulb, 40 W, Candelabra, 2700 K","LED bulb, 40 W, Candelabra, 2700 K",2 pack,,,,,,,,,,,,,,,,,,,,With 2 pack,,,,,,Wattage,40,W,Shape,Candelabra,,Color Temperature,2700,K,Package Quantity,2,pk,,,,,,,,,,,,,,,,,,,,,,,,,,,,,,,,,,,,,,,,,,,,,,,,,,,,,,,,,,,,,,,,,,,,,,,,,,,,,,,,,,,,,,,,,,,,,,,,,,,,,,,,,,,,,,,,,,,,,,,,,,,,,,,,,,,,,,,,,,,,,,39101628,,,,,,,,,,,,,,,,,,,,,,,,,,,,,,,,,,,,,,,,,,,
https://phillips.com,,,,,,,,,,,568444,568444 90W LED Par38 50k 2pk,,,Philips,Phillips Lighting (5831),Phillips Lighting,Philips,,568444,,Lighting & Fans>Light Bulbs>LED Bulbs,"Phillips Lighting Philips, LED Bulb, 568444, 90 W, Par38, 50000 K",LED BULB 90W PAR38 50000K 2PK,Philips 568444 LED Bulb With LED,"Philips LED Bulb With LED, 90 W Wattage, Par38, 50000 K Color Temperature, 2 pk Pack Quantity","LED Bulb, 90 W, Par38, 50000 K","LED Bulb, 90 W, Par38, 50000 K",LED,,,,,,,,,,,,,,,,,,,,With LED,,,,,,Wattage,90,W,Shape,Par38,,Color Temperature,50000,K,Pack Quantity,2,pk,,,,,,,,,,,,,,,,,,,,,,,,,,,,,,,,,,,,,,,,,,,,,,,,,,,,,,,,,,,,,,,,,,,,,,,,,,,,,,,,,,,,,,,,,,,,,,,,,,,,,,,,,,,,,,,,,,,,,,,,,,,,,,,,,,,,,,,,,,,,,,39101628,,,,,,,,,,,,,,,,,,,,,,,,,,,,,,,,,,,,,,,,,,,
https://phillips.com,,,,,,,,,,,564500,564500 75W Adj Base 50k 3pk,,,Philips,Phillips Lighting (5831),Phillips Lighting,Philips,,564500,,Lighting & Fans>Light Bulbs>LED Bulbs,"Phillips Lighting Philips, LED Bulb, 564500, 75 W, Adj, 50000 K",LED BULB 75W ADJ 50000K 3PK,Philips 564500 LED Bulb With LED,"Philips LED Bulb With LED, 75 W Wattage, Adj, 50000 K Color Temperature, 3 pk Pack Quantity","LED Bulb, 75 W, Adj, 50000 K","LED Bulb, 75 W, Adj, 50000 K",LED,,,,,,,,,,,,,,,,,,,,With LED,,,,,,Wattage,75,W,Base Type,Adj,,Color Temperature,50000,K,Pack Quantity,3,pk,,,,,,,,,,,,,,,,,,,,,,,,,,,,,,,,,,,,,,,,,,,,,,,,,,,,,,,,,,,,,,,,,,,,,,,,,,,,,,,,,,,,,,,,,,,,,,,,,,,,,,,,,,,,,,,,,,,,,,,,,,,,,,,,,,,,,,,,,,,,,,39101628,,,,,,,,,,,,,,,,,,,,,,,,,,,,,,,,,,,,,,,,,,,
https://appliance.com,https://www.appliance.com/search?q=PDT715SYVFS,,,,,,,,,,PDT715SYVFS,PDT715SYVFS Ge Dishwasher SS,,,,Appliance Dealers Cooperative (APPDE),GE,GE,GE,PDT715SYVFS,,Appliances & Consumer Electronics>Kitchen Appliances>Built-In Dishwashers,"GE, Dishwasher, PDT715SYVFS, PDT715SYVFS, SS",DISHWASHER PDT715SYVFS SS,GE PDT715SYVFS Dishwasher,"GE Dishwasher, PDT715SYVFS, SS","Dishwasher, PDT715SYVFS, SS","Dishwasher, PDT715SYVFS, SS",,,,,,,,,,,,,,,,,,,,,,,,,,,Model Number,PDT715SYVFS,,Color/Finish,SS,,,,,,,,,,,,,,,,,,,,,,,,,,,,,,,,,,,,,,,,,,,,,,,,,,,,,,,,,,,,,,,,,,,,,,,,,,,,,,,,,,,,,,,,,,,,,,,,,,,,,,,,,,,,,,,,,,,,,,,,,,,,,,,,,,,,,,,,,,,,,,,,,,,,,42172203,,,,,,,,,,,,,,,,,,,,,,,,,,,,,,,,,,,,,,,,,,,
https://appliance.com,https://www.appliance.com/search?q=LDPH5554D,,,,,,,,,,LDPH5554D,LDPH5554D LG Dishwasher BSS,,,,Appliance Dealers Cooperative (APPDE),LG,LG,LG,LDPH5554D,,Appliances & Consumer Electronics>Kitchen Appliances>Built-In Dishwashers,"LG, Dishwasher, LDPH5554D, LDPH5554D, BSS",DISHWASHER LDPH5554D BSS,LG LDPH5554D Dishwasher,"LG Dishwasher, LDPH5554D, BSS","Dishwasher, LDPH5554D, BSS","Dishwasher, LDPH5554D, BSS",,,,,,,,,,,,,,,,,,,,,,,,,,,Model Number,LDPH5554D,,Color/Finish,BSS,,,,,,,,,,,,,,,,,,,,,,,,,,,,,,,,,,,,,,,,,,,,,,,,,,,,,,,,,,,,,,,,,,,,,,,,,,,,,,,,,,,,,,,,,,,,,,,,,,,,,,,,,,,,,,,,,,,,,,,,,,,,,,,,,,,,,,,,,,,,,,,,,,,,,42172203,,,,,,,,,,,,,,,,,,,,,,,,,,,,,,,,,,,,,,,,,,,
https://appliance.com,https://www.appliance.com/search?q=PDD415PYYFS,,,,,,,,,,PDD415PYYFS,PDD415PYYFS GE Dishwasher SS,,,,Appliance Dealers Cooperative (APPDE),GE,GE,GE,PDD415PYYFS,,Appliances & Consumer Electronics>Kitchen Appliances>Built-In Dishwashers,"GE, Dishwasher, PDD415PYYFS, PDD415PYYFS, SS",DISHWASHER PDD415PYYFS SS,GE PDD415PYYFS Dishwasher,"GE Dishwasher, PDD415PYYFS, SS","Dishwasher, PDD415PYYFS, SS","Dishwasher, PDD415PYYFS, SS",,,,,,,,,,,,,,,,,,,,,,,,,,,Model Number,PDD415PYYFS,,Color/Finish,SS,,,,,,,,,,,,,,,,,,,,,,,,,,,,,,,,,,,,,,,,,,,,,,,,,,,,,,,,,,,,,,,,,,,,,,,,,,,,,,,,,,,,,,,,,,,,,,,,,,,,,,,,,,,,,,,,,,,,,,,,,,,,,,,,,,,,,,,,,,,,,,,,,,,,,42172203,,,,,,,,,,,,,,,,,,,,,,,,,,,,,,,,,,,,,,,,,,,
https://appliance.com,https://www.appliance.com/search?q=KDTS424SBE,,,,,,,,,,KDTS424SBE,KDTS424SBE Kitchen Aid Dishwasher Black,,,,Appliance Dealers Cooperative (APPDE),Kitchen Aid,Kitchen Aid,Kitchen Aid,KDTS424SBE,,Appliances & Consumer Electronics>Kitchen Appliances>Built-In Dishwashers,"Kitchen Aid, Dishwasher, KDTS424SBE, KDTS424SBE, Black",DISHWASHER KDTS424SBE BLACK,Kitchen Aid KDTS424SBE Dishwasher,"Kitchen Aid Dishwasher, KDTS424SBE, Black","Dishwasher, KDTS424SBE, Black","Dishwasher, KDTS424SBE, Black",,,,,,,,,,,,,,,,,,,,,,,,,,,Model Number,KDTS424SBE,,Color/Finish,Black,,,,,,,,,,,,,,,,,,,,,,,,,,,,,,,,,,,,,,,,,,,,,,,,,,,,,,,,,,,,,,,,,,,,,,,,,,,,,,,,,,,,,,,,,,,,,,,,,,,,,,,,,,,,,,,,,,,,,,,,,,,,,,,,,,,,,,,,,,,,,,,,,,,,,42172203,,,,,,,,,,,,,,,,,,,,,,,,,,,,,,,,,,,,,,,,,,,
https://appliance.com,https://www.appliance.com/search?q=KDTS324SPS,,,,,,,,,,KDTS324SPS,KDTS324SPS Kitchen Aid Dishwasher SS,,,,Appliance Dealers Cooperative (APPDE),Kitchen Aid,Kitchen Aid,Kitchen Aid,KDTS324SPS,,Appliances & Consumer Electronics>Kitchen Appliances>Built-In Dishwashers,"Kitchen Aid, Dishwasher, KDTS324SPS, KDTS324SPS, SS",DISHWASHER KDTS324SPS SS,Kitchen Aid KDTS324SPS Dishwasher,"Kitchen Aid Dishwasher, KDTS324SPS, SS","Dishwasher, KDTS324SPS, SS","Dishwasher, KDTS324SPS, SS",,,,,,,,,,,,,,,,,,,,,,,,,,,Model Number,KDTS324SPS,,Color/Finish,SS,,,,,,,,,,,,,,,,,,,,,,,,,,,,,,,,,,,,,,,,,,,,,,,,,,,,,,,,,,,,,,,,,,,,,,,,,,,,,,,,,,,,,,,,,,,,,,,,,,,,,,,,,,,,,,,,,,,,,,,,,,,,,,,,,,,,,,,,,,,,,,,,,,,,,42172203,,,,,,,,,,,,,,,,,,,,,,,,,,,,,,,,,,,,,,,,,,,
https://appliance.com,https://www.appliance.com/search?q=DR7004BE,,,,,,,,,,DR7004BE,DR7004BE SQ Elect Dryer Black,,,,Appliance Dealers Cooperative (APPDE),Appliance Dealers Cooperative,SQ,SQ,DR7004BE,,Appliances & Consumer Electronics>Laundry Appliances>Clothes Dryers,"Appliance Dealers Cooperative SQ, dryer, DR7004BE, DR7004BE, Elect Dryer, Black",DRYER DR7004BE ELECTDRYER BLACK,"SQ DR7004BE dryer, Black","SQ dryer, DR7004BE, Elect Dryer, Black","dryer, DR7004BE, Elect Dryer, Black","dryer, DR7004BE, Elect Dryer, Black",,,,,,,,,,,,,,,,,,,,,,,,,,,Model Number,DR7004BE,,Type,Elect Dryer,,Color,Black,,,,,,,,,,,,,,,,,,,,,,,,,,,,,,,,,,,,,,,,,,,,,,,,,,,,,,,,,,,,,,,,,,,,,,,,,,,,,,,,,,,,,,,,,,,,,,,,,,,,,,,,,,,,,,,,,,,,,,,,,,,,,,,,,,,,,,,,,,,,,,,,,,42172203,,,,,,,,,,,,,,,,,,,,,,,,,,,,,,,,,,,,,,,,,,,
https://appliance.com,https://www.appliance.com/search?q=DC5004BE,,,,,,,,,,DC5004BE,DC5004BE SQ Elect Dryer Black,,,,Appliance Dealers Cooperative (APPDE),Appliance Dealers Cooperative,SQ,SQ,DC5004BE,,Appliances & Consumer Electronics>Laundry Appliances>Electric Dryers,"Appliance Dealers Cooperative SQ, dryer, DC5004BE, DC5004BE, Elect Dryer, Black",DRYER DC5004BE ELECTDRYER BLACK,"SQ DC5004BE dryer, Black","SQ dryer, DC5004BE, Elect Dryer, Black","dryer, DC5004BE, Elect Dryer, Black","dryer, DC5004BE, Elect Dryer, Black",,,,,,,,,,,,,,,,,,,,,,,,,,,Model Number,DC5004BE,,Type,Elect Dryer,,Color,Black,,,,,,,,,,,,,,,,,,,,,,,,,,,,,,,,,,,,,,,,,,,,,,,,,,,,,,,,,,,,,,,,,,,,,,,,,,,,,,,,,,,,,,,,,,,,,,,,,,,,,,,,,,,,,,,,,,,,,,,,,,,,,,,,,,,,,,,,,,,,,,,,,,52141505,,,,,,,,,,,,,,,,,,,,,,,,,,,,,,,,,,,,,,,,,,,
https://appliance.com,https://www.appliance.com/search?q=PTW705BSTWS,,,,,,,,,,PTW705BSTWS,PTW705BSTWS GE Washer Water Heater,,,,Appliance Dealers Cooperative (APPDE),Appliance Dealers Cooperative,GE,GE,PTW705BSTWS,,Appliances & Consumer Electronics>Laundry Appliances>Washing Machines,"Appliance Dealers Cooperative GE, Washer, PTW705BSTWS, PTW705BSTWS, Washer Water Heater",WASHER PTW705BSTWS WASHERWATERHEATER,GE PTW705BSTWS Washer,"GE Washer, PTW705BSTWS, Washer Water Heater","Washer, PTW705BSTWS, Washer Water Heater","Washer, PTW705BSTWS, Washer Water Heater",,,,,,,,,,,,,,,,,,,,,,,,,,,Model Number,PTW705BSTWS,,Type,Washer Water Heater,,,,,,,,,,,,,,,,,,,,,,,,,,,,,,,,,,,,,,,,,,,,,,,,,,,,,,,,,,,,,,,,,,,,,,,,,,,,,,,,,,,,,,,,,,,,,,,,,,,,,,,,,,,,,,,,,,,,,,,,,,,,,,,,,,,,,,,,,,,,,,,,,,,,,52141503,,,,,,,,,,,,,,,,,,,,,,,,,,,,,,,,,,,,,,,,,,,
https://appliance.com,https://www.appliance.com/search?q=TC5003BN,,,,,,,,,,TC5003BN,TC5003BN SQ Washer Black,,,,Appliance Dealers Cooperative (APPDE),Appliance Dealers Cooperative,Speed Queen,Speed Queen,TC5003BN,,Appliances & Consumer Electronics>Laundry Appliances>Washing Machines,"Appliance Dealers Cooperative Speed Queen, Washer, SQ, TC5003BN",WASHER TC5003BN BLACK,"Speed Queen SQ TC5003BN Washer, Black","Speed Queen Washer, SQ, TC5003BN, Black","SQ Washer, TC5003BN, Black","SQ Washer, TC5003BN, Black",,,,,,,,,,,,,,,,,,,,,,,,,,,Model Number,TC5003BN,,Color,Black,,,,,,,,,,,,,,,,,,,,,,,,,,,,,,,,,,,,,,,,,,,,,,,,,,,,,,,,,,,,,,,,,,,,,,,,,,,,,,,,,,,,,,,,,,,,,,,,,,,,,,,,,,,,,,,,,,,,,,,,,,,,,,,,,,,,,,,,,,,,,,,,,,,,,52141503,,,,,,,,,,,,,,,,,,,,,,,,,,,,,,,,,,,,,,,,,,,
https://appliance.com,https://www.appliance.com/search?q=TR7006WN,,,,,,,,,,TR7006WN,TR7006WN Speed Queen Washer Water Heater,,,,Appliance Dealers Cooperative (APPDE),Speed Queen,Speed Queen,Speed Queen,TR7006WN,,Appliances & Consumer Electronics>Laundry Appliances>Washing Machines,"Speed Queen, Washer, TR7006WN, TR7006WN, Washer Water Heater",WASHER TR7006WN WASHERWATERHEATER,Speed Queen TR7006WN Washer,"Speed Queen Washer, TR7006WN, Washer Water Heater","Washer, TR7006WN, Washer Water Heater","Washer, TR7006WN, Washer Water Heater",,,,,,,,,,,,,,,,,,,,,,,,,,,Model Number,TR7006WN,,Type,Washer Water Heater,,,,,,,,,,,,,,,,,,,,,,,,,,,,,,,,,,,,,,,,,,,,,,,,,,,,,,,,,,,,,,,,,,,,,,,,,,,,,,,,,,,,,,,,,,,,,,,,,,,,,,,,,,,,,,,,,,,,,,,,,,,,,,,,,,,,,,,,,,,,,,,,,,,,,52141503,,,,,,,,,,,,,,,,,,,,,,,,,,,,,,,,,,,,,,,,,,,
https://appliance.com,https://www.appliance.com/search?q=TR7006BN,,,,,,,,,,TR7006BN,TR7006BN Speed Queen Washer Black,,,,Appliance Dealers Cooperative (APPDE),Speed Queen,Speed Queen,Speed Queen,TR7006BN,,Appliances & Consumer Electronics>Laundry Appliances>Washing Machines,"Speed Queen, Washer, TR7006BN, TR7006BN, Black",WASHER TR7006BN BLACK,"Speed Queen TR7006BN Washer, Black","Speed Queen Washer, TR7006BN, Black","Washer, TR7006BN, Black","Washer, TR7006BN, Black",,,,,,,,,,,,,,,,,,,,,,,,,,,Model Number,TR7006BN,,Color,Black,,,,,,,,,,,,,,,,,,,,,,,,,,,,,,,,,,,,,,,,,,,,,,,,,,,,,,,,,,,,,,,,,,,,,,,,,,,,,,,,,,,,,,,,,,,,,,,,,,,,,,,,,,,,,,,,,,,,,,,,,,,,,,,,,,,,,,,,,,,,,,,,,,,,,52141503,,,,,,,,,,,,,,,,,,,,,,,,,,,,,,,,,,,,,,,,,,,
https://appliance.com,https://www.appliance.com/search?q=TR5006WN,,,,,,,,,,TR5006WN,TR5006WN Speed Queen Washer Water Heater,,,,Appliance Dealers Cooperative (APPDE),Speed Queen,Speed Queen,Speed Queen,TR5006WN,,Appliances & Consumer Electronics>Laundry Appliances>Washing Machines,"Speed Queen, Washer, TR5006WN, TR5006WN, Washer Water Heater",WASHER TR5006WN WASHERWATERHEATER,Speed Queen TR5006WN Washer,"Speed Queen Washer, TR5006WN, Washer Water Heater","Washer, TR5006WN, Washer Water Heater","Washer, TR5006WN, Washer Water Heater",,,,,,,,,,,,,,,,,,,,,,,,,,,Model Number,TR5006WN,,Type,Washer Water Heater,,,,,,,,,,,,,,,,,,,,,,,,,,,,,,,,,,,,,,,,,,,,,,,,,,,,,,,,,,,,,,,,,,,,,,,,,,,,,,,,,,,,,,,,,,,,,,,,,,,,,,,,,,,,,,,,,,,,,,,,,,,,,,,,,,,,,,,,,,,,,,,,,,,,,52141503,,,,,,,,,,,,,,,,,,,,,,,,,,,,,,,,,,,,,,,,,,,
https://,,,,,,,,,,,ADB15516EW,1x6-16' English Walnut Sq Edge - Vintage Azek PVC Decking,TIMBERTECH,,,Parksite (6151),Parksite,Azek,Azek,ADB15516EW,,Building Materials>Decking & Railing>Composite Decking,"Parksite Azek, decking, Vintage, ADB15516EW, 1x6-16' ft, English Walnut, Sq Edge",DECKING 1X6-16'FT ENGLISHWALNUT SQEDGE,"Azek Vintage ADB15516EW decking, English Walnut, PVC","Azek decking, Vintage, 1x6-16' ft Dimensions, English Walnut, Sq Edge, PVC","Vintage decking, 1x6-16' ft, English Walnut, Sq Edge","Vintage decking, 1x6-16' ft, English Walnut, Sq Edge",,,,,,,,,,,,,,,,,,,,,,,,,,,Dimensions,1x6-16',ft,Color,English Walnut,,Edge Profile,Sq Edge,,Material,PVC,,,,,,,,,,,,,,,,,,,,,,,,,,,,,,,,,,,,,,,,,,,,,,,,,,,,,,,,,,,,,,,,,,,,,,,,,,,,,,,,,,,,,,,,,,,,,,,,,,,,,,,,,,,,,,,,,,,,,,,,,,,,,,,,,,,,,,,,,,,,,,,30103204,,,,,,,,,,,,,,,,,,,,,,,,,,,,,,,,,,,,,,,,,,,
https://,,,,,,,,,,,ADB15520EW,1x6-20' English Walnut Sq Edge - Vintage Azek PVC Decking,TIMBERTECH,,,Parksite (6151),Parksite,Azek,Azek,ADB15520EW,,Building Materials>Decking & Railing>Composite Decking,"Parksite Azek, decking, Vintage, ADB15520EW, 1x6-20' ft, English Walnut, Sq Edge",DECKING 1X6-20'FT ENGLISHWALNUT SQEDGE,"Azek Vintage ADB15520EW decking, English Walnut, PVC","Azek decking, Vintage, 1x6-20' ft Dimensions, English Walnut, Sq Edge, PVC","Vintage decking, 1x6-20' ft, English Walnut, Sq Edge","Vintage decking, 1x6-20' ft, English Walnut, Sq Edge",,,,,,,,,,,,,,,,,,,,,,,,,,,Dimensions,1x6-20',ft,Color,English Walnut,,Edge Profile,Sq Edge,,Material,PVC,,,,,,,,,,,,,,,,,,,,,,,,,,,,,,,,,,,,,,,,,,,,,,,,,,,,,,,,,,,,,,,,,,,,,,,,,,,,,,,,,,,,,,,,,,,,,,,,,,,,,,,,,,,,,,,,,,,,,,,,,,,,,,,,,,,,,,,,,,,,,,,30103204,,,,,,,,,,,,,,,,,,,,,,,,,,,,,,,,,,,,,,,,,,,
https://,,,,,,,,,,,ADB15516MH,1x6-16' Mahogany Sq Edge - Vintage Azek PVC Decking,TIMBERTECH,,,Parksite (6151),Parksite,Azek,Azek,ADB15516MH,,Building Materials>Decking & Railing>Composite Decking,"Parksite Azek, decking, Vintage, ADB15516MH, 1x6-16' ft, Mahogany, Sq Edge",DECKING 1X6-16'FT MAHOGANY SQEDGE PVC,"Azek Vintage ADB15516MH decking, Mahogany, PVC","Azek decking, Vintage, 1x6-16' ft Dimensions, Mahogany, Sq Edge, PVC","Vintage decking, 1x6-16' ft, Mahogany, Sq Edge","Vintage decking, 1x6-16' ft, Mahogany, Sq Edge",,,,,,,,,,,,,,,,,,,,,,,,,,,Dimensions,1x6-16',ft,Color,Mahogany,,Edge Profile,Sq Edge,,Material,PVC,,,,,,,,,,,,,,,,,,,,,,,,,,,,,,,,,,,,,,,,,,,,,,,,,,,,,,,,,,,,,,,,,,,,,,,,,,,,,,,,,,,,,,,,,,,,,,,,,,,,,,,,,,,,,,,,,,,,,,,,,,,,,,,,,,,,,,,,,,,,,,,30103204,,,,,,,,,,,,,,,,,,,,,,,,,,,,,,,,,,,,,,,,,,,
https://,,,,,,,,,,,ADB15520MH,1x6-20' Mahogany Sq Edge - Vintage Azek PVC Decking,TIMBERTECH,,,Parksite (6151),Parksite,Azek,Azek,ADB15520MH,,Building Materials>Decking & Railing>Composite Decking,"Parksite Azek, decking, Vintage, ADB15520MH, 1x6-20' ft, Mahogany, Sq Edge",DECKING 1X6-20'FT MAHOGANY SQEDGE PVC,"Azek Vintage ADB15520MH decking, Mahogany, PVC","Azek decking, Vintage, 1x6-20' ft Dimensions, Mahogany, Sq Edge, PVC","Vintage decking, 1x6-20' ft, Mahogany, Sq Edge","Vintage decking, 1x6-20' ft, Mahogany, Sq Edge",,,,,,,,,,,,,,,,,,,,,,,,,,,Dimensions,1x6-20',ft,Color,Mahogany,,Edge Profile,Sq Edge,,Material,PVC,,,,,,,,,,,,,,,,,,,,,,,,,,,,,,,,,,,,,,,,,,,,,,,,,,,,,,,,,,,,,,,,,,,,,,,,,,,,,,,,,,,,,,,,,,,,,,,,,,,,,,,,,,,,,,,,,,,,,,,,,,,,,,,,,,,,,,,,,,,,,,,30103204,,,,,,,,,,,,,,,,,,,,,,,,,,,,,,,,,,,,,,,,,,,
https://,,,,,,,,,,,ADB15516WT,1x6-16' Weathered Teak Sq Edge - Vintage Azek PVC Decking,TIMBERTECH,,,Parksite (6151),Parksite,Azek,Azek,ADB15516WT,,Building Materials>Decking & Railing>Composite Decking,"Parksite Azek, decking, Vintage, ADB15516WT, 1x6-16' ft, Weathered Teak, Sq Edge",DECKING 1X6-16'FT WEATHEREDTEAK SQEDGE,"Azek Vintage ADB15516WT decking, Weathered Teak, PVC","Azek decking, Vintage, 1x6-16' ft Dimensions, Weathered Teak, Sq Edge, PVC","Vintage decking, 1x6-16' ft, Weathered Teak, Sq Edge","Vintage decking, 1x6-16' ft, Weathered Teak, Sq Edge",,,,,,,,,,,,,,,,,,,,,,,,,,,Dimensions,1x6-16',ft,Color,Weathered Teak,,Edge Profile,Sq Edge,,Material,PVC,,,,,,,,,,,,,,,,,,,,,,,,,,,,,,,,,,,,,,,,,,,,,,,,,,,,,,,,,,,,,,,,,,,,,,,,,,,,,,,,,,,,,,,,,,,,,,,,,,,,,,,,,,,,,,,,,,,,,,,,,,,,,,,,,,,,,,,,,,,,,,,30103204,,,,,,,,,,,,,,,,,,,,,,,,,,,,,,,,,,,,,,,,,,,
https://,,,,,,,,,,,ADB15520WT,1x6-20' Weathered Teak Sq Edge - Vintage Azek PVC Decking,TIMBERTECH,,,Parksite (6151),Parksite,Azek,Azek,ADB15520WT,,Building Materials>Decking & Railing>Composite Decking,"Parksite Azek, decking, Vintage, ADB15520WT, 1x6-20' ft, Weathered Teak, Sq Edge",DECKING 1X6-20'FT WEATHEREDTEAK SQEDGE,"Azek Vintage ADB15520WT decking, Weathered Teak, PVC","Azek decking, Vintage, 1x6-20' ft Dimensions, Weathered Teak, Sq Edge, PVC","Vintage decking, 1x6-20' ft, Weathered Teak, Sq Edge","Vintage decking, 1x6-20' ft, Weathered Teak, Sq Edge",,,,,,,,,,,,,,,,,,,,,,,,,,,Dimensions,1x6-20',ft,Color,Weathered Teak,,Edge Profile,Sq Edge,,Material,PVC,,,,,,,,,,,,,,,,,,,,,,,,,,,,,,,,,,,,,,,,,,,,,,,,,,,,,,,,,,,,,,,,,,,,,,,,,,,,,,,,,,,,,,,,,,,,,,,,,,,,,,,,,,,,,,,,,,,,,,,,,,,,,,,,,,,,,,,,,,,,,,,30103204,,,,,,,,,,,,,,,,,,,,,,,,,,,,,,,,,,,,,,,,,,,
https://,,,,,,,,,,,AGB15512CS,1x6-12' Coastline Grooved - Vintage Azek PVC Decking,TIMBERTECH,,,Parksite (6151),Parksite,Azek,Azek,AGB15512CS,,Building Materials>Decking & Railing>Composite Decking,"Parksite Azek, decking, Vintage, AGB15512CS, 1x6-12' ft, Coastline, Grooved",DECKING 1X6-12'FT COASTLINE GROOVED PVC,"Azek Vintage AGB15512CS decking, Coastline, PVC","Azek decking, Vintage, 1x6-12' ft Dimensions, Coastline, Grooved, PVC","Vintage decking, 1x6-12' ft, Coastline, Grooved","Vintage decking, 1x6-12' ft, Coastline, Grooved",,,,,,,,,,,,,,,,,,,,,,,,,,,Dimensions,1x6-12',ft,Color,Coastline,,Edge Profile,Grooved,,Material,PVC,,,,,,,,,,,,,,,,,,,,,,,,,,,,,,,,,,,,,,,,,,,,,,,,,,,,,,,,,,,,,,,,,,,,,,,,,,,,,,,,,,,,,,,,,,,,,,,,,,,,,,,,,,,,,,,,,,,,,,,,,,,,,,,,,,,,,,,,,,,,,,,30103204,,,,,,,,,,,,,,,,,,,,,,,,,,,,,,,,,,,,,,,,,,,
https://,,,,,,,,,,,AGB15516CS,1x6-16' Coastline Grooved - Vintage Azek PVC Decking,TIMBERTECH,,,Parksite (6151),Parksite,Azek,Azek,AGB15516CS,,Building Materials>Decking & Railing>Composite Decking,"Parksite Azek, decking, Vintage, AGB15516CS, 1x6-16' ft, Coastline, Grooved",DECKING 1X6-16'FT COASTLINE GROOVED PVC,"Azek Vintage AGB15516CS decking, Coastline, PVC","Azek decking, Vintage, 1x6-16' ft Dimensions, Coastline, Grooved, PVC","Vintage decking, 1x6-16' ft, Coastline, Grooved","Vintage decking, 1x6-16' ft, Coastline, Grooved",,,,,,,,,,,,,,,,,,,,,,,,,,,Dimensions,1x6-16',ft,Color,Coastline,,Edge Profile,Grooved,,Material,PVC,,,,,,,,,,,,,,,,,,,,,,,,,,,,,,,,,,,,,,,,,,,,,,,,,,,,,,,,,,,,,,,,,,,,,,,,,,,,,,,,,,,,,,,,,,,,,,,,,,,,,,,,,,,,,,,,,,,,,,,,,,,,,,,,,,,,,,,,,,,,,,,30103204,,,,,,,,,,,,,,,,,,,,,,,,,,,,,,,,,,,,,,,,,,,
https://,,,,,,,,,,,AGB15520CS,1x6-20' Coastline Grooved - Vintage Azek PVC Decking,TIMBERTECH,,,Parksite (6151),Azek,Azek,Azek,AGB15520CS,,Building Materials>Decking & Railing>Composite Decking,"Azek, decking, Vintage, AGB15520CS, 1x6-20 ft, Coastline, Grooved",DECKING 1X6-20FT COASTLINE GROOVED PVC,Azek Vintage AGB15520CS decking,"Azek decking, Vintage, 1x6-20 ft dimensions, Coastline, Grooved, PVC","Vintage decking, 1x6-20 ft, Coastline, Grooved","Vintage decking, 1x6-20 ft, Coastline, Grooved",,,,,,,,,,,,,,,,,,,,,,,,,,,dimensions,1x6-20,ft,color,Coastline,,profile,Grooved,,material,PVC,,,,,,,,,,,,,,,,,,,,,,,,,,,,,,,,,,,,,,,,,,,,,,,,,,,,,,,,,,,,,,,,,,,,,,,,,,,,,,,,,,,,,,,,,,,,,,,,,,,,,,,,,,,,,,,,,,,,,,,,,,,,,,,,,,,,,,,,,,,,,,,30103204,,,,,,,,,,,,,,,,,,,,,,,,,,,,,,,,,,,,,,,,,,,
https://,,,,,,,,,,,AGB15512EW,1x6-12' English Walnut Grooved - Vintage Azek PVC Decking,TIMBERTECH,,,Parksite (6151),Azek,Azek,Azek,AGB15512EW,,Building Materials>Decking & Railing>Composite Decking,"Azek, decking, Vintage, AGB15512EW, 1x6-12 ft, English Walnut, Grooved",DECKING 1X6-12FT ENGLISHWALNUT GROOVED,Azek Vintage AGB15512EW decking,"Azek decking, Vintage, 1x6-12 ft dimensions, English Walnut, Grooved, PVC","Vintage decking, 1x6-12 ft, English Walnut, Grooved","Vintage decking, 1x6-12 ft, English Walnut, Grooved",,,,,,,,,,,,,,,,,,,,,,,,,,,dimensions,1x6-12,ft,color,English Walnut,,profile,Grooved,,material,PVC,,,,,,,,,,,,,,,,,,,,,,,,,,,,,,,,,,,,,,,,,,,,,,,,,,,,,,,,,,,,,,,,,,,,,,,,,,,,,,,,,,,,,,,,,,,,,,,,,,,,,,,,,,,,,,,,,,,,,,,,,,,,,,,,,,,,,,,,,,,,,,,30103204,,,,,,,,,,,,,,,,,,,,,,,,,,,,,,,,,,,,,,,,,,,
https://,,,,,,,,,,,AGB15516EW,1x6-16' English Walnut Grooved - Vintage Azek PVC Decking,TIMBERTECH,,,Parksite (6151),Azek,Azek,Azek,AGB15516EW,,Building Materials>Decking & Railing>Composite Decking,"Azek, decking, Vintage, AGB15516EW, 1x6-16 ft, English Walnut, Grooved",DECKING 1X6-16FT ENGLISHWALNUT GROOVED,Azek Vintage AGB15516EW decking,"Azek decking, Vintage, 1x6-16 ft dimensions, English Walnut, Grooved, PVC","Vintage decking, 1x6-16 ft, English Walnut, Grooved","Vintage decking, 1x6-16 ft, English Walnut, Grooved",,,,,,,,,,,,,,,,,,,,,,,,,,,dimensions,1x6-16,ft,color,English Walnut,,profile,Grooved,,material,PVC,,,,,,,,,,,,,,,,,,,,,,,,,,,,,,,,,,,,,,,,,,,,,,,,,,,,,,,,,,,,,,,,,,,,,,,,,,,,,,,,,,,,,,,,,,,,,,,,,,,,,,,,,,,,,,,,,,,,,,,,,,,,,,,,,,,,,,,,,,,,,,,30103204,,,,,,,,,,,,,,,,,,,,,,,,,,,,,,,,,,,,,,,,,,,
https://,,,,,,,,,,,AGB15520EW,1x6-20' English Walnut Grooved - Vintage Azek PVC Decking,TIMBERTECH,,,Parksite (6151),Azek,Azek,Azek,AGB15520EW,,Building Materials>Decking & Railing>Composite Decking,"Azek, decking, Vintage, AGB15520EW, 1x6-20 ft, English Walnut, Grooved",DECKING 1X6-20FT ENGLISHWALNUT GROOVED,Azek Vintage AGB15520EW decking,"Azek decking, Vintage, 1x6-20 ft dimensions, English Walnut, Grooved, PVC","Vintage decking, 1x6-20 ft, English Walnut, Grooved","Vintage decking, 1x6-20 ft, English Walnut, Grooved",,,,,,,,,,,,,,,,,,,,,,,,,,,dimensions,1x6-20,ft,color,English Walnut,,profile,Grooved,,material,PVC,,,,,,,,,,,,,,,,,,,,,,,,,,,,,,,,,,,,,,,,,,,,,,,,,,,,,,,,,,,,,,,,,,,,,,,,,,,,,,,,,,,,,,,,,,,,,,,,,,,,,,,,,,,,,,,,,,,,,,,,,,,,,,,,,,,,,,,,,,,,,,,30103204,,,,,,,,,,,,,,,,,,,,,,,,,,,,,,,,,,,,,,,,,,,
https://,,,,,,,,,,,AGB15512MH,1x6-12' Mahogany Grooved - Vintage Azek PVC Decking,TIMBERTECH,,,Parksite (6151),Azek,Azek,Azek,AGB15512MH,,Building Materials>Decking & Railing>Composite Decking,"Azek, decking, Vintage, AGB15512MH, 1x6-12 ft, Mahogany, Grooved",DECKING 1X6-12FT MAHOGANY GROOVED PVC,Azek Vintage AGB15512MH decking,"Azek decking, Vintage, 1x6-12 ft dimensions, Mahogany, Grooved, PVC","Vintage decking, 1x6-12 ft, Mahogany, Grooved","Vintage decking, 1x6-12 ft, Mahogany, Grooved",,,,,,,,,,,,,,,,,,,,,,,,,,,dimensions,1x6-12,ft,color,Mahogany,,profile,Grooved,,material,PVC,,,,,,,,,,,,,,,,,,,,,,,,,,,,,,,,,,,,,,,,,,,,,,,,,,,,,,,,,,,,,,,,,,,,,,,,,,,,,,,,,,,,,,,,,,,,,,,,,,,,,,,,,,,,,,,,,,,,,,,,,,,,,,,,,,,,,,,,,,,,,,,30103204,,,,,,,,,,,,,,,,,,,,,,,,,,,,,,,,,,,,,,,,,,,
https://,,,,,,,,,,,AGB15516MH,1x6-16' Mahogany Grooved - Vintage Azek PVC Decking,TIMBERTECH,,,Parksite (6151),Azek,Azek,Azek,AGB15516MH,,Building Materials>Decking & Railing>Composite Decking,"Azek, decking, Vintage, AGB15516MH, 1x6-16 ft, Mahogany, Grooved",DECKING 1X6-16FT MAHOGANY GROOVED PVC,Azek Vintage AGB15516MH decking,"Azek decking, Vintage, 1x6-16 ft dimensions, Mahogany, Grooved, PVC","Vintage decking, 1x6-16 ft, Mahogany, Grooved","Vintage decking, 1x6-16 ft, Mahogany, Grooved",,,,,,,,,,,,,,,,,,,,,,,,,,,dimensions,1x6-16,ft,color,Mahogany,,profile,Grooved,,material,PVC,,,,,,,,,,,,,,,,,,,,,,,,,,,,,,,,,,,,,,,,,,,,,,,,,,,,,,,,,,,,,,,,,,,,,,,,,,,,,,,,,,,,,,,,,,,,,,,,,,,,,,,,,,,,,,,,,,,,,,,,,,,,,,,,,,,,,,,,,,,,,,,30103204,,,,,,,,,,,,,,,,,,,,,,,,,,,,,,,,,,,,,,,,,,,
https://,,,,,,,,,,,AGB15520MH,1x6-20' Mahogany Grooved - Vintage Azek PVC Decking,TIMBERTECH,,,Parksite (6151),Azek,Azek,Azek,AGB15520MH,,Building Materials>Decking & Railing>Composite Decking,"Azek, decking, Vintage, AGB15520MH, 1x6-20 ft, Mahogany, Grooved",DECKING 1X6-20FT MAHOGANY GROOVED PVC,Azek Vintage AGB15520MH decking,"Azek decking, Vintage, 1x6-20 ft dimensions, Mahogany, Grooved, PVC","Vintage decking, 1x6-20 ft, Mahogany, Grooved","Vintage decking, 1x6-20 ft, Mahogany, Grooved",,,,,,,,,,,,,,,,,,,,,,,,,,,dimensions,1x6-20,ft,color,Mahogany,,profile,Grooved,,material,PVC,,,,,,,,,,,,,,,,,,,,,,,,,,,,,,,,,,,,,,,,,,,,,,,,,,,,,,,,,,,,,,,,,,,,,,,,,,,,,,,,,,,,,,,,,,,,,,,,,,,,,,,,,,,,,,,,,,,,,,,,,,,,,,,,,,,,,,,,,,,,,,,30103204,,,,,,,,,,,,,,,,,,,,,,,,,,,,,,,,,,,,,,,,,,,
https://,,,,,,,,,,,AGB15512WT,1x6-12' Weathered Teak Grooved - Vintage Azek PVC Decking,TIMBERTECH,,,Parksite (6151),Azek,Azek,Azek,AGB15512WT,,Building Materials>Decking & Railing>Composite Decking,"Azek, decking, Vintage, AGB15512WT, 1x6-12 ft, Weathered Teak, Grooved",DECKING 1X6-12FT WEATHEREDTEAK GROOVED,Azek Vintage AGB15512WT decking,"Azek decking, Vintage, 1x6-12 ft dimensions, Weathered Teak, Grooved, PVC","Vintage decking, 1x6-12 ft, Weathered Teak, Grooved","Vintage decking, 1x6-12 ft, Weathered Teak, Grooved",,,,,,,,,,,,,,,,,,,,,,,,,,,dimensions,1x6-12,ft,color,Weathered Teak,,profile,Grooved,,material,PVC,,,,,,,,,,,,,,,,,,,,,,,,,,,,,,,,,,,,,,,,,,,,,,,,,,,,,,,,,,,,,,,,,,,,,,,,,,,,,,,,,,,,,,,,,,,,,,,,,,,,,,,,,,,,,,,,,,,,,,,,,,,,,,,,,,,,,,,,,,,,,,,30103204,,,,,,,,,,,,,,,,,,,,,,,,,,,,,,,,,,,,,,,,,,,
https://,,,,,,,,,,,AGB15512AW,1x6-12' American Walnut Groove - Landmark Azek PVC Decking,TIMBERTECH,,,Parksite (6151),Parksite,Azek,Azek,AGB15512AW,,Building Materials>Decking & Fencing>Composite Decking,"Parksite Azek, decking, Landmark, AGB15512AW, 1x6-12' ft, American Walnut, Groove",DECKING 1X6-12'FT AMERICANWALNUT GROOVE,Azek Landmark AGB15512AW decking,"Azek decking, Landmark, 1x6-12' ft dimensions, American Walnut, Groove, PVC","Landmark decking, 1x6-12' ft, American Walnut, Groove","Landmark decking, 1x6-12' ft, American Walnut, Groove",,,,,,,,,,,,,,,,,,,,,,,,,,,dimensions,1x6-12',ft,color,American Walnut,,edge type,Groove,,material,PVC,,,,,,,,,,,,,,,,,,,,,,,,,,,,,,,,,,,,,,,,,,,,,,,,,,,,,,,,,,,,,,,,,,,,,,,,,,,,,,,,,,,,,,,,,,,,,,,,,,,,,,,,,,,,,,,,,,,,,,,,,,,,,,,,,,,,,,,,,,,,,,,30103600,,,,,,,,,,,,,,,,,,,,,,,,,,,,,,,,,,,,,,,,,,,
https://,,,,,,,,,,,AGB15516AW,1x6-16' American Walnut Groove - Landmark Azek PVC Decking,TIMBERTECH,,,Parksite (6151),Parksite,Azek,Azek,AGB15516AW,,Building Materials>Decking & Fencing>Composite Decking,"Parksite Azek, decking, Landmark, AGB15516AW, 1x6-16' ft, American Walnut, Groove",DECKING 1X6-16'FT AMERICANWALNUT GROOVE,Azek Landmark AGB15516AW decking,"Azek decking, Landmark, 1x6-16' ft dimensions, American Walnut, Groove, PVC","Landmark decking, 1x6-16' ft, American Walnut, Groove","Landmark decking, 1x6-16' ft, American Walnut, Groove",,,,,,,,,,,,,,,,,,,,,,,,,,,dimensions,1x6-16',ft,color,American Walnut,,edge type,Groove,,material,PVC,,,,,,,,,,,,,,,,,,,,,,,,,,,,,,,,,,,,,,,,,,,,,,,,,,,,,,,,,,,,,,,,,,,,,,,,,,,,,,,,,,,,,,,,,,,,,,,,,,,,,,,,,,,,,,,,,,,,,,,,,,,,,,,,,,,,,,,,,,,,,,,30103600,,,,,,,,,,,,,,,,,,,,,,,,,,,,,,,,,,,,,,,,,,,
https://,,,,,,,,,,,AGB15520AW,1x6-20' American Walnut Groove - Landmark Azek PVC Decking,TIMBERTECH,,,Parksite (6151),Parksite,Azek,Azek,AGB15520AW,,Building Materials>Decking & Fencing>Composite Decking,"Parksite Azek, decking, Landmark, AGB15520AW, 1x6-20' ft, American Walnut, Groove",DECKING 1X6-20'FT AMERICANWALNUT GROOVE,Azek Landmark AGB15520AW decking,"Azek decking, Landmark, 1x6-20' ft dimensions, American Walnut, Groove, PVC","Landmark decking, 1x6-20' ft, American Walnut, Groove","Landmark decking, 1x6-20' ft, American Walnut, Groove",,,,,,,,,,,,,,,,,,,,,,,,,,,dimensions,1x6-20',ft,color,American Walnut,,edge type,Groove,,material,PVC,,,,,,,,,,,,,,,,,,,,,,,,,,,,,,,,,,,,,,,,,,,,,,,,,,,,,,,,,,,,,,,,,,,,,,,,,,,,,,,,,,,,,,,,,,,,,,,,,,,,,,,,,,,,,,,,,,,,,,,,,,,,,,,,,,,,,,,,,,,,,,,30103600,,,,,,,,,,,,,,,,,,,,,,,,,,,,,,,,,,,,,,,,,,,
https://,,,,,,,,,,,AGB15512CG,1x6-12' Castle Gate Grooved - Landmark Azek PVC Decking,TIMBERTECH,,,Parksite (6151),Parksite,Azek,Azek,AGB15512CG,,Building Materials>Decking & Fencing>Composite Decking,"Parksite Azek, decking, Landmark, AGB15512CG, 1x6-12' ft, Castle Gate, Grooved",DECKING 1X6-12'FT CASTLEGATE GROOVED PVC,Azek Landmark AGB15512CG decking,"Azek decking, Landmark, 1x6-12' ft dimensions, Castle Gate, Grooved, PVC","Landmark decking, 1x6-12' ft, Castle Gate, Grooved","Landmark decking, 1x6-12' ft, Castle Gate, Grooved",,,,,,,,,,,,,,,,,,,,,,,,,,,dimensions,1x6-12',ft,color,Castle Gate,,edge type,Grooved,,material,PVC,,,,,,,,,,,,,,,,,,,,,,,,,,,,,,,,,,,,,,,,,,,,,,,,,,,,,,,,,,,,,,,,,,,,,,,,,,,,,,,,,,,,,,,,,,,,,,,,,,,,,,,,,,,,,,,,,,,,,,,,,,,,,,,,,,,,,,,,,,,,,,,30103600,,,,,,,,,,,,,,,,,,,,,,,,,,,,,,,,,,,,,,,,,,,
https://,,,,,,,,,,,AGB15516CG,1x6-16' Castle Gate Grooved - Landmark Azek PVC Decking,TIMBERTECH,,,Parksite (6151),Parksite,Azek,Azek,AGB15516CG,,Building Materials>Decking & Fencing>Composite Decking,"Parksite Azek, decking, Landmark, AGB15516CG, 1x6-16' ft, Castle Gate, Grooved",DECKING 1X6-16'FT CASTLEGATE GROOVED PVC,Azek Landmark AGB15516CG decking,"Azek decking, Landmark, 1x6-16' ft dimensions, Castle Gate, Grooved, PVC","Landmark decking, 1x6-16' ft, Castle Gate, Grooved","Landmark decking, 1x6-16' ft, Castle Gate, Grooved",,,,,,,,,,,,,,,,,,,,,,,,,,,dimensions,1x6-16',ft,color,Castle Gate,,edge type,Grooved,,material,PVC,,,,,,,,,,,,,,,,,,,,,,,,,,,,,,,,,,,,,,,,,,,,,,,,,,,,,,,,,,,,,,,,,,,,,,,,,,,,,,,,,,,,,,,,,,,,,,,,,,,,,,,,,,,,,,,,,,,,,,,,,,,,,,,,,,,,,,,,,,,,,,,30103600,,,,,,,,,,,,,,,,,,,,,,,,,,,,,,,,,,,,,,,,,,,
https://,,,,,,,,,,,AGB15520CG,1x6-20' Castle Gate Grooved - Landmark Azek PVC Decking,TIMBERTECH,,,Parksite (6151),Parksite,Azek,Azek,AGB15520CG,,Building Materials>Decking & Fencing>Composite Decking,"Parksite Azek, decking, Landmark, AGB15520CG, 1x6-20' ft, Castle Gate, Grooved",DECKING 1X6-20'FT CASTLEGATE GROOVED PVC,Azek Landmark AGB15520CG decking,"Azek decking, Landmark, 1x6-20' ft dimensions, Castle Gate, Grooved, PVC","Landmark decking, 1x6-20' ft, Castle Gate, Grooved","Landmark decking, 1x6-20' ft, Castle Gate, Grooved",,,,,,,,,,,,,,,,,,,,,,,,,,,dimensions,1x6-20',ft,color,Castle Gate,,edge type,Grooved,,material,PVC,,,,,,,,,,,,,,,,,,,,,,,,,,,,,,,,,,,,,,,,,,,,,,,,,,,,,,,,,,,,,,,,,,,,,,,,,,,,,,,,,,,,,,,,,,,,,,,,,,,,,,,,,,,,,,,,,,,,,,,,,,,,,,,,,,,,,,,,,,,,,,,30103600,,,,,,,,,,,,,,,,,,,,,,,,,,,,,,,,,,,,,,,,,,,
https://,,,,,,,,,,,AGB15512FW,1x6-12' French White Oak Groov - Landmark Azek PVC Decking,TIMBERTECH,,,Parksite (6151),Parksite,Azek,Azek,AGB15512FW,,Building Materials>Decking & Fencing>Composite Decking,"Parksite Azek, decking, Landmark, AGB15512FW, 1x6-12' ft, French White Oak, Groov",DECKING 1X6-12'FT FRENCHWHITEOAK GROOV,Azek Landmark AGB15512FW decking,"Azek decking, Landmark, 1x6-12' ft dimensions, French White Oak, Groov, PVC","Landmark decking, 1x6-12' ft, French White Oak, Groov","Landmark decking, 1x6-12' ft, French White Oak, Groov",,,,,,,,,,,,,,,,,,,,,,,,,,,dimensions,1x6-12',ft,color,French White Oak,,edge type,Groov,,material,PVC,,,,,,,,,,,,,,,,,,,,,,,,,,,,,,,,,,,,,,,,,,,,,,,,,,,,,,,,,,,,,,,,,,,,,,,,,,,,,,,,,,,,,,,,,,,,,,,,,,,,,,,,,,,,,,,,,,,,,,,,,,,,,,,,,,,,,,,,,,,,,,,30103600,,,,,,,,,,,,,,,,,,,,,,,,,,,,,,,,,,,,,,,,,,,
https://,,,,,,,,,,,AGB15516FW,1x6-16' French White Oak Groov - Landmark Azek PVC Decking,TIMBERTECH,,,Parksite (6151),Parksite,Azek,Azek,AGB15516FW,,Building Materials>Decking & Fencing>Composite Decking,"Parksite Azek, decking, Landmark, AGB15516FW, 1x6-16' ft, French White Oak, Groov",DECKING 1X6-16'FT FRENCHWHITEOAK GROOV,Azek Landmark AGB15516FW decking,"Azek decking, Landmark, 1x6-16' ft dimensions, French White Oak, Groov, PVC","Landmark decking, 1x6-16' ft, French White Oak, Groov","Landmark decking, 1x6-16' ft, French White Oak, Groov",,,,,,,,,,,,,,,,,,,,,,,,,,,dimensions,1x6-16',ft,color,French White Oak,,edge type,Groov,,material,PVC,,,,,,,,,,,,,,,,,,,,,,,,,,,,,,,,,,,,,,,,,,,,,,,,,,,,,,,,,,,,,,,,,,,,,,,,,,,,,,,,,,,,,,,,,,,,,,,,,,,,,,,,,,,,,,,,,,,,,,,,,,,,,,,,,,,,,,,,,,,,,,,30103600,,,,,,,,,,,,,,,,,,,,,,,,,,,,,,,,,,,,,,,,,,,
https://,,,,,,,,,,,AGB15520FW,1x6-20' French White Oak Groov - Landmark Azek PVC Decking,TIMBERTECH,,,Parksite (6151),Parksite,Azek,Azek,AGB15520FW,,Building Materials>Decking & Fencing>Composite Decking,"Parksite Azek, decking, Landmark, AGB15520FW, 1x6-20 ft, French White Oak, Grooved",DECKING 1X6-20FT FRENCHWHITEOAK GROOVED,"Azek Landmark AGB15520FW decking, French White Oak, PVC","Azek decking, Landmark, 1x6-20 ft Dimensions, French White Oak, Grooved, PVC","Landmark decking, 1x6-20 ft, French White Oak, Grooved","Landmark decking, 1x6-20 ft, French White Oak, Grooved",,,,,,,,,,,,,,,,,,,,,,,,,,,Dimensions,1x6-20,ft,Color,French White Oak,,Edge Profile,Grooved,,Material,PVC,,,,,,,,,,,,,,,,,,,,,,,,,,,,,,,,,,,,,,,,,,,,,,,,,,,,,,,,,,,,,,,,,,,,,,,,,,,,,,,,,,,,,,,,,,,,,,,,,,,,,,,,,,,,,,,,,,,,,,,,,,,,,,,,,,,,,,,,,,,,,,,30103600,,,,,,,,,,,,,,,,,,,,,,,,,,,,,,,,,,,,,,,,,,,
https://,,,,,,,,,,,ADCB15516BS,1x6-16' Brownstone Sq Edge - Harvest Azek PVC Decking,TIMBERTECH,,,Parksite (6151),Parksite,Azek,Azek,ADCB15516BS,,Building Materials>Decking & Fencing>Composite Decking,"Parksite Azek, decking, Harvest, ADCB15516BS, 1x6-16 ft, Brownstone, Square Edge",DECKING 1X6-16FT BROWNSTONE SQUAREEDGE,"Azek Harvest ADCB15516BS decking, Brownstone, PVC","Azek decking, Harvest, 1x6-16 ft Dimensions, Brownstone, Square Edge, PVC","Harvest decking, 1x6-16 ft, Brownstone, Square Edge","Harvest decking, 1x6-16 ft, Brownstone, Square Edge",,,,,,,,,,,,,,,,,,,,,,,,,,,Dimensions,1x6-16,ft,Color,Brownstone,,Edge Profile,Square Edge,,Material,PVC,,,,,,,,,,,,,,,,,,,,,,,,,,,,,,,,,,,,,,,,,,,,,,,,,,,,,,,,,,,,,,,,,,,,,,,,,,,,,,,,,,,,,,,,,,,,,,,,,,,,,,,,,,,,,,,,,,,,,,,,,,,,,,,,,,,,,,,,,,,,,,,30103600,,,,,,,,,,,,,,,,,,,,,,,,,,,,,,,,,,,,,,,,,,,
https://,,,,,,,,,,,ADCB15520BS,1x6-20' Brownstone Sq Edge - Harvest Azek PVC Decking,TIMBERTECH,,,Parksite (6151),Parksite,Azek,Azek,ADCB15520BS,,Building Materials>Decking & Fencing>Composite Decking,"Parksite Azek, decking, Harvest, ADCB15520BS, 1x6-20 ft, Brownstone, Square Edge",DECKING 1X6-20FT BROWNSTONE SQUAREEDGE,"Azek Harvest ADCB15520BS decking, Brownstone, PVC","Azek decking, Harvest, 1x6-20 ft Dimensions, Brownstone, Square Edge, PVC","Harvest decking, 1x6-20 ft, Brownstone, Square Edge","Harvest decking, 1x6-20 ft, Brownstone, Square Edge",,,,,,,,,,,,,,,,,,,,,,,,,,,Dimensions,1x6-20,ft,Color,Brownstone,,Edge Profile,Square Edge,,Material,PVC,,,,,,,,,,,,,,,,,,,,,,,,,,,,,,,,,,,,,,,,,,,,,,,,,,,,,,,,,,,,,,,,,,,,,,,,,,,,,,,,,,,,,,,,,,,,,,,,,,,,,,,,,,,,,,,,,,,,,,,,,,,,,,,,,,,,,,,,,,,,,,,30103600,,,,,,,,,,,,,,,,,,,,,,,,,,,,,,,,,,,,,,,,,,,
https://,,,,,,,,,,,ADCB15516SG,1x6-16' Slate Gray Sq Edge - Harvest Azek PVC Decking,TIMBERTECH,,,Parksite (6151),Parksite,Azek,Azek,ADCB15516SG,,Building Materials>Decking & Fencing>Composite Decking,"Parksite Azek, decking, Harvest, ADCB15516SG, 1x6-16 ft, Slate Gray, Square Edge",DECKING 1X6-16FT SLATEGRAY SQUAREEDGE,"Azek Harvest ADCB15516SG decking, Slate Gray, PVC","Azek decking, Harvest, 1x6-16 ft Dimensions, Slate Gray, Square Edge, PVC","Harvest decking, 1x6-16 ft, Slate Gray, Square Edge","Harvest decking, 1x6-16 ft, Slate Gray, Square Edge",,,,,,,,,,,,,,,,,,,,,,,,,,,Dimensions,1x6-16,ft,Color,Slate Gray,,Edge Profile,Square Edge,,Material,PVC,,,,,,,,,,,,,,,,,,,,,,,,,,,,,,,,,,,,,,,,,,,,,,,,,,,,,,,,,,,,,,,,,,,,,,,,,,,,,,,,,,,,,,,,,,,,,,,,,,,,,,,,,,,,,,,,,,,,,,,,,,,,,,,,,,,,,,,,,,,,,,,30103600,,,,,,,,,,,,,,,,,,,,,,,,,,,,,,,,,,,,,,,,,,,
https://,,,,,,,,,,,ADCB15520SG,1x6-20' Slate Gray Sq Edge - Harvest Azek PVC Decking,TIMBERTECH,,,Parksite (6151),Parksite,Azek,Azek,ADCB15520SG,,Building Materials>Decking & Fencing>PVC Decking,"Parksite Azek, decking, Harvest, ADCB15520SG, 1x6-20 ft, Slate Gray, Square Edge",DECKING 1X6-20FT SLATEGRAY SQUAREEDGE,"Azek Harvest ADCB15520SG decking, Slate Gray, PVC","Azek decking, Harvest, 1x6-20 ft Dimensions, Slate Gray, Square Edge, PVC","Harvest decking, 1x6-20 ft, Slate Gray, Square Edge","Harvest decking, 1x6-20 ft, Slate Gray, Square Edge",,,,,,,,,,,,,,,,,,,,,,,,,,,Dimensions,1x6-20,ft,Color,Slate Gray,,Edge Profile,Square Edge,,Material,PVC,,,,,,,,,,,,,,,,,,,,,,,,,,,,,,,,,,,,,,,,,,,,,,,,,,,,,,,,,,,,,,,,,,,,,,,,,,,,,,,,,,,,,,,,,,,,,,,,,,,,,,,,,,,,,,,,,,,,,,,,,,,,,,,,,,,,,,,,,,,,,,,30103600,,,,,,,,,,,,,,,,,,,,,,,,,,,,,,,,,,,,,,,,,,,
https://,,,,,,,,,,,AGB15512BS,1x6-12' Brownstone Grooved - Harvest Azek PVC Decking,TIMBERTECH,,,Parksite (6151),Parksite,Azek,Azek,AGB15512BS,,Building Materials>Decking & Fencing>PVC Decking,"Parksite Azek, decking, Harvest, AGB15512BS, 1x6-12 ft, Brownstone, Grooved",DECKING 1X6-12FT BROWNSTONE GROOVED PVC,"Azek Harvest AGB15512BS decking, Brownstone, PVC","Azek decking, Harvest, 1x6-12 ft Dimensions, Brownstone, Grooved, PVC","Harvest decking, 1x6-12 ft, Brownstone, Grooved","Harvest decking, 1x6-12 ft, Brownstone, Grooved",,,,,,,,,,,,,,,,,,,,,,,,,,,Dimensions,1x6-12,ft,Color,Brownstone,,Edge Profile,Grooved,,Material,PVC,,,,,,,,,,,,,,,,,,,,,,,,,,,,,,,,,,,,,,,,,,,,,,,,,,,,,,,,,,,,,,,,,,,,,,,,,,,,,,,,,,,,,,,,,,,,,,,,,,,,,,,,,,,,,,,,,,,,,,,,,,,,,,,,,,,,,,,,,,,,,,,30103600,,,,,,,,,,,,,,,,,,,,,,,,,,,,,,,,,,,,,,,,,,,
https://,,,,,,,,,,,AGB15516BS,1x6-16' Brownstone Grooved - Harvest Azek PVC Decking,TIMBERTECH,,,Parksite (6151),Parksite,Azek,Azek,AGB15516BS,,Building Materials>Decking & Fencing>PVC Decking,"Parksite Azek, decking, Harvest, AGB15516BS, 1x6-16 ft, Brownstone, Grooved",DECKING 1X6-16FT BROWNSTONE GROOVED PVC,"Azek Harvest AGB15516BS decking, Brownstone, PVC","Azek decking, Harvest, 1x6-16 ft Dimensions, Brownstone, Grooved, PVC","Harvest decking, 1x6-16 ft, Brownstone, Grooved","Harvest decking, 1x6-16 ft, Brownstone, Grooved",,,,,,,,,,,,,,,,,,,,,,,,,,,Dimensions,1x6-16,ft,Color,Brownstone,,Edge Profile,Grooved,,Material,PVC,,,,,,,,,,,,,,,,,,,,,,,,,,,,,,,,,,,,,,,,,,,,,,,,,,,,,,,,,,,,,,,,,,,,,,,,,,,,,,,,,,,,,,,,,,,,,,,,,,,,,,,,,,,,,,,,,,,,,,,,,,,,,,,,,,,,,,,,,,,,,,,30103600,,,,,,,,,,,,,,,,,,,,,,,,,,,,,,,,,,,,,,,,,,,
https://,,,,,,,,,,,AGB15520BS,1x6-20' Brownstone Grooved - Harvest Azek PVC Decking,TIMBERTECH,,,Parksite (6151),Parksite,Azek,Azek,AGB15520BS,,Building Materials>Decking & Fencing>PVC Decking,"Parksite Azek, decking, Harvest, AGB15520BS, 1x6-20 ft, Brownstone, Grooved",DECKING 1X6-20FT BROWNSTONE GROOVED PVC,"Azek Harvest AGB15520BS decking, Brownstone, PVC","Azek decking, Harvest, 1x6-20 ft Dimensions, Brownstone, Grooved, PVC","Harvest decking, 1x6-20 ft, Brownstone, Grooved","Harvest decking, 1x6-20 ft, Brownstone, Grooved",,,,,,,,,,,,,,,,,,,,,,,,,,,Dimensions,1x6-20,ft,Color,Brownstone,,Edge Profile,Grooved,,Material,PVC,,,,,,,,,,,,,,,,,,,,,,,,,,,,,,,,,,,,,,,,,,,,,,,,,,,,,,,,,,,,,,,,,,,,,,,,,,,,,,,,,,,,,,,,,,,,,,,,,,,,,,,,,,,,,,,,,,,,,,,,,,,,,,,,,,,,,,,,,,,,,,,30103600,,,,,,,,,,,,,,,,,,,,,,,,,,,,,,,,,,,,,,,,,,,
https://,,,,,,,,,,,AGB15512SG,1x6-12' Slate Gray Grooved - Harvest Azek PVC Decking,TIMBERTECH,,,Parksite (6151),Azek,Azek,Azek,AGB15512SG,,Building Materials>Decking & Fencing>PVC Decking,"Azek, decking, Harvest, AGB15512SG, 1x6-12 ft, Slate Gray, Grooved",DECKING 1X6-12FT SLATEGRAY GROOVED PVC,"Azek Harvest AGB15512SG decking, Slate Gray, PVC","Azek decking, Harvest, 1x6-12 ft Dimensions, Slate Gray, Grooved, PVC","Harvest decking, 1x6-12 ft, Slate Gray, Grooved","Harvest decking, 1x6-12 ft, Slate Gray, Grooved",,,,,,,,,,,,,,,,,,,,,,,,,,,Dimensions,1x6-12,ft,Color,Slate Gray,,Edge Profile,Grooved,,Material,PVC,,,,,,,,,,,,,,,,,,,,,,,,,,,,,,,,,,,,,,,,,,,,,,,,,,,,,,,,,,,,,,,,,,,,,,,,,,,,,,,,,,,,,,,,,,,,,,,,,,,,,,,,,,,,,,,,,,,,,,,,,,,,,,,,,,,,,,,,,,,,,,,30103600,,,,,,,,,,,,,,,,,,,,,,,,,,,,,,,,,,,,,,,,,,,
https://,,,,,,,,,,,AGB15516SG,1x6-16' Slate Gray Grooved - Harvest Azek PVC Decking,TIMBERTECH,,,Parksite (6151),Azek,Azek,Azek,AGB15516SG,,Building Materials>Decking & Fencing>PVC Decking,"Azek, decking, Harvest, AGB15516SG, 1x6-16 ft, Slate Gray, Grooved",DECKING 1X6-16FT SLATEGRAY GROOVED PVC,"Azek Harvest AGB15516SG decking, Slate Gray, PVC","Azek decking, Harvest, 1x6-16 ft Dimensions, Slate Gray, Grooved, PVC","Harvest decking, 1x6-16 ft, Slate Gray, Grooved","Harvest decking, 1x6-16 ft, Slate Gray, Grooved",,,,,,,,,,,,,,,,,,,,,,,,,,,Dimensions,1x6-16,ft,Color,Slate Gray,,Edge Profile,Grooved,,Material,PVC,,,,,,,,,,,,,,,,,,,,,,,,,,,,,,,,,,,,,,,,,,,,,,,,,,,,,,,,,,,,,,,,,,,,,,,,,,,,,,,,,,,,,,,,,,,,,,,,,,,,,,,,,,,,,,,,,,,,,,,,,,,,,,,,,,,,,,,,,,,,,,,30103600,,,,,,,,,,,,,,,,,,,,,,,,,,,,,,,,,,,,,,,,,,,
https://,,,,,,,,,,,AGB15520SG,1x6-20' Slate Gray Grooved - Harvest Azek PVC Decking,TIMBERTECH,,,Parksite (6151),Azek,Azek,Azek,AGB15520SG,,Building Materials>Decking & Fencing>PVC Decking,"Azek, decking, Harvest, AGB15520SG, 1x6-20 ft, Slate Gray, Grooved",DECKING 1X6-20FT SLATEGRAY GROOVED PVC,"Azek Harvest AGB15520SG decking, Slate Gray, PVC","Azek decking, Harvest, 1x6-20 ft Dimensions, Slate Gray, Grooved, PVC","Harvest decking, 1x6-20 ft, Slate Gray, Grooved","Harvest decking, 1x6-20 ft, Slate Gray, Grooved",,,,,,,,,,,,,,,,,,,,,,,,,,,Dimensions,1x6-20,ft,Color,Slate Gray,,Edge Profile,Grooved,,Material,PVC,,,,,,,,,,,,,,,,,,,,,,,,,,,,,,,,,,,,,,,,,,,,,,,,,,,,,,,,,,,,,,,,,,,,,,,,,,,,,,,,,,,,,,,,,,,,,,,,,,,,,,,,,,,,,,,,,,,,,,,,,,,,,,,,,,,,,,,,,,,,,,,30103600,,,,,,,,,,,,,,,,,,,,,,,,,,,,,,,,,,,,,,,,,,,
https://,,,,,,,,,,,543140016,1nx6-16' Biscayne Sq Edge - Trex Transcend Lineage Decking,TREX,,,U S Lumber (3073),Trex,Trex,Trex,543140016,,Building Materials>Decking & Fencing>Composite Decking,"Trex, decking, Transcend Lineage, 543140016, 1nx6-16 ft, Biscayne, Sq Edge",DECKING 1NX6-16FT BISCAYNE SQEDGE,"Trex Transcend Lineage 543140016 decking, Biscayne","Trex decking, Transcend Lineage, 1nx6-16 ft Dimensions, Biscayne, Sq Edge","Transcend Lineage decking, 1nx6-16 ft, Biscayne, Sq Edge","Transcend Lineage decking, 1nx6-16 ft, Biscayne, Sq Edge",,,,,,,,,,,,,,,,,,,,,,,,,,,Dimensions,1nx6-16,ft,Color,Biscayne,,Edge Profile,Sq Edge,,,,,,,,,,,,,,,,,,,,,,,,,,,,,,,,,,,,,,,,,,,,,,,,,,,,,,,,,,,,,,,,,,,,,,,,,,,,,,,,,,,,,,,,,,,,,,,,,,,,,,,,,,,,,,,,,,,,,,,,,,,,,,,,,,,,,,,,,,,,,,,,,,30103600,,,,,,,,,,,,,,,,,,,,,,,,,,,,,,,,,,,,,,,,,,,
https://,,,,,,,,,,,543140020,1nx6-20' Biscayne Sq Edge - Trex Transcend Lineage Decking,TREX,,,U S Lumber (3073),Trex,Trex,Trex,543140020,,Building Materials>Decking & Fencing>Composite Decking,"Trex, decking, Transcend Lineage, 543140020, 1nx6-20 ft, Biscayne, Sq Edge",DECKING 1NX6-20FT BISCAYNE SQEDGE,"Trex Transcend Lineage 543140020 decking, Biscayne","Trex decking, Transcend Lineage, 1nx6-20 ft Dimensions, Biscayne, Sq Edge","Transcend Lineage decking, 1nx6-20 ft, Biscayne, Sq Edge","Transcend Lineage decking, 1nx6-20 ft, Biscayne, Sq Edge",,,,,,,,,,,,,,,,,,,,,,,,,,,Dimensions,1nx6-20,ft,Color,Biscayne,,Edge Profile,Sq Edge,,,,,,,,,,,,,,,,,,,,,,,,,,,,,,,,,,,,,,,,,,,,,,,,,,,,,,,,,,,,,,,,,,,,,,,,,,,,,,,,,,,,,,,,,,,,,,,,,,,,,,,,,,,,,,,,,,,,,,,,,,,,,,,,,,,,,,,,,,,,,,,,,,30103600,,,,,,,,,,,,,,,,,,,,,,,,,,,,,,,,,,,,,,,,,,,
https://,,,,,,,,,,,543142016,1nx6-16' Carmel Sq Edge - Trex Transcend Lineage Decking,TREX,,,U S Lumber (3073),Trex,Trex,Trex,543142016,,Building Materials>Decking & Fencing>Composite Decking,"Trex, decking, Transcend Lineage, 543142016, 1nx6-16 ft, Carmel, Sq Edge",DECKING 1NX6-16FT CARMEL SQEDGE,"Trex Transcend Lineage 543142016 decking, Carmel","Trex decking, Transcend Lineage, 1nx6-16 ft Dimensions, Carmel, Sq Edge","Transcend Lineage decking, 1nx6-16 ft, Carmel, Sq Edge","Transcend Lineage decking, 1nx6-16 ft, Carmel, Sq Edge",,,,,,,,,,,,,,,,,,,,,,,,,,,Dimensions,1nx6-16,ft,Color,Carmel,,Edge Profile,Sq Edge,,,,,,,,,,,,,,,,,,,,,,,,,,,,,,,,,,,,,,,,,,,,,,,,,,,,,,,,,,,,,,,,,,,,,,,,,,,,,,,,,,,,,,,,,,,,,,,,,,,,,,,,,,,,,,,,,,,,,,,,,,,,,,,,,,,,,,,,,,,,,,,,,,30103600,,,,,,,,,,,,,,,,,,,,,,,,,,,,,,,,,,,,,,,,,,,
https://,,,,,,,,,,,543142020,1nx6-20' Carmel Sq Edge - Trex Transcend Lineage Decking,TREX,,,U S Lumber (3073),Trex,Trex,Trex,543142020,,Building Materials>Decking & Fencing>Composite Decking,"Trex, decking, Transcend Lineage, 543142020, 1nx6-20 ft, Carmel, Sq Edge",DECKING 1NX6-20FT CARMEL SQEDGE,"Trex Transcend Lineage 543142020 decking, Carmel","Trex decking, Transcend Lineage, 1nx6-20 ft Dimensions, Carmel, Sq Edge","Transcend Lineage decking, 1nx6-20 ft, Carmel, Sq Edge","Transcend Lineage decking, 1nx6-20 ft, Carmel, Sq Edge",,,,,,,,,,,,,,,,,,,,,,,,,,,Dimensions,1nx6-20,ft,Color,Carmel,,Edge Profile,Sq Edge,,,,,,,,,,,,,,,,,,,,,,,,,,,,,,,,,,,,,,,,,,,,,,,,,,,,,,,,,,,,,,,,,,,,,,,,,,,,,,,,,,,,,,,,,,,,,,,,,,,,,,,,,,,,,,,,,,,,,,,,,,,,,,,,,,,,,,,,,,,,,,,,,,30103600,,,,,,,,,,,,,,,,,,,,,,,,,,,,,,,,,,,,,,,,,,,
https://,,,,,,,,,,,543144016,1nx6-16' Island Mist Sq Edge - Trex Transcend Lineage Decking,TREX,,,U S Lumber (3073),Trex,Trex,Trex,543144016,,Building Materials>Decking & Fencing>Composite Decking,"Trex, decking, Transcend Lineage, 543144016, 1nx6-16 ft, Island Mist, Sq Edge",DECKING 1NX6-16FT ISLANDMIST SQEDGE,"Trex Transcend Lineage 543144016 decking, Island Mist","Trex decking, Transcend Lineage, 1nx6-16 ft Dimensions, Island Mist, Sq Edge","Transcend Lineage decking, 1nx6-16 ft, Island Mist, Sq Edge","Transcend Lineage decking, 1nx6-16 ft, Island Mist, Sq Edge",,,,,,,,,,,,,,,,,,,,,,,,,,,Dimensions,1nx6-16,ft,Color,Island Mist,,Edge Profile,Sq Edge,,,,,,,,,,,,,,,,,,,,,,,,,,,,,,,,,,,,,,,,,,,,,,,,,,,,,,,,,,,,,,,,,,,,,,,,,,,,,,,,,,,,,,,,,,,,,,,,,,,,,,,,,,,,,,,,,,,,,,,,,,,,,,,,,,,,,,,,,,,,,,,,,,30103600,,,,,,,,,,,,,,,,,,,,,,,,,,,,,,,,,,,,,,,,,,,
https://,,,,,,,,,,,543144020,1nx6-20' Island Mist Sq Edge - Trex Transcend Lineage Decking,TREX,,,U S Lumber (3073),Trex,Trex,Trex,543144020,,Building Materials>Decking & Fencing>Composite Decking,"Trex, decking, Trex Transcend Lineage, 543144020, 1x6-20 ft, Island Mist, Square Edge",DECKING 1X6-20FT ISLANDMIST SQUAREEDGE,"Trex Trex Transcend Lineage 543144020 decking, Island Mist","Trex decking, Trex Transcend Lineage, 1x6-20 ft Dimensions, Island Mist, Square Edge","Trex Transcend Lineage decking, 1x6-20 ft, Island Mist, Square Edge","Trex Transcend Lineage decking, 1x6-20 ft, Island Mist, Square Edge",,,,,,,,,,,,,,,,,,,,,,,,,,,Dimensions,1x6-20,ft,Color,Island Mist,,Edge Profile,Square Edge,,,,,,,,,,,,,,,,,,,,,,,,,,,,,,,,,,,,,,,,,,,,,,,,,,,,,,,,,,,,,,,,,,,,,,,,,,,,,,,,,,,,,,,,,,,,,,,,,,,,,,,,,,,,,,,,,,,,,,,,,,,,,,,,,,,,,,,,,,,,,,,,,,30103600,,,,,,,,,,,,,,,,,,,,,,,,,,,,,,,,,,,,,,,,,,,
https://,,,,,,,,,,,543143016,1nx6-16' Jasper Sq Edge - Trex Transcend Lineage Decking,TREX,,,U S Lumber (3073),Trex,Trex,Trex,543143016,,Building Materials>Decking & Fencing>Composite Decking,"Trex, decking, Trex Transcend Lineage, 543143016, 1x6-16 ft, Jasper, Square Edge",DECKING 1X6-16FT JASPER SQUAREEDGE,"Trex Trex Transcend Lineage 543143016 decking, Jasper","Trex decking, Trex Transcend Lineage, 1x6-16 ft Dimensions, Jasper, Square Edge","Trex Transcend Lineage decking, 1x6-16 ft, Jasper, Square Edge","Trex Transcend Lineage decking, 1x6-16 ft, Jasper, Square Edge",,,,,,,,,,,,,,,,,,,,,,,,,,,Dimensions,1x6-16,ft,Color,Jasper,,Edge Profile,Square Edge,,,,,,,,,,,,,,,,,,,,,,,,,,,,,,,,,,,,,,,,,,,,,,,,,,,,,,,,,,,,,,,,,,,,,,,,,,,,,,,,,,,,,,,,,,,,,,,,,,,,,,,,,,,,,,,,,,,,,,,,,,,,,,,,,,,,,,,,,,,,,,,,,,30103600,,,,,,,,,,,,,,,,,,,,,,,,,,,,,,,,,,,,,,,,,,,
https://,,,,,,,,,,,543143020,1nx6-20' Jasper Sq Edge - Trex Transcend Lineage Decking,TREX,,,U S Lumber (3073),Trex,Trex,Trex,543143020,,Building Materials>Decking & Fencing>Composite Decking,"Trex, decking, Trex Transcend Lineage, 543143020, 1x6-20 ft, Jasper, Square Edge",DECKING 1X6-20FT JASPER SQUAREEDGE,"Trex Trex Transcend Lineage 543143020 decking, Jasper","Trex decking, Trex Transcend Lineage, 1x6-20 ft Dimensions, Jasper, Square Edge","Trex Transcend Lineage decking, 1x6-20 ft, Jasper, Square Edge","Trex Transcend Lineage decking, 1x6-20 ft, Jasper, Square Edge",,,,,,,,,,,,,,,,,,,,,,,,,,,Dimensions,1x6-20,ft,Color,Jasper,,Edge Profile,Square Edge,,,,,,,,,,,,,,,,,,,,,,,,,,,,,,,,,,,,,,,,,,,,,,,,,,,,,,,,,,,,,,,,,,,,,,,,,,,,,,,,,,,,,,,,,,,,,,,,,,,,,,,,,,,,,,,,,,,,,,,,,,,,,,,,,,,,,,,,,,,,,,,,,,30103600,,,,,,,,,,,,,,,,,,,,,,,,,,,,,,,,,,,,,,,,,,,
https://,,,,,,,,,,,543141016,1nx6-16' Rainier Sq Edge - Trex Transcend Lineage Decking,TREX,,,U S Lumber (3073),Trex,Trex,Trex,543141016,,Building Materials>Decking & Fencing>Composite Decking,"Trex, decking, Trex Transcend Lineage, 543141016, 1x6-16 ft, Rainier, Square Edge",DECKING 1X6-16FT RAINIER SQUAREEDGE,"Trex Trex Transcend Lineage 543141016 decking, Rainier","Trex decking, Trex Transcend Lineage, 1x6-16 ft Dimensions, Rainier, Square Edge","Trex Transcend Lineage decking, 1x6-16 ft, Rainier, Square Edge","Trex Transcend Lineage decking, 1x6-16 ft, Rainier, Square Edge",,,,,,,,,,,,,,,,,,,,,,,,,,,Dimensions,1x6-16,ft,Color,Rainier,,Edge Profile,Square Edge,,,,,,,,,,,,,,,,,,,,,,,,,,,,,,,,,,,,,,,,,,,,,,,,,,,,,,,,,,,,,,,,,,,,,,,,,,,,,,,,,,,,,,,,,,,,,,,,,,,,,,,,,,,,,,,,,,,,,,,,,,,,,,,,,,,,,,,,,,,,,,,,,,30103600,,,,,,,,,,,,,,,,,,,,,,,,,,,,,,,,,,,,,,,,,,,
https://,,,,,,,,,,,543141020,1nx6-20' Rainier Sq Edge - Trex Transcend Lineage Decking,TREX,,,U S Lumber (3073),Trex,Trex,Trex,543141020,,Building Materials>Decking & Fencing>Composite Decking,"Trex, decking, Trex Transcend Lineage, 543141020, 1x6-20 ft, Rainier, Square Edge",DECKING 1X6-20FT RAINIER SQUAREEDGE,"Trex Trex Transcend Lineage 543141020 decking, Rainier","Trex decking, Trex Transcend Lineage, 1x6-20 ft Dimensions, Rainier, Square Edge","Trex Transcend Lineage decking, 1x6-20 ft, Rainier, Square Edge","Trex Transcend Lineage decking, 1x6-20 ft, Rainier, Square Edge",,,,,,,,,,,,,,,,,,,,,,,,,,,Dimensions,1x6-20,ft,Color,Rainier,,Edge Profile,Square Edge,,,,,,,,,,,,,,,,,,,,,,,,,,,,,,,,,,,,,,,,,,,,,,,,,,,,,,,,,,,,,,,,,,,,,,,,,,,,,,,,,,,,,,,,,,,,,,,,,,,,,,,,,,,,,,,,,,,,,,,,,,,,,,,,,,,,,,,,,,,,,,,,,,30103600,,,,,,,,,,,,,,,,,,,,,,,,,,,,,,,,,,,,,,,,,,,
https://,,,,,,,,,,,543140412,1nx6-12' Biscayne Grooved - Trex Transcend Lineage Decking,TREX,,,U S Lumber (3073),Trex,Trex,Trex,543140412,,Building Materials>Decking & Fencing>Composite Decking,"Trex, decking, Trex Transcend Lineage, 543140412, 1x6-12 ft, Biscayne, Grooved",DECKING 1X6-12FT BISCAYNE GROOVED,"Trex Trex Transcend Lineage 543140412 decking, Biscayne","Trex decking, Trex Transcend Lineage, 1x6-12 ft Dimensions, Biscayne, Grooved","Trex Transcend Lineage decking, 1x6-12 ft, Biscayne, Grooved","Trex Transcend Lineage decking, 1x6-12 ft, Biscayne, Grooved",,,,,,,,,,,,,,,,,,,,,,,,,,,Dimensions,1x6-12,ft,Color,Biscayne,,Edge Profile,Grooved,,,,,,,,,,,,,,,,,,,,,,,,,,,,,,,,,,,,,,,,,,,,,,,,,,,,,,,,,,,,,,,,,,,,,,,,,,,,,,,,,,,,,,,,,,,,,,,,,,,,,,,,,,,,,,,,,,,,,,,,,,,,,,,,,,,,,,,,,,,,,,,,,,30103600,,,,,,,,,,,,,,,,,,,,,,,,,,,,,,,,,,,,,,,,,,,
https://,,,,,,,,,,,543140416,1nx6-16' Biscayne Grooved - Trex Transcend Lineage Decking,TREX,,,U S Lumber (3073),Trex,Trex,Trex,543140416,,Building Materials>Decking & Fencing>Composite Decking,"Trex, decking, Trex Transcend Lineage, 543140416, 1x6-16 ft, Biscayne, Grooved",DECKING 1X6-16FT BISCAYNE GROOVED,"Trex Trex Transcend Lineage 543140416 decking, Biscayne","Trex decking, Trex Transcend Lineage, 1x6-16 ft Dimensions, Biscayne, Grooved","Trex Transcend Lineage decking, 1x6-16 ft, Biscayne, Grooved","Trex Transcend Lineage decking, 1x6-16 ft, Biscayne, Grooved",,,,,,,,,,,,,,,,,,,,,,,,,,,Dimensions,1x6-16,ft,Color,Biscayne,,Edge Profile,Grooved,,,,,,,,,,,,,,,,,,,,,,,,,,,,,,,,,,,,,,,,,,,,,,,,,,,,,,,,,,,,,,,,,,,,,,,,,,,,,,,,,,,,,,,,,,,,,,,,,,,,,,,,,,,,,,,,,,,,,,,,,,,,,,,,,,,,,,,,,,,,,,,,,,30103600,,,,,,,,,,,,,,,,,,,,,,,,,,,,,,,,,,,,,,,,,,,
https://,,,,,,,,,,,543140420,1nx6-20' Biscayne Grooved - Trex Transcend Lineage Decking,TREX,,,U S Lumber (3073),Trex,Trex,Trex,543140420,,Building Materials>Decking & Fencing>Composite Decking,"Trex, decking, Trex Transcend Lineage, 543140420, 1x6-20 ft, Biscayne, Grooved",DECKING 1X6-20FT BISCAYNE GROOVED,"Trex Trex Transcend Lineage 543140420 decking, Biscayne","Trex decking, Trex Transcend Lineage, 1x6-20 ft Dimensions, Biscayne, Grooved","Trex Transcend Lineage decking, 1x6-20 ft, Biscayne, Grooved","Trex Transcend Lineage decking, 1x6-20 ft, Biscayne, Grooved",,,,,,,,,,,,,,,,,,,,,,,,,,,Dimensions,1x6-20,ft,Color,Biscayne,,Edge Profile,Grooved,,,,,,,,,,,,,,,,,,,,,,,,,,,,,,,,,,,,,,,,,,,,,,,,,,,,,,,,,,,,,,,,,,,,,,,,,,,,,,,,,,,,,,,,,,,,,,,,,,,,,,,,,,,,,,,,,,,,,,,,,,,,,,,,,,,,,,,,,,,,,,,,,,30103600,,,,,,,,,,,,,,,,,,,,,,,,,,,,,,,,,,,,,,,,,,,
https://,,,,,,,,,,,1513719,1nx6-12' Honey Grove Grooved - Trex Enhance Naturals Decking,TREX,,,Boise Cascade Building Materials (BOICA),Boise Cascade Building Materials,Trex,Trex,1513719,,Building Materials>Lumber & Composites>Decking,"Boise Cascade Building Materials Trex, decking, Enhance Naturals, 1513719",DECKING 1X6-12'FT HONEYGROVE GROOVED,Trex Enhance Naturals 1513719 decking,"Trex decking, Enhance Naturals, 1x6-12' ft dimensions, Honey Grove, Grooved","Enhance Naturals decking, 1x6-12' ft, Honey Grove, Grooved","Enhance Naturals decking, 1x6-12' ft, Honey Grove, Grooved",,,,,,,,,,,,,,,,,,,,,,,,,,,dimensions,1x6-12',ft,color,Honey Grove,,edge type,Grooved,,,,,,,,,,,,,,,,,,,,,,,,,,,,,,,,,,,,,,,,,,,,,,,,,,,,,,,,,,,,,,,,,,,,,,,,,,,,,,,,,,,,,,,,,,,,,,,,,,,,,,,,,,,,,,,,,,,,,,,,,,,,,,,,,,,,,,,,,,,,,,,,,,30103610,,,,,,,,,,,,,,,,,,,,,,,,,,,,,,,,,,,,,,,,,,,
https://,,,,,,,,,,,1513720,1nx6-16' Honey Grove Grooved - Trex Enhance Naturals Decking,TREX,,,Boise Cascade Building Materials (BOICA),Boise Cascade Building Materials,Trex,Trex,1513720,,Building Materials>Lumber & Composites>Decking,"Boise Cascade Building Materials Trex, decking, Enhance Naturals, 1513720",DECKING 1X6-16'FT HONEYGROVE GROOVED,Trex Enhance Naturals 1513720 decking,"Trex decking, Enhance Naturals, 1x6-16' ft dimensions, Honey Grove, Grooved","Enhance Naturals decking, 1x6-16' ft, Honey Grove, Grooved","Enhance Naturals decking, 1x6-16' ft, Honey Grove, Grooved",,,,,,,,,,,,,,,,,,,,,,,,,,,dimensions,1x6-16',ft,color,Honey Grove,,edge type,Grooved,,,,,,,,,,,,,,,,,,,,,,,,,,,,,,,,,,,,,,,,,,,,,,,,,,,,,,,,,,,,,,,,,,,,,,,,,,,,,,,,,,,,,,,,,,,,,,,,,,,,,,,,,,,,,,,,,,,,,,,,,,,,,,,,,,,,,,,,,,,,,,,,,,30103610,,,,,,,,,,,,,,,,,,,,,,,,,,,,,,,,,,,,,,,,,,,
https://,,,,,,,,,,,1513721,1nx6-20' Honey Grove Grooved - Trex Enhance Naturals Decking,TREX,,,Boise Cascade Building Materials (BOICA),Boise Cascade Building Materials,Trex,Trex,1513721,,Building Materials>Lumber & Composites>Decking,"Boise Cascade Building Materials Trex, decking, Enhance Naturals, 1513721",DECKING 1X6-20'FT HONEYGROVE GROOVED,Trex Enhance Naturals 1513721 decking,"Trex decking, Enhance Naturals, 1x6-20' ft dimensions, Honey Grove, Grooved","Enhance Naturals decking, 1x6-20' ft, Honey Grove, Grooved","Enhance Naturals decking, 1x6-20' ft, Honey Grove, Grooved",,,,,,,,,,,,,,,,,,,,,,,,,,,dimensions,1x6-20',ft,color,Honey Grove,,edge type,Grooved,,,,,,,,,,,,,,,,,,,,,,,,,,,,,,,,,,,,,,,,,,,,,,,,,,,,,,,,,,,,,,,,,,,,,,,,,,,,,,,,,,,,,,,,,,,,,,,,,,,,,,,,,,,,,,,,,,,,,,,,,,,,,,,,,,,,,,,,,,,,,,,,,,30103610,,,,,,,,,,,,,,,,,,,,,,,,,,,,,,,,,,,,,,,,,,,
https://,,,,,,,,,,,1513724,1nx6-16' Tide Pool Sq Edge - Trex Enhance Basics Decking,TREX,,,Boise Cascade Building Materials (BOICA),Boise Cascade Building Materials,Trex,Trex,1513724,,Building Materials>Lumber & Composites>Decking,"Boise Cascade Building Materials Trex, decking, Enhance Basics, 1513724",DECKING 1X6-16'FT TIDEPOOL SQEDGE,Trex Enhance Basics 1513724 decking,"Trex decking, Enhance Basics, 1x6-16' ft dimensions, Tide Pool, Sq Edge","Enhance Basics decking, 1x6-16' ft, Tide Pool, Sq Edge","Enhance Basics decking, 1x6-16' ft, Tide Pool, Sq Edge",,,,,,,,,,,,,,,,,,,,,,,,,,,dimensions,1x6-16',ft,color,Tide Pool,,edge type,Sq Edge,,,,,,,,,,,,,,,,,,,,,,,,,,,,,,,,,,,,,,,,,,,,,,,,,,,,,,,,,,,,,,,,,,,,,,,,,,,,,,,,,,,,,,,,,,,,,,,,,,,,,,,,,,,,,,,,,,,,,,,,,,,,,,,,,,,,,,,,,,,,,,,,,,30103610,,,,,,,,,,,,,,,,,,,,,,,,,,,,,,,,,,,,,,,,,,,
https://,,,,,,,,,,,1513725,1nx6-20' Tide Pool Sq Edge - Trex Enhance Basics Decking,TREX,,,Boise Cascade Building Materials (BOICA),Boise Cascade Building Materials,Trex,Trex,1513725,,Building Materials>Lumber & Composites>Decking,"Boise Cascade Building Materials Trex, decking, Enhance Basics, 1513725",DECKING 1X6-20'FT TIDEPOOL SQEDGE,Trex Enhance Basics 1513725 decking,"Trex decking, Enhance Basics, 1x6-20' ft dimensions, Tide Pool, Sq Edge","Enhance Basics decking, 1x6-20' ft, Tide Pool, Sq Edge","Enhance Basics decking, 1x6-20' ft, Tide Pool, Sq Edge",,,,,,,,,,,,,,,,,,,,,,,,,,,dimensions,1x6-20',ft,color,Tide Pool,,edge type,Sq Edge,,,,,,,,,,,,,,,,,,,,,,,,,,,,,,,,,,,,,,,,,,,,,,,,,,,,,,,,,,,,,,,,,,,,,,,,,,,,,,,,,,,,,,,,,,,,,,,,,,,,,,,,,,,,,,,,,,,,,,,,,,,,,,,,,,,,,,,,,,,,,,,,,,30103610,,,,,,,,,,,,,,,,,,,,,,,,,,,,,,,,,,,,,,,,,,,
https://,,,,,,,,,,,1513726,1nx6-12' Tide Pool Grooved - Trex Enhance Basics Decking,TREX,,,Boise Cascade Building Materials (BOICA),Boise Cascade Building Materials,Trex,Trex,1513726,,Building Materials>Lumber & Composites>Decking,"Boise Cascade Building Materials Trex, decking, Enhance Basics, 1513726",DECKING 1X6-12'FT TIDEPOOL GROOVED,Trex Enhance Basics 1513726 decking,"Trex decking, Enhance Basics, 1x6-12' ft dimensions, Tide Pool, Grooved","Enhance Basics decking, 1x6-12' ft, Tide Pool, Grooved","Enhance Basics decking, 1x6-12' ft, Tide Pool, Grooved",,,,,,,,,,,,,,,,,,,,,,,,,,,dimensions,1x6-12',ft,color,Tide Pool,,edge type,Grooved,,,,,,,,,,,,,,,,,,,,,,,,,,,,,,,,,,,,,,,,,,,,,,,,,,,,,,,,,,,,,,,,,,,,,,,,,,,,,,,,,,,,,,,,,,,,,,,,,,,,,,,,,,,,,,,,,,,,,,,,,,,,,,,,,,,,,,,,,,,,,,,,,,30103610,,,,,,,,,,,,,,,,,,,,,,,,,,,,,,,,,,,,,,,,,,,
https://,,,,,,,,,,,1513727,1nx6-16' Tide Pool Grooved - Trex Enhance Basics Decking,TREX,,,Boise Cascade Building Materials (BOICA),Boise Cascade Building Materials,Trex,Trex,1513727,,Building Materials>Lumber & Composites>Decking,"Boise Cascade Building Materials Trex, decking, Enhance Basics, 1513727",DECKING 1X6-16'FT TIDEPOOL GROOVED,Trex Enhance Basics 1513727 decking,"Trex decking, Enhance Basics, 1x6-16' ft dimensions, Tide Pool, Grooved","Enhance Basics decking, 1x6-16' ft, Tide Pool, Grooved","Enhance Basics decking, 1x6-16' ft, Tide Pool, Grooved",,,,,,,,,,,,,,,,,,,,,,,,,,,dimensions,1x6-16',ft,color,Tide Pool,,edge type,Grooved,,,,,,,,,,,,,,,,,,,,,,,,,,,,,,,,,,,,,,,,,,,,,,,,,,,,,,,,,,,,,,,,,,,,,,,,,,,,,,,,,,,,,,,,,,,,,,,,,,,,,,,,,,,,,,,,,,,,,,,,,,,,,,,,,,,,,,,,,,,,,,,,,,30103610,,,,,,,,,,,,,,,,,,,,,,,,,,,,,,,,,,,,,,,,,,,
https://,,,,,,,,,,,1513728,1nx6-20' Tide Pool Grooved - Trex Enhance Basics Decking,TREX,,,Boise Cascade Building Materials (BOICA),Boise Cascade Building Materials,Trex,Trex,1513728,,Building Materials>Lumber & Composites>Decking,"Boise Cascade Building Materials Trex, decking, Enhance Basics, 1513728",DECKING 1X6-20'FT TIDEPOOL GROOVED,Trex Enhance Basics 1513728 decking,"Trex decking, Enhance Basics, 1x6-20' ft dimensions, Tide Pool, Grooved","Enhance Basics decking, 1x6-20' ft, Tide Pool, Grooved","Enhance Basics decking, 1x6-20' ft, Tide Pool, Grooved",,,,,,,,,,,,,,,,,,,,,,,,,,,dimensions,1x6-20',ft,color,Tide Pool,,edge type,Grooved,,,,,,,,,,,,,,,,,,,,,,,,,,,,,,,,,,,,,,,,,,,,,,,,,,,,,,,,,,,,,,,,,,,,,,,,,,,,,,,,,,,,,,,,,,,,,,,,,,,,,,,,,,,,,,,,,,,,,,,,,,,,,,,,,,,,,,,,,,,,,,,,,,30103610,,,,,,,,,,,,,,,,,,,,,,,,,,,,,,,,,,,,,,,,,,,
https://,,,,,,,,,,,ADR5117512WT,1x12-12' Weathered Teak - Vintage Azek PVC Fascia,TIMBERTECH,,,Parksite (6151),Parksite,Azek,Azek,ADR5117512WT,,Building Materials>Decking & Fencing>Decking Fascia & Trim,"Parksite Azek, PVC Fascia, Vintage, ADR5117512WT, 1x12-12' ft, Weathered Teak",PVC FASCIA 1X12-12'FT WEATHEREDTEAK,"Azek Vintage ADR5117512WT PVC Fascia, Weathered Teak","Azek PVC Fascia, Vintage, 1x12-12' ft Dimensions, Weathered Teak","Vintage PVC Fascia, 1x12-12' ft, Weathered Teak","Vintage PVC Fascia, 1x12-12' ft, Weathered Teak",,,,,,,,,,,,,,,,,,,,,,,,,,,Dimensions,1x12-12',ft,Color,Weathered Teak,,,,,,,,,,,,,,,,,,,,,,,,,,,,,,,,,,,,,,,,,,,,,,,,,,,,,,,,,,,,,,,,,,,,,,,,,,,,,,,,,,,,,,,,,,,,,,,,,,,,,,,,,,,,,,,,,,,,,,,,,,,,,,,,,,,,,,,,,,,,,,,,,,,,,30103600,,,,,,,,,,,,,,,,,,,,,,,,,,,,,,,,,,,,,,,,,,,
https://,,,,,,,,,,,ADR5117512AW,1x12-12' American Walnut - Landmark Azek PVC Fascia,TIMBERTECH,,,Parksite (6151),Parksite,Azek,Azek,ADR5117512AW,,Building Materials>Decking & Fencing>Decking Fascia & Trim,"Parksite Azek, PVC Fascia, Landmark, ADR5117512AW, 1x12-12' ft, American Walnut",PVC FASCIA 1X12-12'FT AMERICANWALNUT,"Azek Landmark ADR5117512AW PVC Fascia, American Walnut","Azek PVC Fascia, Landmark, 1x12-12' ft Dimensions, American Walnut","Landmark PVC Fascia, 1x12-12' ft, American Walnut","Landmark PVC Fascia, 1x12-12' ft, American Walnut",,,,,,,,,,,,,,,,,,,,,,,,,,,Dimensions,1x12-12',ft,Color,American Walnut,,,,,,,,,,,,,,,,,,,,,,,,,,,,,,,,,,,,,,,,,,,,,,,,,,,,,,,,,,,,,,,,,,,,,,,,,,,,,,,,,,,,,,,,,,,,,,,,,,,,,,,,,,,,,,,,,,,,,,,,,,,,,,,,,,,,,,,,,,,,,,,,,,,,,30103600,,,,,,,,,,,,,,,,,,,,,,,,,,,,,,,,,,,,,,,,,,,
https://,,,,,,,,,,,ADR5117512CG,1x12-12' Castle Gate - Landmark Azek PVC Fascia,TIMBERTECH,,,Parksite (6151),Parksite,Azek,Azek,ADR5117512CG,,Building Materials>Decking & Fencing>Decking Fascia & Trim,"Parksite Azek, PVC Fascia, Landmark, ADR5117512CG, 1x12-12' ft, Castle Gate",PVC FASCIA 1X12-12'FT CASTLEGATE,"Azek Landmark ADR5117512CG PVC Fascia, Castle Gate","Azek PVC Fascia, Landmark, 1x12-12' ft Dimensions, Castle Gate","Landmark PVC Fascia, 1x12-12' ft, Castle Gate","Landmark PVC Fascia, 1x12-12' ft, Castle Gate",,,,,,,,,,,,,,,,,,,,,,,,,,,Dimensions,1x12-12',ft,Color,Castle Gate,,,,,,,,,,,,,,,,,,,,,,,,,,,,,,,,,,,,,,,,,,,,,,,,,,,,,,,,,,,,,,,,,,,,,,,,,,,,,,,,,,,,,,,,,,,,,,,,,,,,,,,,,,,,,,,,,,,,,,,,,,,,,,,,,,,,,,,,,,,,,,,,,,,,,30103600,,,,,,,,,,,,,,,,,,,,,,,,,,,,,,,,,,,,,,,,,,,
https://,,,,,,,,,,,ADR5117512FW,1x12-12' French White Oak - Landmark Azek PVC Fascia,TIMBERTECH,,,Parksite (6151),Parksite,Azek,Azek,ADR5117512FW,,Building Materials>Decking & Fencing>Decking Fascia & Trim,"Parksite Azek, PVC Fascia, Landmark, ADR5117512FW, 1x12-12' ft, French White Oak",PVC FASCIA 1X12-12'FT FRENCHWHITEOAK,"Azek Landmark ADR5117512FW PVC Fascia, French White Oak","Azek PVC Fascia, Landmark, 1x12-12' ft Dimensions, French White Oak","Landmark PVC Fascia, 1x12-12' ft, French White Oak","Landmark PVC Fascia, 1x12-12' ft, French White Oak",,,,,,,,,,,,,,,,,,,,,,,,,,,Dimensions,1x12-12',ft,Color,French White Oak,,,,,,,,,,,,,,,,,,,,,,,,,,,,,,,,,,,,,,,,,,,,,,,,,,,,,,,,,,,,,,,,,,,,,,,,,,,,,,,,,,,,,,,,,,,,,,,,,,,,,,,,,,,,,,,,,,,,,,,,,,,,,,,,,,,,,,,,,,,,,,,,,,,,,30103600,,,,,,,,,,,,,,,,,,,,,,,,,,,,,,,,,,,,,,,,,,,
https://,,,,,,,,,,,1508395,1x8-12' Brownstone - Harvest Azek PVC Fascia,TIMBERTECH,,,Parksite (6151),Parksite,Azek,Azek,1508395,,Building Materials>Decking & Fencing>Decking Fascia & Trim,"Parksite Azek, PVC Fascia, Harvest, 1508395, 1x8-12' ft, Brownstone",PVC FASCIA 1X8-12'FT BROWNSTONE,"Azek Harvest 1508395 PVC Fascia, Brownstone","Azek PVC Fascia, Harvest, 1x8-12' ft Dimensions, Brownstone","Harvest PVC Fascia, 1x8-12' ft, Brownstone","Harvest PVC Fascia, 1x8-12' ft, Brownstone",,,,,,,,,,,,,,,,,,,,,,,,,,,Dimensions,1x8-12',ft,Color,Brownstone,,,,,,,,,,,,,,,,,,,,,,,,,,,,,,,,,,,,,,,,,,,,,,,,,,,,,,,,,,,,,,,,,,,,,,,,,,,,,,,,,,,,,,,,,,,,,,,,,,,,,,,,,,,,,,,,,,,,,,,,,,,,,,,,,,,,,,,,,,,,,,,,,,,,,30103600,,,,,,,,,,,,,,,,,,,,,,,,,,,,,,,,,,,,,,,,,,,
https://,,,,,,,,,,,1508396,1x8-12' Slate Gray - Harvest Azek PVC Fascia,TIMBERTECH,,,Parksite (6151),Parksite,Azek,Azek,1508396,,Building Materials>Decking & Fencing>Decking Fascia & Trim,"Parksite Azek, PVC Fascia, Harvest, 1508396, 1x8-12' ft, Slate Gray",PVC FASCIA 1X8-12'FT SLATEGRAY,"Azek Harvest 1508396 PVC Fascia, Slate Gray","Azek PVC Fascia, Harvest, 1x8-12' ft Dimensions, Slate Gray","Harvest PVC Fascia, 1x8-12' ft, Slate Gray","Harvest PVC Fascia, 1x8-12' ft, Slate Gray",,,,,,,,,,,,,,,,,,,,,,,,,,,Dimensions,1x8-12',ft,Color,Slate Gray,,,,,,,,,,,,,,,,,,,,,,,,,,,,,,,,,,,,,,,,,,,,,,,,,,,,,,,,,,,,,,,,,,,,,,,,,,,,,,,,,,,,,,,,,,,,,,,,,,,,,,,,,,,,,,,,,,,,,,,,,,,,,,,,,,,,,,,,,,,,,,,,,,,,,30103600,,,,,,,,,,,,,,,,,,,,,,,,,,,,,,,,,,,,,,,,,,,
https://,,,,,,,,,,,ADCR5117512BS,1x12-12' Brownstone - Harvest Azek PVC Fascia,TIMBERTECH,,,Parksite (6151),Parksite,Azek,Azek,ADCR5117512BS,,Building Materials>Decking & Fencing>Decking Fascia & Trim,"Parksite Azek, PVC Fascia, Harvest, ADCR5117512BS, 1x12-12' ft, Brownstone",PVC FASCIA 1X12-12'FT BROWNSTONE,"Azek Harvest ADCR5117512BS PVC Fascia, Brownstone","Azek PVC Fascia, Harvest, 1x12-12' ft Dimensions, Brownstone","Harvest PVC Fascia, 1x12-12' ft, Brownstone","Harvest PVC Fascia, 1x12-12' ft, Brownstone",,,,,,,,,,,,,,,,,,,,,,,,,,,Dimensions,1x12-12',ft,Color,Brownstone,,,,,,,,,,,,,,,,,,,,,,,,,,,,,,,,,,,,,,,,,,,,,,,,,,,,,,,,,,,,,,,,,,,,,,,,,,,,,,,,,,,,,,,,,,,,,,,,,,,,,,,,,,,,,,,,,,,,,,,,,,,,,,,,,,,,,,,,,,,,,,,,,,,,,30103600,,,,,,,,,,,,,,,,,,,,,,,,,,,,,,,,,,,,,,,,,,,
https://,,,,,,,,,,,ADCR5117512SG,1x12-12' Slate Gray - Harvest Azek PVC Fascia,TIMBERTECH,,,Parksite (6151),Parksite,Azek,Azek,ADCR5117512SG,,Building Materials>Decking & Fencing>Decking Fascia & Trim,"Parksite Azek, PVC Fascia, Harvest, ADCR5117512SG, 1x12-12' ft, Slate Gray",PVC FASCIA 1X12-12'FT SLATEGRAY,"Azek Harvest ADCR5117512SG PVC Fascia, Slate Gray","Azek PVC Fascia, Harvest, 1x12-12' ft Dimensions, Slate Gray","Harvest PVC Fascia, 1x12-12' ft, Slate Gray","Harvest PVC Fascia, 1x12-12' ft, Slate Gray",,,,,,,,,,,,,,,,,,,,,,,,,,,Dimensions,1x12-12',ft,Color,Slate Gray,,,,,,,,,,,,,,,,,,,,,,,,,,,,,,,,,,,,,,,,,,,,,,,,,,,,,,,,,,,,,,,,,,,,,,,,,,,,,,,,,,,,,,,,,,,,,,,,,,,,,,,,,,,,,,,,,,,,,,,,,,,,,,,,,,,,,,,,,,,,,,,,,,,,,30103600,,,,,,,,,,,,,,,,,,,,,,,,,,,,,,,,,,,,,,,,,,,
https://,,,,,,,,,,,543140908,1x8-12' Biscayne - Trex Lineage,TREX,,,U S Lumber (3073),U S Lumber,Trex,Trex,543140908,,Building Materials>Decking & Fencing>Decking Fascia & Trim,"U S Lumber Trex, Decking board, Lineage, 543140908, 1x8-12' ft, Biscayne",DECKING BOARD 1X8-12'FT BISCAYNE,"Trex Lineage 543140908 Decking board, Biscayne","Trex Decking board, Lineage, 1x8-12' ft Dimensions, Biscayne","Lineage Decking board, 1x8-12' ft, Biscayne","Lineage Decking board, 1x8-12' ft, Biscayne",,,,,,,,,,,,,,,,,,,,,,,,,,,Dimensions,1x8-12',ft,Color,Biscayne,,,,,,,,,,,,,,,,,,,,,,,,,,,,,,,,,,,,,,,,,,,,,,,,,,,,,,,,,,,,,,,,,,,,,,,,,,,,,,,,,,,,,,,,,,,,,,,,,,,,,,,,,,,,,,,,,,,,,,,,,,,,,,,,,,,,,,,,,,,,,,,,,,,,,30103600,,,,,,,,,,,,,,,,,,,,,,,,,,,,,,,,,,,,,,,,,,,
https://,,,,,,,,,,,543142908,1x8-12' Carmel - Trex Lineage,TREX,,,U S Lumber (3073),U S Lumber,Trex,Trex,543142908,,Building Materials>Decking & Fencing>Decking Fascia & Trim,"U S Lumber Trex, Decking board, Lineage, 543142908, 1x8-12' ft, Carmel",DECKING BOARD 1X8-12'FT CARMEL,"Trex Lineage 543142908 Decking board, Carmel","Trex Decking board, Lineage, 1x8-12' ft Dimensions, Carmel","Lineage Decking board, 1x8-12' ft, Carmel","Lineage Decking board, 1x8-12' ft, Carmel",,,,,,,,,,,,,,,,,,,,,,,,,,,Dimensions,1x8-12',ft,Color,Carmel,,,,,,,,,,,,,,,,,,,,,,,,,,,,,,,,,,,,,,,,,,,,,,,,,,,,,,,,,,,,,,,,,,,,,,,,,,,,,,,,,,,,,,,,,,,,,,,,,,,,,,,,,,,,,,,,,,,,,,,,,,,,,,,,,,,,,,,,,,,,,,,,,,,,,30103600,,,,,,,,,,,,,,,,,,,,,,,,,,,,,,,,,,,,,,,,,,,
https://,,,,,,,,,,,543143908,1x8-12' Jasper - Trex Lineage,TREX,,,U S Lumber (3073),U S Lumber,Trex,Trex,543143908,,Building Materials>Decking & Fencing>Decking Fascia & Trim,"U S Lumber Trex, Decking board, Lineage, 543143908, 1x8-12' ft, Jasper",DECKING BOARD 1X8-12'FT JASPER,"Trex Lineage 543143908 Decking board, Jasper","Trex Decking board, Lineage, 1x8-12' ft Dimensions, Jasper","Lineage Decking board, 1x8-12' ft, Jasper","Lineage Decking board, 1x8-12' ft, Jasper",,,,,,,,,,,,,,,,,,,,,,,,,,,Dimensions,1x8-12',ft,Color,Jasper,,,,,,,,,,,,,,,,,,,,,,,,,,,,,,,,,,,,,,,,,,,,,,,,,,,,,,,,,,,,,,,,,,,,,,,,,,,,,,,,,,,,,,,,,,,,,,,,,,,,,,,,,,,,,,,,,,,,,,,,,,,,,,,,,,,,,,,,,,,,,,,,,,,,,30103600,,,,,,,,,,,,,,,,,,,,,,,,,,,,,,,,,,,,,,,,,,,
https://,,,,,,,,,,,543140912,1x12-12' Biscayne - Trex Lineage,TREX,,,U S Lumber (3073),U S Lumber,Trex,Trex,543140912,,Building Materials>Decking & Fencing>Decking Fascia & Trim,"U S Lumber Trex, Decking board, Lineage, 543140912, 1x12-12' ft, Biscayne",DECKING BOARD 1X12-12'FT BISCAYNE,"Trex Lineage 543140912 Decking board, Biscayne","Trex Decking board, Lineage, 1x12-12' ft Dimensions, Biscayne","Lineage Decking board, 1x12-12' ft, Biscayne","Lineage Decking board, 1x12-12' ft, Biscayne",,,,,,,,,,,,,,,,,,,,,,,,,,,Dimensions,1x12-12',ft,Color,Biscayne,,,,,,,,,,,,,,,,,,,,,,,,,,,,,,,,,,,,,,,,,,,,,,,,,,,,,,,,,,,,,,,,,,,,,,,,,,,,,,,,,,,,,,,,,,,,,,,,,,,,,,,,,,,,,,,,,,,,,,,,,,,,,,,,,,,,,,,,,,,,,,,,,,,,,30103600,,,,,,,,,,,,,,,,,,,,,,,,,,,,,,,,,,,,,,,,,,,
https://,,,,,,,,,,,543142912,1x12-12' Carmel - Trex Lineage,TREX,,,U S Lumber (3073),U S Lumber,Trex,Trex,543142912,,Building Materials>Decking & Fencing>Decking Fascia & Trim,"U S Lumber Trex, Decking board, Lineage, 543142912, 1x12-12' ft, Carmel",DECKING BOARD 1X12-12'FT CARMEL,"Trex Lineage 543142912 Decking board, Carmel","Trex Decking board, Lineage, 1x12-12' ft Dimensions, Carmel","Lineage Decking board, 1x12-12' ft, Carmel","Lineage Decking board, 1x12-12' ft, Carmel",,,,,,,,,,,,,,,,,,,,,,,,,,,Dimensions,1x12-12',ft,Color,Carmel,,,,,,,,,,,,,,,,,,,,,,,,,,,,,,,,,,,,,,,,,,,,,,,,,,,,,,,,,,,,,,,,,,,,,,,,,,,,,,,,,,,,,,,,,,,,,,,,,,,,,,,,,,,,,,,,,,,,,,,,,,,,,,,,,,,,,,,,,,,,,,,,,,,,,30103600,,,,,,,,,,,,,,,,,,,,,,,,,,,,,,,,,,,,,,,,,,,
https://,,,,,,,,,,,543143912,1x12-12' Jasper - Trex Lineage,TREX,,,U S Lumber (3073),U S Lumber,Trex,Trex,543143912,,Building Materials>Decking & Fencing>Decking Fascia & Trim,"U S Lumber Trex, Decking board, Lineage, 543143912, 1x12-12' ft, Jasper",DECKING BOARD 1X12-12'FT JASPER,"Trex Lineage 543143912 Decking board, Jasper","Trex Decking board, Lineage, 1x12-12' ft Dimensions, Jasper","Lineage Decking board, 1x12-12' ft, Jasper","Lineage Decking board, 1x12-12' ft, Jasper",,,,,,,,,,,,,,,,,,,,,,,,,,,Dimensions,1x12-12',ft,Color,Jasper,,,,,,,,,,,,,,,,,,,,,,,,,,,,,,,,,,,,,,,,,,,,,,,,,,,,,,,,,,,,,,,,,,,,,,,,,,,,,,,,,,,,,,,,,,,,,,,,,,,,,,,,,,,,,,,,,,,,,,,,,,,,,,,,,,,,,,,,,,,,,,,,,,,,,30103600,,,,,,,,,,,,,,,,,,,,,,,,,,,,,,,,,,,,,,,,,,,
https://,,,,,,,,,,,1513715,1x12-12' Hatteras - Trex Lineage,TREX,,,Boise Cascade Building Materials (BOICA),Boise Cascade Building Materials,Trex,Trex,1513715,,Building Materials>Decking & Fencing>Decking Fascia & Trim,"Boise Cascade Building Materials Trex, Decking board, Lineage, 1513715",DECKING BOARD 1X12-12'FT HATTERAS,"Trex Lineage 1513715 Decking board, Hatteras","Trex Decking board, Lineage, 1x12-12' ft Dimensions, Hatteras","Lineage Decking board, 1x12-12' ft, Hatteras","Lineage Decking board, 1x12-12' ft, Hatteras",,,,,,,,,,,,,,,,,,,,,,,,,,,Dimensions,1x12-12',ft,Color,Hatteras,,,,,,,,,,,,,,,,,,,,,,,,,,,,,,,,,,,,,,,,,,,,,,,,,,,,,,,,,,,,,,,,,,,,,,,,,,,,,,,,,,,,,,,,,,,,,,,,,,,,,,,,,,,,,,,,,,,,,,,,,,,,,,,,,,,,,,,,,,,,,,,,,,,,,30103600,,,,,,,,,,,,,,,,,,,,,,,,,,,,,,,,,,,,,,,,,,,
https://,,,,,,,,,,,1513716,1x12-12' Salt Flat - Trex Lineage,TREX,,,Boise Cascade Building Materials (BOICA),Boise Cascade Building Materials,Trex,Trex,1513716,,Building Materials>Decking & Fencing>Decking Fascia & Trim,"Boise Cascade Building Materials Trex, Decking board, Lineage, 1513716",DECKING BOARD 1X12-12'FT SALTFLAT,"Trex Lineage 1513716 Decking board, Salt Flat","Trex Decking board, Lineage, 1x12-12' ft Dimensions, Salt Flat","Lineage Decking board, 1x12-12' ft, Salt Flat","Lineage Decking board, 1x12-12' ft, Salt Flat",,,,,,,,,,,,,,,,,,,,,,,,,,,Dimensions,1x12-12',ft,Color,Salt Flat,,,,,,,,,,,,,,,,,,,,,,,,,,,,,,,,,,,,,,,,,,,,,,,,,,,,,,,,,,,,,,,,,,,,,,,,,,,,,,,,,,,,,,,,,,,,,,,,,,,,,,,,,,,,,,,,,,,,,,,,,,,,,,,,,,,,,,,,,,,,,,,,,,,,,30103600,,,,,,,,,,,,,,,,,,,,,,,,,,,,,,,,,,,,,,,,,,,
https://,,,,,,,,,,,1513722,1x8-12' Honey Grove - Trex Enhance Naturals Fascia,TREX,,,Boise Cascade Building Materials (BOICA),Boise Cascade Building Materials,Trex,Trex,1513722,,Building Materials>Decking & Fencing>Composite Decking Fascia,"Boise Cascade Building Materials Trex, fascia, Enhance Naturals, 1513722",FASCIA 1X8-12'FT HONEYGROVE,Trex Enhance Naturals 1513722 fascia,"Trex fascia, Enhance Naturals, 1x8-12' ft dimensions, Honey Grove","Enhance Naturals fascia, 1x8-12' ft, Honey Grove","Enhance Naturals fascia, 1x8-12' ft, Honey Grove",,,,,,,,,,,,,,,,,,,,,,,,,,,dimensions,1x8-12',ft,color,Honey Grove,,,,,,,,,,,,,,,,,,,,,,,,,,,,,,,,,,,,,,,,,,,,,,,,,,,,,,,,,,,,,,,,,,,,,,,,,,,,,,,,,,,,,,,,,,,,,,,,,,,,,,,,,,,,,,,,,,,,,,,,,,,,,,,,,,,,,,,,,,,,,,,,,,,,,30103615,,,,,,,,,,,,,,,,,,,,,,,,,,,,,,,,,,,,,,,,,,,
https://,,,,,,,,,,,1513723,1x12-12' Honey Grove - Trex Enhance Naturals Fascia,TREX,,,Boise Cascade Building Materials (BOICA),Boise Cascade Building Materials,Trex,Trex,1513723,,Building Materials>Decking & Fencing>Composite Decking Fascia,"Boise Cascade Building Materials Trex, fascia, Enhance Naturals, 1513723",FASCIA 1X12-12'FT HONEYGROVE,Trex Enhance Naturals 1513723 fascia,"Trex fascia, Enhance Naturals, 1x12-12' ft dimensions, Honey Grove","Enhance Naturals fascia, 1x12-12' ft, Honey Grove","Enhance Naturals fascia, 1x12-12' ft, Honey Grove",,,,,,,,,,,,,,,,,,,,,,,,,,,dimensions,1x12-12',ft,color,Honey Grove,,,,,,,,,,,,,,,,,,,,,,,,,,,,,,,,,,,,,,,,,,,,,,,,,,,,,,,,,,,,,,,,,,,,,,,,,,,,,,,,,,,,,,,,,,,,,,,,,,,,,,,,,,,,,,,,,,,,,,,,,,,,,,,,,,,,,,,,,,,,,,,,,,,,,30103615,,,,,,,,,,,,,,,,,,,,,,,,,,,,,,,,,,,,,,,,,,,
https://,,,,,,,,,,,1513729,1x8-12' Tide Pool - Trex Enhance Basics Fascia,TREX,,,Boise Cascade Building Materials (BOICA),Boise Cascade Building Materials,Trex,Trex,1513729,,Building Materials>Decking & Fencing>Composite Decking Fascia,"Boise Cascade Building Materials Trex, fascia, Enhance Basics, 1513729",FASCIA 1X8-12'FT TIDEPOOL,Trex Enhance Basics 1513729 fascia,"Trex fascia, Enhance Basics, 1x8-12' ft dimensions, Tide Pool","Enhance Basics fascia, 1x8-12' ft, Tide Pool","Enhance Basics fascia, 1x8-12' ft, Tide Pool",,,,,,,,,,,,,,,,,,,,,,,,,,,dimensions,1x8-12',ft,color,Tide Pool,,,,,,,,,,,,,,,,,,,,,,,,,,,,,,,,,,,,,,,,,,,,,,,,,,,,,,,,,,,,,,,,,,,,,,,,,,,,,,,,,,,,,,,,,,,,,,,,,,,,,,,,,,,,,,,,,,,,,,,,,,,,,,,,,,,,,,,,,,,,,,,,,,,,,30103615,,,,,,,,,,,,,,,,,,,,,,,,,,,,,,,,,,,,,,,,,,,
https://,,,,,,,,,,,1513730,1x12-12' Tide Pool - Trex Enhance Basics Fascia,TREX,,,Boise Cascade Building Materials (BOICA),Boise Cascade Building Materials,Trex,Trex,1513730,,Building Materials>Decking & Fencing>Composite Decking Fascia,"Boise Cascade Building Materials Trex, fascia, Enhance Basics, 1513730",FASCIA 1X12-12'FT TIDEPOOL,Trex Enhance Basics 1513730 fascia,"Trex fascia, Enhance Basics, 1x12-12' ft dimensions, Tide Pool","Enhance Basics fascia, 1x12-12' ft, Tide Pool","Enhance Basics fascia, 1x12-12' ft, Tide Pool",,,,,,,,,,,,,,,,,,,,,,,,,,,dimensions,1x12-12',ft,color,Tide Pool,,,,,,,,,,,,,,,,,,,,,,,,,,,,,,,,,,,,,,,,,,,,,,,,,,,,,,,,,,,,,,,,,,,,,,,,,,,,,,,,,,,,,,,,,,,,,,,,,,,,,,,,,,,,,,,,,,,,,,,,,,,,,,,,,,,,,,,,,,,,,,,,,,,,,30103615,,,,,,,,,,,,,,,,,,,,,,,,,,,,,,,,,,,,,,,,,,,
https://,,,,,,,,,,,543076916,1x8-12' Cinnamon Cove - Trex Enhance Naturals Fascia,TREX,,,Boise Cascade Building Materials (BOICA),Boise Cascade Building Materials,Trex,Trex,543076916,,Building Materials>Decking & Fencing>Composite Decking Fascia,"Boise Cascade Building Materials Trex, fascia, Enhance Naturals, 543076916",FASCIA 1X8-12'FT CINNAMONCOVE,Trex Enhance Naturals 543076916 fascia,"Trex fascia, Enhance Naturals, 1x8-12' ft dimensions, Cinnamon Cove","Enhance Naturals fascia, 1x8-12' ft, Cinnamon Cove","Enhance Naturals fascia, 1x8-12' ft, Cinnamon Cove",,,,,,,,,,,,,,,,,,,,,,,,,,,dimensions,1x8-12',ft,color,Cinnamon Cove,,,,,,,,,,,,,,,,,,,,,,,,,,,,,,,,,,,,,,,,,,,,,,,,,,,,,,,,,,,,,,,,,,,,,,,,,,,,,,,,,,,,,,,,,,,,,,,,,,,,,,,,,,,,,,,,,,,,,,,,,,,,,,,,,,,,,,,,,,,,,,,,,,,,,30103615,,,,,,,,,,,,,,,,,,,,,,,,,,,,,,,,,,,,,,,,,,,
https://,,,,,,,,,,,1516876,1x8-12' Golden Hour - Trex Enhance Naturals Fascia,TREX,,,Boise Cascade Building Materials (BOICA),Boise Cascade Building Materials,Trex,Trex,1516876,,Building Materials>Decking & Fencing>Composite Decking Fascia,"Boise Cascade Building Materials Trex, fascia, Enhance Naturals, 1516876",FASCIA 1X8-12'FT GOLDENHOUR,Trex Enhance Naturals 1516876 fascia,"Trex fascia, Enhance Naturals, 1x8-12' ft dimensions, Golden Hour","Enhance Naturals fascia, 1x8-12' ft, Golden Hour","Enhance Naturals fascia, 1x8-12' ft, Golden Hour",,,,,,,,,,,,,,,,,,,,,,,,,,,dimensions,1x8-12',ft,color,Golden Hour,,,,,,,,,,,,,,,,,,,,,,,,,,,,,,,,,,,,,,,,,,,,,,,,,,,,,,,,,,,,,,,,,,,,,,,,,,,,,,,,,,,,,,,,,,,,,,,,,,,,,,,,,,,,,,,,,,,,,,,,,,,,,,,,,,,,,,,,,,,,,,,,,,,,,30103615,,,,,,,,,,,,,,,,,,,,,,,,,,,,,,,,,,,,,,,,,,,
https://,,,,,,,,,,,543076936,1x12-12' Cinnamon Cove - Trex Enhance Naturals Fascia,TREX,,,Boise Cascade Building Materials (BOICA),Boise Cascade Building Materials,Trex,Trex,543076936,,Building Materials>Decking & Fencing>Composite Decking Fascia,"Boise Cascade Building Materials Trex, fascia, Enhance Naturals, 543076936",FASCIA 1X12-12'FT CINNAMONCOVE,Trex Enhance Naturals 543076936 fascia,"Trex fascia, Enhance Naturals, 1x12-12' ft dimensions, Cinnamon Cove","Enhance Naturals fascia, 1x12-12' ft, Cinnamon Cove","Enhance Naturals fascia, 1x12-12' ft, Cinnamon Cove",,,,,,,,,,,,,,,,,,,,,,,,,,,dimensions,1x12-12',ft,color,Cinnamon Cove,,,,,,,,,,,,,,,,,,,,,,,,,,,,,,,,,,,,,,,,,,,,,,,,,,,,,,,,,,,,,,,,,,,,,,,,,,,,,,,,,,,,,,,,,,,,,,,,,,,,,,,,,,,,,,,,,,,,,,,,,,,,,,,,,,,,,,,,,,,,,,,,,,,,,30103615,,,,,,,,,,,,,,,,,,,,,,,,,,,,,,,,,,,,,,,,,,,
https://,,,,,,,,,,,1516878,1x12-12' Golden Hour - Trex Enhance Naturals Fascia,TREX,,,Boise Cascade Building Materials (BOICA),Boise Cascade Building Materials,Trex,Trex,1516878,,Building Materials>Decking & Fencing>Composite Decking Fascia,"Boise Cascade Building Materials Trex, fascia, Enhance Naturals, 1516878",FASCIA 1X12-12'FT GOLDENHOUR,Trex Enhance Naturals 1516878 fascia,"Trex fascia, Enhance Naturals, 1x12-12' ft dimensions, Golden Hour","Enhance Naturals fascia, 1x12-12' ft, Golden Hour","Enhance Naturals fascia, 1x12-12' ft, Golden Hour",,,,,,,,,,,,,,,,,,,,,,,,,,,dimensions,1x12-12',ft,color,Golden Hour,,,,,,,,,,,,,,,,,,,,,,,,,,,,,,,,,,,,,,,,,,,,,,,,,,,,,,,,,,,,,,,,,,,,,,,,,,,,,,,,,,,,,,,,,,,,,,,,,,,,,,,,,,,,,,,,,,,,,,,,,,,,,,,,,,,,,,,,,,,,,,,,,,,,,30103615,,,,,,,,,,,,,,,,,,,,,,,,,,,,,,,,,,,,,,,,,,,
https://,,,,,,,,,,,1516884,1x8-12' Pebble Beach - Trex Enhance Basics Fascia,TREX,,,Boise Cascade Building Materials (BOICA),Boise Cascade Building Materials,Trex,Trex,1516884,,Building Materials>Decking & Fencing>Composite Decking Fascia,"Boise Cascade Building Materials Trex, fascia, Enhance Basics, 1516884",FASCIA 1X8-12'FT PEBBLEBEACH,"Trex Enhance Basics 1516884 fascia, Pebble Beach","Trex fascia, Enhance Basics, 1x8-12' ft Dimensions, Pebble Beach","Enhance Basics fascia, 1x8-12' ft, Pebble Beach","Enhance Basics fascia, 1x8-12' ft, Pebble Beach",,,,,,,,,,,,,,,,,,,,,,,,,,,Dimensions,1x8-12',ft,Color,Pebble Beach,,,,,,,,,,,,,,,,,,,,,,,,,,,,,,,,,,,,,,,,,,,,,,,,,,,,,,,,,,,,,,,,,,,,,,,,,,,,,,,,,,,,,,,,,,,,,,,,,,,,,,,,,,,,,,,,,,,,,,,,,,,,,,,,,,,,,,,,,,,,,,,,,,,,,30103615,,,,,,,,,,,,,,,,,,,,,,,,,,,,,,,,,,,,,,,,,,,
https://,,,,,,,,,,,1516885,1x12-12' Pebble Beach - Trex Enhance Basics Fascia,TREX,,,Boise Cascade Building Materials (BOICA),Boise Cascade Building Materials,Trex,Trex,1516885,,Building Materials>Decking & Fencing>Composite Decking Fascia,"Boise Cascade Building Materials Trex, fascia, Enhance Basics, 1516885",FASCIA 1X12-12'FT PEBBLEBEACH,"Trex Enhance Basics 1516885 fascia, Pebble Beach","Trex fascia, Enhance Basics, 1x12-12' ft Dimensions, Pebble Beach","Enhance Basics fascia, 1x12-12' ft, Pebble Beach","Enhance Basics fascia, 1x12-12' ft, Pebble Beach",,,,,,,,,,,,,,,,,,,,,,,,,,,Dimensions,1x12-12',ft,Color,Pebble Beach,,,,,,,,,,,,,,,,,,,,,,,,,,,,,,,,,,,,,,,,,,,,,,,,,,,,,,,,,,,,,,,,,,,,,,,,,,,,,,,,,,,,,,,,,,,,,,,,,,,,,,,,,,,,,,,,,,,,,,,,,,,,,,,,,,,,,,,,,,,,,,,,,,,,,30103615,,,,,,,,,,,,,,,,,,,,,,,,,,,,,,,,,,,,,,,,,,,
https://,,,,,,,,,,,543005916,1x8-12' Malted Barley - Trex Select 2.0 Fascia,TREX,,,Boise Cascade Building Materials (BOICA),Boise Cascade Building Materials,Trex,Trex,543005916,,Building Materials>Decking & Fencing>Composite Decking Fascia,"Boise Cascade Building Materials Trex, fascia, Select 2.0, 543005916",FASCIA 1X8-12'FT MALTEDBARLEY,"Trex Select 2.0 543005916 fascia, Malted Barley","Trex fascia, Select 2.0, 1x8-12' ft Dimensions, Malted Barley","Select 2.0 fascia, 1x8-12' ft, Malted Barley","Select 2.0 fascia, 1x8-12' ft, Malted Barley",,,,,,,,,,,,,,,,,,,,,,,,,,,Dimensions,1x8-12',ft,Color,Malted Barley,,,,,,,,,,,,,,,,,,,,,,,,,,,,,,,,,,,,,,,,,,,,,,,,,,,,,,,,,,,,,,,,,,,,,,,,,,,,,,,,,,,,,,,,,,,,,,,,,,,,,,,,,,,,,,,,,,,,,,,,,,,,,,,,,,,,,,,,,,,,,,,,,,,,,30103615,,,,,,,,,,,,,,,,,,,,,,,,,,,,,,,,,,,,,,,,,,,
https://,,,,,,,,,,,1516902,1x8-12' Millstone - Trex Select 2.0 Fascia,TREX,,,Boise Cascade Building Materials (BOICA),Boise Cascade Building Materials,Trex,Trex,1516902,,Building Materials>Decking & Fencing>Composite Decking Fascia,"Boise Cascade Building Materials Trex, fascia, Select 2.0, 1516902",FASCIA 1X8-12'FT MILLSTONE,"Trex Select 2.0 1516902 fascia, Millstone","Trex fascia, Select 2.0, 1x8-12' ft Dimensions, Millstone","Select 2.0 fascia, 1x8-12' ft, Millstone","Select 2.0 fascia, 1x8-12' ft, Millstone",,,,,,,,,,,,,,,,,,,,,,,,,,,Dimensions,1x8-12',ft,Color,Millstone,,,,,,,,,,,,,,,,,,,,,,,,,,,,,,,,,,,,,,,,,,,,,,,,,,,,,,,,,,,,,,,,,,,,,,,,,,,,,,,,,,,,,,,,,,,,,,,,,,,,,,,,,,,,,,,,,,,,,,,,,,,,,,,,,,,,,,,,,,,,,,,,,,,,,30103615,,,,,,,,,,,,,,,,,,,,,,,,,,,,,,,,,,,,,,,,,,,
https://,,,,,,,,,,,543007916,1x8-12' Whiskey Barrel - Trex Select 2.0 Fascia,TREX,,,Boise Cascade Building Materials (BOICA),Boise Cascade Building Materials,Trex,Trex,543007916,,Building Materials>Decking & Fencing>Composite Decking Fascia,"Boise Cascade Building Materials Trex, fascia, Select 2.0, 543007916",FASCIA 1X8-12'FT WHISKEYBARREL,"Trex Select 2.0 543007916 fascia, Whiskey Barrel","Trex fascia, Select 2.0, 1x8-12' ft Dimensions, Whiskey Barrel","Select 2.0 fascia, 1x8-12' ft, Whiskey Barrel","Select 2.0 fascia, 1x8-12' ft, Whiskey Barrel",,,,,,,,,,,,,,,,,,,,,,,,,,,Dimensions,1x8-12',ft,Color,Whiskey Barrel,,,,,,,,,,,,,,,,,,,,,,,,,,,,,,,,,,,,,,,,,,,,,,,,,,,,,,,,,,,,,,,,,,,,,,,,,,,,,,,,,,,,,,,,,,,,,,,,,,,,,,,,,,,,,,,,,,,,,,,,,,,,,,,,,,,,,,,,,,,,,,,,,,,,,30103615,,,,,,,,,,,,,,,,,,,,,,,,,,,,,,,,,,,,,,,,,,,
https://,,,,,,,,,,,543005936,1x12-12' Malted Barley - Trex Select 2.0 Fascia,TREX,,,Boise Cascade Building Materials (BOICA),Boise Cascade Building Materials,Trex,Trex,543005936,,Building Materials>Decking & Fencing>Composite Decking Fascia,"Boise Cascade Building Materials Trex, fascia, Select 2.0, 543005936",FASCIA 1X12-12'FT MALTEDBARLEY,"Trex Select 2.0 543005936 fascia, Malted Barley","Trex fascia, Select 2.0, 1x12-12' ft Dimensions, Malted Barley","Select 2.0 fascia, 1x12-12' ft, Malted Barley","Select 2.0 fascia, 1x12-12' ft, Malted Barley",,,,,,,,,,,,,,,,,,,,,,,,,,,Dimensions,1x12-12',ft,Color,Malted Barley,,,,,,,,,,,,,,,,,,,,,,,,,,,,,,,,,,,,,,,,,,,,,,,,,,,,,,,,,,,,,,,,,,,,,,,,,,,,,,,,,,,,,,,,,,,,,,,,,,,,,,,,,,,,,,,,,,,,,,,,,,,,,,,,,,,,,,,,,,,,,,,,,,,,,30103615,,,,,,,,,,,,,,,,,,,,,,,,,,,,,,,,,,,,,,,,,,,
https://,,,,,,,,,,,1516905,1x12-12' Millstone - Trex Select 2.0 Fascia,TREX,,,Boise Cascade Building Materials (BOICA),Boise Cascade Building Materials,Trex,Trex,1516905,,Building Materials>Decking & Fencing>Composite Decking Fascia,"Boise Cascade Building Materials Trex, fascia, Select 2.0, 1516905",FASCIA 1X12-12'FT MILLSTONE,"Trex Select 2.0 1516905 fascia, Millstone","Trex fascia, Select 2.0, 1x12-12' ft Dimensions, Millstone","Select 2.0 fascia, 1x12-12' ft, Millstone","Select 2.0 fascia, 1x12-12' ft, Millstone",,,,,,,,,,,,,,,,,,,,,,,,,,,Dimensions,1x12-12',ft,Color,Millstone,,,,,,,,,,,,,,,,,,,,,,,,,,,,,,,,,,,,,,,,,,,,,,,,,,,,,,,,,,,,,,,,,,,,,,,,,,,,,,,,,,,,,,,,,,,,,,,,,,,,,,,,,,,,,,,,,,,,,,,,,,,,,,,,,,,,,,,,,,,,,,,,,,,,,30103615,,,,,,,,,,,,,,,,,,,,,,,,,,,,,,,,,,,,,,,,,,,
https://,,,,,,,,,,,543007936,1x12-12' Whiskey Barrel - Trex Select 2.0 Fascia,TREX,,,Boise Cascade Building Materials (BOICA),Boise Cascade Building Materials,Trex,Trex,543007936,,Building Materials>Decking & Fencing>Composite Decking Fascia,"Boise Cascade Building Materials Trex, fascia, Select 2.0, 543007936",FASCIA 1X12-12'FT WHISKEYBARREL,"Trex Select 2.0 543007936 fascia, Whiskey Barrel","Trex fascia, Select 2.0, 1x12-12' ft Dimensions, Whiskey Barrel","Select 2.0 fascia, 1x12-12' ft, Whiskey Barrel","Select 2.0 fascia, 1x12-12' ft, Whiskey Barrel",,,,,,,,,,,,,,,,,,,,,,,,,,,Dimensions,1x12-12',ft,Color,Whiskey Barrel,,,,,,,,,,,,,,,,,,,,,,,,,,,,,,,,,,,,,,,,,,,,,,,,,,,,,,,,,,,,,,,,,,,,,,,,,,,,,,,,,,,,,,,,,,,,,,,,,,,,,,,,,,,,,,,,,,,,,,,,,,,,,,,,,,,,,,,,,,,,,,,,,,,,,30103615,,,,,,,,,,,,,,,,,,,,,,,,,,,,,,,,,,,,,,,,,,,
https://,,,,,,,,,,,543144908,1x8-12' Island Mist - Trex Lineage,TREX,,,U S Lumber (3073),"Trex Company, Inc.",Trex,Trex,543144908,,Building Materials>Decking & Fencing>Composite Decking Fascia,"Trex Company, Inc. Trex, fascia, Lineage, 543144908, 1x8-12' ft, Island Mist",FASCIA 1X8-12'FT ISLANDMIST,"Trex Lineage 543144908 fascia, Island Mist","Trex fascia, Lineage, 1x8-12' ft Dimensions, Island Mist","Lineage fascia, 1x8-12' ft, Island Mist","Lineage fascia, 1x8-12' ft, Island Mist",,,,,,,,,,,,,,,,,,,,,,,,,,,Dimensions,1x8-12',ft,Color,Island Mist,,,,,,,,,,,,,,,,,,,,,,,,,,,,,,,,,,,,,,,,,,,,,,,,,,,,,,,,,,,,,,,,,,,,,,,,,,,,,,,,,,,,,,,,,,,,,,,,,,,,,,,,,,,,,,,,,,,,,,,,,,,,,,,,,,,,,,,,,,,,,,,,,,,,,30103615,,,,,,,,,,,,,,,,,,,,,,,,,,,,,,,,,,,,,,,,,,,
https://,,,,,,,,,,,543141908,1x8-12' Rainier - Trex Lineage,TREX,,,U S Lumber (3073),"Trex Company, Inc.",Trex,Trex,543141908,,Building Materials>Decking & Fencing>Composite Decking Fascia,"Trex Company, Inc. Trex, fascia, Lineage, 543141908, 1x8-12' ft, Rainier",FASCIA 1X8-12'FT RAINIER,"Trex Lineage 543141908 fascia, Rainier","Trex fascia, Lineage, 1x8-12' ft Dimensions, Rainier","Lineage fascia, 1x8-12' ft, Rainier","Lineage fascia, 1x8-12' ft, Rainier",,,,,,,,,,,,,,,,,,,,,,,,,,,Dimensions,1x8-12',ft,Color,Rainier,,,,,,,,,,,,,,,,,,,,,,,,,,,,,,,,,,,,,,,,,,,,,,,,,,,,,,,,,,,,,,,,,,,,,,,,,,,,,,,,,,,,,,,,,,,,,,,,,,,,,,,,,,,,,,,,,,,,,,,,,,,,,,,,,,,,,,,,,,,,,,,,,,,,,30103615,,,,,,,,,,,,,,,,,,,,,,,,,,,,,,,,,,,,,,,,,,,
https://,,,,,,,,,,,543144912,1x12-12' Island Mist - Trex Lineage,TREX,,,U S Lumber (3073),"Trex Company, Inc.",Trex,Trex,543144912,,Building Materials>Decking & Fencing>Composite Decking Fascia,"Trex Company, Inc. Trex, fascia, Lineage, 543144912, 1x12-12' ft, Island Mist",FASCIA 1X12-12'FT ISLANDMIST,"Trex Lineage 543144912 fascia, Island Mist","Trex fascia, Lineage, 1x12-12' ft Dimensions, Island Mist","Lineage fascia, 1x12-12' ft, Island Mist","Lineage fascia, 1x12-12' ft, Island Mist",,,,,,,,,,,,,,,,,,,,,,,,,,,Dimensions,1x12-12',ft,Color,Island Mist,,,,,,,,,,,,,,,,,,,,,,,,,,,,,,,,,,,,,,,,,,,,,,,,,,,,,,,,,,,,,,,,,,,,,,,,,,,,,,,,,,,,,,,,,,,,,,,,,,,,,,,,,,,,,,,,,,,,,,,,,,,,,,,,,,,,,,,,,,,,,,,,,,,,,30103615,,,,,,,,,,,,,,,,,,,,,,,,,,,,,,,,,,,,,,,,,,,
https://,,,,,,,,,,,543141912,1x12-12' Rainier - Trex Lineage,TREX,,,U S Lumber (3073),"Trex Company, Inc.",Trex,Trex,543141912,,Building Materials>Decking & Fencing>Composite Decking Fascia,"Trex Company, Inc. Trex, fascia, Lineage, 543141912, 1x12-12' ft, Rainier",FASCIA 1X12-12'FT RAINIER,"Trex Lineage 543141912 fascia, Rainier","Trex fascia, Lineage, 1x12-12' ft Dimensions, Rainier","Lineage fascia, 1x12-12' ft, Rainier","Lineage fascia, 1x12-12' ft, Rainier",,,,,,,,,,,,,,,,,,,,,,,,,,,Dimensions,1x12-12',ft,Color,Rainier,,,,,,,,,,,,,,,,,,,,,,,,,,,,,,,,,,,,,,,,,,,,,,,,,,,,,,,,,,,,,,,,,,,,,,,,,,,,,,,,,,,,,,,,,,,,,,,,,,,,,,,,,,,,,,,,,,,,,,,,,,,,,,,,,,,,,,,,,,,,,,,,,,,,,30103615,,,,,,,,,,,,,,,,,,,,,,,,,,,,,,,,,,,,,,,,,,,
https://,,,,,,,,,,,1513713,1x8-12' Hatteras - Trex Lineage,TREX,,,Boise Cascade Building Materials (BOICA),"Trex Company, Inc.",Trex,Trex,1513713,,Building Materials>Decking & Railing>Composite Decking,"Trex Company, Inc. Trex, decking, Lineage, 1513713, 1x8-12' ft, Hatteras",DECKING 1X8-12'FT HATTERAS,"Trex Lineage 1513713 decking, Hatteras","Trex decking, Lineage, 1x8-12' ft Dimensions, Hatteras","Lineage decking, 1x8-12' ft, Hatteras","Lineage decking, 1x8-12' ft, Hatteras",,,,,,,,,,,,,,,,,,,,,,,,,,,Dimensions,1x8-12',ft,Color,Hatteras,,,,,,,,,,,,,,,,,,,,,,,,,,,,,,,,,,,,,,,,,,,,,,,,,,,,,,,,,,,,,,,,,,,,,,,,,,,,,,,,,,,,,,,,,,,,,,,,,,,,,,,,,,,,,,,,,,,,,,,,,,,,,,,,,,,,,,,,,,,,,,,,,,,,,30103600,,,,,,,,,,,,,,,,,,,,,,,,,,,,,,,,,,,,,,,,,,,
https://,,,,,,,,,,,1513714,1x8-12' Salt Flat - Trex Lineage,TREX,,,Boise Cascade Building Materials (BOICA),"Trex Company, Inc.",Trex,Trex,1513714,,Building Materials>Decking & Railing>Composite Decking,"Trex Company, Inc. Trex, decking, Lineage, 1513714, 1x8-12' ft, Salt Flat",DECKING 1X8-12'FT SALTFLAT,"Trex Lineage 1513714 decking, Salt Flat","Trex decking, Lineage, 1x8-12' ft Dimensions, Salt Flat","Lineage decking, 1x8-12' ft, Salt Flat","Lineage decking, 1x8-12' ft, Salt Flat",,,,,,,,,,,,,,,,,,,,,,,,,,,Dimensions,1x8-12',ft,Color,Salt Flat,,,,,,,,,,,,,,,,,,,,,,,,,,,,,,,,,,,,,,,,,,,,,,,,,,,,,,,,,,,,,,,,,,,,,,,,,,,,,,,,,,,,,,,,,,,,,,,,,,,,,,,,,,,,,,,,,,,,,,,,,,,,,,,,,,,,,,,,,,,,,,,,,,,,,30103600,,,,,,,,,,,,,,,,,,,,,,,,,,,,,,,,,,,,,,,,,,,
https://,,,,,,,,,,,1511506,4'x65' Zip Rainscreen,,,,Huber Eng Wood LLC (3158),Huber Eng Wood LLC,Zip,Zip,1511506,,Building Materials>Siding & Exterior>Exterior Wall Components,"Huber Eng Wood LLC Zip, Rainscreen, Zip, 1511506, 4'x65' ft",RAINSCREEN 4'X65'FT,Zip Zip 1511506 Rainscreen,"Zip Rainscreen, Zip, 4'x65' ft Dimensions","Zip Rainscreen, 4'x65' ft","Zip Rainscreen, 4'x65' ft",,,,,,,,,,,,,,,,,,,,,,,,,,,Dimensions,4'x65',ft,,,,,,,,,,,,,,,,,,,,,,,,,,,,,,,,,,,,,,,,,,,,,,,,,,,,,,,,,,,,,,,,,,,,,,,,,,,,,,,,,,,,,,,,,,,,,,,,,,,,,,,,,,,,,,,,,,,,,,,,,,,,,,,,,,,,,,,,,,,,,,,,,,,,,,,30161800,,,,,,,,,,,,,,,,,,,,,,,,,,,,,,,,,,,,,,,,,,,
https://,,,,,,,,,,,543650101,Black Alum ADA Wall Mount Trex,TREX,,,Boise Cascade Building Materials (BOICA),Boise Cascade Building Materials,Trex,Trex,543650101,,Building Materials>Decking & Railing>Deck Railing,"Boise Cascade Building Materials Trex, wall mount, ADA, 543650101",WALL MOUNT BLACK ALUM,Trex ADA 543650101 wall mount,"Trex wall mount, ADA, Black, Alum","ADA wall mount, Black, Alum","ADA wall mount, Black, Alum",,,,,,,,,,,,,,,,,,,,,,,,,,,color,Black,,material,Alum,,,,,,,,,,,,,,,,,,,,,,,,,,,,,,,,,,,,,,,,,,,,,,,,,,,,,,,,,,,,,,,,,,,,,,,,,,,,,,,,,,,,,,,,,,,,,,,,,,,,,,,,,,,,,,,,,,,,,,,,,,,,,,,,,,,,,,,,,,,,,,,,,,,,,30263600,,,,,,,,,,,,,,,,,,,,,,,,,,,,,,,,,,,,,,,,,,,
https://,,,,,,,,,,,543650010,Black Alum ADA Int End Cap - Trex,TREX,,,Boise Cascade Building Materials (BOICA),Boise Cascade Building Materials,Trex,Trex,543650010,,Building Materials>Decking & Railing>Deck Railing,"Boise Cascade Building Materials Trex, end cap, ADA, 543650010",END CAP BLACK ALUM INT,Trex ADA 543650010 end cap,"Trex end cap, ADA, Black, Alum, Int","ADA end cap, Black, Alum, Int","ADA end cap, Black, Alum, Int",,,,,,,,,,,,,,,,,,,,,,,,,,,color,Black,,material,Alum,,location,Int,,,,,,,,,,,,,,,,,,,,,,,,,,,,,,,,,,,,,,,,,,,,,,,,,,,,,,,,,,,,,,,,,,,,,,,,,,,,,,,,,,,,,,,,,,,,,,,,,,,,,,,,,,,,,,,,,,,,,,,,,,,,,,,,,,,,,,,,,,,,,,,,,,30263600,,,,,,,,,,,,,,,,,,,,,,,,,,,,,,,,,,,,,,,,,,,
https://fenton.com,,,,,,,,,,,AYCL-153PH-LA,AYCL-153PH-LA Lutron Dimmer LA,,,,Fenton Bros Electric Inc (FENBR),Lutron,Lutron,Lutron,AYCL-153PH-LA,,Electrical>Lighting Controls>Dimmers,"Lutron, dimmer, AYCL-153PH-LA, AYCL-153PH-LA, Light Almond",DIMMER AYCL-153PH-LA LIGHTALMOND,"Lutron AYCL-153PH-LA dimmer, Light Almond","Lutron dimmer, AYCL-153PH-LA, Light Almond","dimmer, AYCL-153PH-LA, Light Almond","dimmer, AYCL-153PH-LA, Light Almond",,,,,,,,,,,,,,,,,,,,,,,,,,,Model Number,AYCL-153PH-LA,,Color,Light Almond,,,,,,,,,,,,,,,,,,,,,,,,,,,,,,,,,,,,,,,,,,,,,,,,,,,,,,,,,,,,,,,,,,,,,,,,,,,,,,,,,,,,,,,,,,,,,,,,,,,,,,,,,,,,,,,,,,,,,,,,,,,,,,,,,,,,,,,,,,,,,,,,,,,,,39122206,,,,,,,,,,,,,,,,,,,,,,,,,,,,,,,,,,,,,,,,,,,
https://fenton.com,,,,,,,,,,,AYCL-153PH-WH,AYCL-153PH-Water Heater Lutron Dimmer Water Heater,,,,Fenton Bros Electric Inc (FENBR),Lutron,Lutron,Lutron,AYCL-153PH-WH,,Electrical>Lighting Controls>Dimmers,"Lutron, dimmer, AYCL-153PH-WH, AYCL-153PH",DIMMER AYCL-153PH,Lutron AYCL-153PH-WH dimmer,"Lutron dimmer, AYCL-153PH","dimmer, AYCL-153PH","dimmer, AYCL-153PH",,,,,,,,,,,,,,,,,,,,,,,,,,,Model Number,AYCL-153PH,,,,,,,,,,,,,,,,,,,,,,,,,,,,,,,,,,,,,,,,,,,,,,,,,,,,,,,,,,,,,,,,,,,,,,,,,,,,,,,,,,,,,,,,,,,,,,,,,,,,,,,,,,,,,,,,,,,,,,,,,,,,,,,,,,,,,,,,,,,,,,,,,,,,,,,,39122206,,,,,,,,,,,,,,,,,,,,,,,,,,,,,,,,,,,,,,,,,,,
https://leviton.com,,,,,,,,,,,D23LP-R02-1RW,D23LPR021RW Plug In Dimmer Water Heater,,,Leviton,Leviton Mfg Co (4927),Leviton Mfg Co,Leviton,Leviton,D23LP-R02-1RW,,Electrical>Lighting Controls>Dimmers,"Leviton Mfg Co Leviton, dimmer, D23LP-R02-1RW, D23LPR021RW, Plug In",DIMMER D23LPR021RW PLUGIN,Leviton D23LP-R02-1RW dimmer,"Leviton dimmer, D23LPR021RW, Plug In","dimmer, D23LPR021RW, Plug In","dimmer, D23LPR021RW, Plug In",,,,,,,,,,,,,,,,,,,,,,,,,,,Model Number,D23LPR021RW,,Type,Plug In,,,,,,,,,,,,,,,,,,,,,,,,,,,,,,,,,,,,,,,,,,,,,,,,,,,,,,,,,,,,,,,,,,,,,,,,,,,,,,,,,,,,,,,,,,,,,,,,,,,,,,,,,,,,,,,,,,,,,,,,,,,,,,,,,,,,,,,,,,,,,,,,,,,,,39122206,,,,,,,,,,,,,,,,,,,,,,,,,,,,,,,,,,,,,,,,,,,
https://kichler.com,,,,,,,,,,,55184BK,55184BK Kichler Wall Lt,,,,Kichler Lighting (KICLI),Kichler Lighting,Kichler,Kichler,55184BK,,Lighting>Wall Lighting>Sconces,"Kichler Lighting Kichler, Wall Light, 55184BK, 55184BK",WALL LIGHT 55184BK,Kichler 55184BK Wall Light,"Kichler Wall Light, 55184BK","Wall Light, 55184BK","Wall Light, 55184BK",,,,,,,,,,,,,,,,,,,,,,,,,,,Model Number,55184BK,,,,,,,,,,,,,,,,,,,,,,,,,,,,,,,,,,,,,,,,,,,,,,,,,,,,,,,,,,,,,,,,,,,,,,,,,,,,,,,,,,,,,,,,,,,,,,,,,,,,,,,,,,,,,,,,,,,,,,,,,,,,,,,,,,,,,,,,,,,,,,,,,,,,,,,,39111522,,,,,,,,,,,,,,,,,,,,,,,,,,,,,,,,,,,,,,,,,,,
https://kichler.com,,,,,,,,,,,55185BK,55185BK Kichler Wall Lt,,,,Kichler Lighting (KICLI),Kichler Lighting,Kichler,Kichler,55185BK,,Lighting>Wall Lighting>Sconces,"Kichler Lighting Kichler, Wall Light, 55185BK, 55185BK",WALL LIGHT 55185BK,Kichler 55185BK Wall Light,"Kichler Wall Light, 55185BK","Wall Light, 55185BK","Wall Light, 55185BK",,,,,,,,,,,,,,,,,,,,,,,,,,,Model Number,55185BK,,,,,,,,,,,,,,,,,,,,,,,,,,,,,,,,,,,,,,,,,,,,,,,,,,,,,,,,,,,,,,,,,,,,,,,,,,,,,,,,,,,,,,,,,,,,,,,,,,,,,,,,,,,,,,,,,,,,,,,,,,,,,,,,,,,,,,,,,,,,,,,,,,,,,,,,39111522,,,,,,,,,,,,,,,,,,,,,,,,,,,,,,,,,,,,,,,,,,,
https://kichler.com,,,,,,,,,,,55186CH,55186CH Kichler Wall Lt,,,,Kichler Lighting (KICLI),Kichler Lighting,Kichler,Kichler,55186CH,,Lighting>Wall Lighting>Sconces,"Kichler Lighting Kichler, Wall Light, 55186CH, 55186CH",WALL LIGHT 55186CH,Kichler 55186CH Wall Light,"Kichler Wall Light, 55186CH","Wall Light, 55186CH","Wall Light, 55186CH",,,,,,,,,,,,,,,,,,,,,,,,,,,Model Number,55186CH,,,,,,,,,,,,,,,,,,,,,,,,,,,,,,,,,,,,,,,,,,,,,,,,,,,,,,,,,,,,,,,,,,,,,,,,,,,,,,,,,,,,,,,,,,,,,,,,,,,,,,,,,,,,,,,,,,,,,,,,,,,,,,,,,,,,,,,,,,,,,,,,,,,,,,,,39111522,,,,,,,,,,,,,,,,,,,,,,,,,,,,,,,,,,,,,,,,,,,
https://kichler.com,,,,,,,,,,,55210NI,55210NI Kichler Wall Light,,,,Kichler Lighting (KICLI),Kichler Lighting,Kichler,Kichler,55210NI,,Lighting>Wall Lighting>Sconces,"Kichler Lighting Kichler, Wall Light, 55210NI, 55210NI",WALL LIGHT 55210NI,Kichler 55210NI Wall Light,"Kichler Wall Light, 55210NI","Wall Light, 55210NI","Wall Light, 55210NI",,,,,,,,,,,,,,,,,,,,,,,,,,,Model Number,55210NI,,,,,,,,,,,,,,,,,,,,,,,,,,,,,,,,,,,,,,,,,,,,,,,,,,,,,,,,,,,,,,,,,,,,,,,,,,,,,,,,,,,,,,,,,,,,,,,,,,,,,,,,,,,,,,,,,,,,,,,,,,,,,,,,,,,,,,,,,,,,,,,,,,,,,,,,39111522,,,,,,,,,,,,,,,,,,,,,,,,,,,,,,,,,,,,,,,,,,,
https://kichler.com,,,,,,,,,,,55211BK,55211BK Kichler Wall Light,,,,Kichler Lighting (KICLI),Kichler Lighting,Kichler,Kichler,55211BK,,Lighting>Wall Lighting>Sconces,"Kichler Lighting Kichler, Wall Light, 55211BK, 55211BK",WALL LIGHT 55211BK,Kichler 55211BK Wall Light,"Kichler Wall Light, 55211BK","Wall Light, 55211BK","Wall Light, 55211BK",,,,,,,,,,,,,,,,,,,,,,,,,,,Model Number,55211BK,,,,,,,,,,,,,,,,,,,,,,,,,,,,,,,,,,,,,,,,,,,,,,,,,,,,,,,,,,,,,,,,,,,,,,,,,,,,,,,,,,,,,,,,,,,,,,,,,,,,,,,,,,,,,,,,,,,,,,,,,,,,,,,,,,,,,,,,,,,,,,,,,,,,,,,,39111522,,,,,,,,,,,,,,,,,,,,,,,,,,,,,,,,,,,,,,,,,,,
https://kichler.com,,,,,,,,,,,55211NI,55211NI Kichler Wall Light,,,,Kichler Lighting (KICLI),Kichler Lighting,Kichler,Kichler,55211NI,,Lighting>Wall Lighting>Sconces,"Kichler Lighting Kichler, Wall Light, 55211NI, 55211NI",WALL LIGHT 55211NI,Kichler 55211NI Wall Light,"Kichler Wall Light, 55211NI","Wall Light, 55211NI","Wall Light, 55211NI",,,,,,,,,,,,,,,,,,,,,,,,,,,Model Number,55211NI,,,,,,,,,,,,,,,,,,,,,,,,,,,,,,,,,,,,,,,,,,,,,,,,,,,,,,,,,,,,,,,,,,,,,,,,,,,,,,,,,,,,,,,,,,,,,,,,,,,,,,,,,,,,,,,,,,,,,,,,,,,,,,,,,,,,,,,,,,,,,,,,,,,,,,,,39111522,,,,,,,,,,,,,,,,,,,,,,,,,,,,,,,,,,,,,,,,,,,
https://kichler.com,,,,,,,,,,,55212NI,55212NI Kichler Wall Light,,,,Kichler Lighting (KICLI),Kichler Lighting,Kichler,Kichler,55212NI,,Lighting>Wall Lighting>Sconces,"Kichler Lighting Kichler, Wall Light, 55212NI, 55212NI",WALL LIGHT 55212NI,Kichler 55212NI Wall Light,"Kichler Wall Light, 55212NI","Wall Light, 55212NI","Wall Light, 55212NI",,,,,,,,,,,,,,,,,,,,,,,,,,,Model Number,55212NI,,,,,,,,,,,,,,,,,,,,,,,,,,,,,,,,,,,,,,,,,,,,,,,,,,,,,,,,,,,,,,,,,,,,,,,,,,,,,,,,,,,,,,,,,,,,,,,,,,,,,,,,,,,,,,,,,,,,,,,,,,,,,,,,,,,,,,,,,,,,,,,,,,,,,,,,39111522,,,,,,,,,,,,,,,,,,,,,,,,,,,,,,,,,,,,,,,,,,,
https://kichler.com,,,,,,,,,,,55226BKLFU,55226BKFLU Kichler Wall Lt,,,,Kichler Lighting (KICLI),Kichler Lighting,Kichler,Kichler,55226BKLFU,,Lighting>Wall Lighting>Sconces,"Kichler Lighting Kichler, Wall Light, 55226BKLFU, 55226BKFLU",WALL LIGHT 55226BKFLU,Kichler 55226BKLFU Wall Light,"Kichler Wall Light, 55226BKFLU","Wall Light, 55226BKFLU","Wall Light, 55226BKFLU",,,,,,,,,,,,,,,,,,,,,,,,,,,Model Number,55226BKFLU,,,,,,,,,,,,,,,,,,,,,,,,,,,,,,,,,,,,,,,,,,,,,,,,,,,,,,,,,,,,,,,,,,,,,,,,,,,,,,,,,,,,,,,,,,,,,,,,,,,,,,,,,,,,,,,,,,,,,,,,,,,,,,,,,,,,,,,,,,,,,,,,,,,,,,,,39111522,,,,,,,,,,,,,,,,,,,,,,,,,,,,,,,,,,,,,,,,,,,
https://kichler.com,,,,,,,,,,,55239CPZLED,55239CPZLED Kichler Wall Lt,,,,Kichler Lighting (KICLI),Kichler Lighting,Kichler,Kichler,55239CPZLED,,Lighting & Electrical>Lighting Fixtures>Wall Lighting,"Kichler Lighting Kichler, Wall Light, 55239CPZLED, 55239CPZLED",WALL LIGHT 55239CPZLED,Kichler 55239CPZLED Wall Light,"Kichler Wall Light, 55239CPZLED","Wall Light, 55239CPZLED","Wall Light, 55239CPZLED",,,,,,,,,,,,,,,,,,,,,,,,,,,Model Number,55239CPZLED,,,,,,,,,,,,,,,,,,,,,,,,,,,,,,,,,,,,,,,,,,,,,,,,,,,,,,,,,,,,,,,,,,,,,,,,,,,,,,,,,,,,,,,,,,,,,,,,,,,,,,,,,,,,,,,,,,,,,,,,,,,,,,,,,,,,,,,,,,,,,,,,,,,,,,,,39111500,,,,,,,,,,,,,,,,,,,,,,,,,,,,,,,,,,,,,,,,,,,
https://kichler.com,,,,,,,,,,,44072DBK,44072DBK Kichler Chandelier Lt,,,,Kichler Lighting (KICLI),Kichler Lighting,Kichler,Kichler,44072DBK,,Lighting & Electrical>Lighting Fixtures>Chandeliers,"Kichler Lighting Kichler, Chandelier, 44072DBK, 44072DBK",CHANDELIER 44072DBK,Kichler 44072DBK Chandelier,"Kichler Chandelier, 44072DBK","Chandelier, 44072DBK","Chandelier, 44072DBK",,,,,,,,,,,,,,,,,,,,,,,,,,,Model Number,44072DBK,,,,,,,,,,,,,,,,,,,,,,,,,,,,,,,,,,,,,,,,,,,,,,,,,,,,,,,,,,,,,,,,,,,,,,,,,,,,,,,,,,,,,,,,,,,,,,,,,,,,,,,,,,,,,,,,,,,,,,,,,,,,,,,,,,,,,,,,,,,,,,,,,,,,,,,,39111504,,,,,,,,,,,,,,,,,,,,,,,,,,,,,,,,,,,,,,,,,,,
https://kichler.com,,,,,,,,,,,44073NI,44073NI Kichler Chandelier Lt,,,,Kichler Lighting (KICLI),Kichler Lighting,Kichler,Kichler,44073NI,,Lighting & Electrical>Lighting Fixtures>Chandeliers,"Kichler Lighting Kichler, Chandelier, 44073NI, 44073NI",CHANDELIER 44073NI,Kichler 44073NI Chandelier,"Kichler Chandelier, 44073NI","Chandelier, 44073NI","Chandelier, 44073NI",,,,,,,,,,,,,,,,,,,,,,,,,,,Model Number,44073NI,,,,,,,,,,,,,,,,,,,,,,,,,,,,,,,,,,,,,,,,,,,,,,,,,,,,,,,,,,,,,,,,,,,,,,,,,,,,,,,,,,,,,,,,,,,,,,,,,,,,,,,,,,,,,,,,,,,,,,,,,,,,,,,,,,,,,,,,,,,,,,,,,,,,,,,,39111504,,,,,,,,,,,,,,,,,,,,,,,,,,,,,,,,,,,,,,,,,,,
https://kichler.com,,,,,,,,,,,52033BK,52033BK Kichler Chandelier Lt,,,,Kichler Lighting (KICLI),Kichler Lighting,Kichler,Kichler,52033BK,,Lighting & Electrical>Lighting Fixtures>Chandeliers,"Kichler Lighting Kichler, Chandelier, 52033BK, 52033BK",CHANDELIER 52033BK,Kichler 52033BK Chandelier,"Kichler Chandelier, 52033BK","Chandelier, 52033BK","Chandelier, 52033BK",,,,,,,,,,,,,,,,,,,,,,,,,,,Model Number,52033BK,,,,,,,,,,,,,,,,,,,,,,,,,,,,,,,,,,,,,,,,,,,,,,,,,,,,,,,,,,,,,,,,,,,,,,,,,,,,,,,,,,,,,,,,,,,,,,,,,,,,,,,,,,,,,,,,,,,,,,,,,,,,,,,,,,,,,,,,,,,,,,,,,,,,,,,,39111504,,,,,,,,,,,,,,,,,,,,,,,,,,,,,,,,,,,,,,,,,,,
https://kichler.com,,,,,,,,,,,84322WH,84322WH Kichler Chandelier Lt,,,,Kichler Lighting (KICLI),Kichler Lighting,Kichler,Kichler,84322WH,,Lighting & Electrical>Lighting Fixtures>Chandeliers,"Kichler Lighting Kichler, Chandelier, 84322WH, 84322WH",CHANDELIER 84322WH,Kichler 84322WH Chandelier,"Kichler Chandelier, 84322WH","Chandelier, 84322WH","Chandelier, 84322WH",,,,,,,,,,,,,,,,,,,,,,,,,,,Model Number,84322WH,,,,,,,,,,,,,,,,,,,,,,,,,,,,,,,,,,,,,,,,,,,,,,,,,,,,,,,,,,,,,,,,,,,,,,,,,,,,,,,,,,,,,,,,,,,,,,,,,,,,,,,,,,,,,,,,,,,,,,,,,,,,,,,,,,,,,,,,,,,,,,,,,,,,,,,,39111504,,,,,,,,,,,,,,,,,,,,,,,,,,,,,,,,,,,,,,,,,,,
https://kichler.com,,,,,,,,,,,52404BK,52404BK Kichler Chandelier Lt,,,,Kichler Lighting (KICLI),Kichler Lighting,Kichler,Kichler,52404BK,,Lighting & Electrical>Lighting Fixtures>Chandeliers,"Kichler Lighting Kichler, Chandelier, 52404BK, 52404BK",CHANDELIER 52404BK,Kichler 52404BK Chandelier,"Kichler Chandelier, 52404BK","Chandelier, 52404BK","Chandelier, 52404BK",,,,,,,,,,,,,,,,,,,,,,,,,,,Model Number,52404BK,,,,,,,,,,,,,,,,,,,,,,,,,,,,,,,,,,,,,,,,,,,,,,,,,,,,,,,,,,,,,,,,,,,,,,,,,,,,,,,,,,,,,,,,,,,,,,,,,,,,,,,,,,,,,,,,,,,,,,,,,,,,,,,,,,,,,,,,,,,,,,,,,,,,,,,,39111504,,,,,,,,,,,,,,,,,,,,,,,,,,,,,,,,,,,,,,,,,,,
https://kichler.com,,,,,,,,,,,43671BKCLR,43671BKCLR Kichler Chand Lt,,,,Kichler Lighting (KICLI),Kichler Lighting,Kichler,Kichler,43671BKCLR,,Lighting & Electrical>Lighting Fixtures>Chandeliers,"Kichler Lighting Kichler, Chandelier, 43671BKCLR, 43671BKCLR",CHANDELIER 43671BKCLR,Kichler 43671BKCLR Chandelier,"Kichler Chandelier, 43671BKCLR","Chandelier, 43671BKCLR","Chandelier, 43671BKCLR",,,,,,,,,,,,,,,,,,,,,,,,,,,Model Number,43671BKCLR,,,,,,,,,,,,,,,,,,,,,,,,,,,,,,,,,,,,,,,,,,,,,,,,,,,,,,,,,,,,,,,,,,,,,,,,,,,,,,,,,,,,,,,,,,,,,,,,,,,,,,,,,,,,,,,,,,,,,,,,,,,,,,,,,,,,,,,,,,,,,,,,,,,,,,,,39111504,,,,,,,,,,,,,,,,,,,,,,,,,,,,,,,,,,,,,,,,,,,
https://kichler.com,,,,,,,,,,,52616BK,52616BK Kichler Chandelier Lt,,,,Kichler Lighting (KICLI),Kichler Lighting,Kichler,Kichler,52616BK,,Lighting & Electrical>Lighting Fixtures>Chandeliers,"Kichler Lighting Kichler, Chandelier, 52616BK, 52616BK",CHANDELIER 52616BK,Kichler 52616BK Chandelier,"Kichler Chandelier, 52616BK","Chandelier, 52616BK","Chandelier, 52616BK",,,,,,,,,,,,,,,,,,,,,,,,,,,Model Number,52616BK,,,,,,,,,,,,,,,,,,,,,,,,,,,,,,,,,,,,,,,,,,,,,,,,,,,,,,,,,,,,,,,,,,,,,,,,,,,,,,,,,,,,,,,,,,,,,,,,,,,,,,,,,,,,,,,,,,,,,,,,,,,,,,,,,,,,,,,,,,,,,,,,,,,,,,,,39111504,,,,,,,,,,,,,,,,,,,,,,,,,,,,,,,,,,,,,,,,,,,
https://kichler.com,,,,,,,,,,,52616NI,52616NI Kichler Chandelier Lt,,,,Kichler Lighting (KICLI),Kichler Lighting,Kichler,Kichler,52616NI,,Lighting & Electrical>Lighting Fixtures>Chandeliers,"Kichler Lighting Kichler, chandelier, 52616NI, 52616NI",CHANDELIER 52616NI,Kichler 52616NI chandelier,"Kichler chandelier, 52616NI","chandelier, 52616NI","chandelier, 52616NI",,,,,,,,,,,,,,,,,,,,,,,,,,,model number,52616NI,,,,,,,,,,,,,,,,,,,,,,,,,,,,,,,,,,,,,,,,,,,,,,,,,,,,,,,,,,,,,,,,,,,,,,,,,,,,,,,,,,,,,,,,,,,,,,,,,,,,,,,,,,,,,,,,,,,,,,,,,,,,,,,,,,,,,,,,,,,,,,,,,,,,,,,,39111504,,,,,,,,,,,,,,,,,,,,,,,,,,,,,,,,,,,,,,,,,,,
https://kichler.com,,,,,,,,,,,52678BK,52678BK Kichler Chandelier Lt,,,,Kichler Lighting (KICLI),Kichler Lighting,Kichler,Kichler,52678BK,,Lighting & Electrical>Lighting Fixtures>Chandeliers,"Kichler Lighting Kichler, chandelier, 52678BK, 52678BK",CHANDELIER 52678BK,Kichler 52678BK chandelier,"Kichler chandelier, 52678BK","chandelier, 52678BK","chandelier, 52678BK",,,,,,,,,,,,,,,,,,,,,,,,,,,model number,52678BK,,,,,,,,,,,,,,,,,,,,,,,,,,,,,,,,,,,,,,,,,,,,,,,,,,,,,,,,,,,,,,,,,,,,,,,,,,,,,,,,,,,,,,,,,,,,,,,,,,,,,,,,,,,,,,,,,,,,,,,,,,,,,,,,,,,,,,,,,,,,,,,,,,,,,,,,39111504,,,,,,,,,,,,,,,,,,,,,,,,,,,,,,,,,,,,,,,,,,,
https://kichler.com,,,,,,,,,,,52680CPZ,52680CPZ Kichler Chandelier Lt,,,,Kichler Lighting (KICLI),Kichler Lighting,Kichler,Kichler,52680CPZ,,Lighting & Electrical>Lighting Fixtures>Chandeliers,"Kichler Lighting Kichler, chandelier, 52680CPZ, 52680CPZ",CHANDELIER 52680CPZ,Kichler 52680CPZ chandelier,"Kichler chandelier, 52680CPZ","chandelier, 52680CPZ","chandelier, 52680CPZ",,,,,,,,,,,,,,,,,,,,,,,,,,,model number,52680CPZ,,,,,,,,,,,,,,,,,,,,,,,,,,,,,,,,,,,,,,,,,,,,,,,,,,,,,,,,,,,,,,,,,,,,,,,,,,,,,,,,,,,,,,,,,,,,,,,,,,,,,,,,,,,,,,,,,,,,,,,,,,,,,,,,,,,,,,,,,,,,,,,,,,,,,,,,39111504,,,,,,,,,,,,,,,,,,,,,,,,,,,,,,,,,,,,,,,,,,,
https://kichler.com,,,,,,,,,,,52772BK,52772BK Kichler Chandelier Lt,,,,Kichler Lighting (KICLI),Kichler Lighting,Kichler,Kichler,52772BK,,Lighting & Electrical>Lighting Fixtures>Chandeliers,"Kichler Lighting Kichler, chandelier, 52772BK, 52772BK",CHANDELIER 52772BK,Kichler 52772BK chandelier,"Kichler chandelier, 52772BK","chandelier, 52772BK","chandelier, 52772BK",,,,,,,,,,,,,,,,,,,,,,,,,,,model number,52772BK,,,,,,,,,,,,,,,,,,,,,,,,,,,,,,,,,,,,,,,,,,,,,,,,,,,,,,,,,,,,,,,,,,,,,,,,,,,,,,,,,,,,,,,,,,,,,,,,,,,,,,,,,,,,,,,,,,,,,,,,,,,,,,,,,,,,,,,,,,,,,,,,,,,,,,,,39111504,,,,,,,,,,,,,,,,,,,,,,,,,,,,,,,,,,,,,,,,,,,
https://,,,,,,,,,,,65-771R3,65-771R3 Nuvo Highbay Light,,,,Satco Prod Inc (5573),Satco Prod Inc,Nuvo,Nuvo,65-771R3,,Lighting & Electrical>Lighting Fixtures>Industrial Lighting,"Satco Prod Inc Nuvo, highbay light, 65-771R3, 65-771R3",HIGHBAY LIGHT 65-771R3,Nuvo 65-771R3 highbay light,"Nuvo highbay light, 65-771R3","highbay light, 65-771R3","highbay light, 65-771R3",,,,,,,,,,,,,,,,,,,,,,,,,,,model number,65-771R3,,,,,,,,,,,,,,,,,,,,,,,,,,,,,,,,,,,,,,,,,,,,,,,,,,,,,,,,,,,,,,,,,,,,,,,,,,,,,,,,,,,,,,,,,,,,,,,,,,,,,,,,,,,,,,,,,,,,,,,,,,,,,,,,,,,,,,,,,,,,,,,,,,,,,,,,39111530,,,,,,,,,,,,,,,,,,,,,,,,,,,,,,,,,,,,,,,,,,,
https://kichler.com,,,,,,,,,,,42955BK,42955BK Kichler Ceiling Lt,,,,Kichler Lighting (KICLI),Kichler Lighting,Kichler,Kichler,42955BK,,Lighting & Electrical>Lighting Fixtures>Ceiling Lighting,"Kichler Lighting Kichler, ceiling light, 42955BK, 42955BK",CEILING LIGHT 42955BK,Kichler 42955BK ceiling light,"Kichler ceiling light, 42955BK","ceiling light, 42955BK","ceiling light, 42955BK",,,,,,,,,,,,,,,,,,,,,,,,,,,model number,42955BK,,,,,,,,,,,,,,,,,,,,,,,,,,,,,,,,,,,,,,,,,,,,,,,,,,,,,,,,,,,,,,,,,,,,,,,,,,,,,,,,,,,,,,,,,,,,,,,,,,,,,,,,,,,,,,,,,,,,,,,,,,,,,,,,,,,,,,,,,,,,,,,,,,,,,,,,39111500,,,,,,,,,,,,,,,,,,,,,,,,,,,,,,,,,,,,,,,,,,,
https://kichler.com,,,,,,,,,,,42275BK,42275BK Kichler Ceiling Lt,,,,Kichler Lighting (KICLI),Kichler Lighting,Kichler,Kichler,42275BK,,Lighting & Electrical>Lighting Fixtures>Ceiling Lighting,"Kichler Lighting Kichler, ceiling light, 42275BK, 42275BK",CEILING LIGHT 42275BK,Kichler 42275BK ceiling light,"Kichler ceiling light, 42275BK","ceiling light, 42275BK","ceiling light, 42275BK",,,,,,,,,,,,,,,,,,,,,,,,,,,model number,42275BK,,,,,,,,,,,,,,,,,,,,,,,,,,,,,,,,,,,,,,,,,,,,,,,,,,,,,,,,,,,,,,,,,,,,,,,,,,,,,,,,,,,,,,,,,,,,,,,,,,,,,,,,,,,,,,,,,,,,,,,,,,,,,,,,,,,,,,,,,,,,,,,,,,,,,,,,39111500,,,,,,,,,,,,,,,,,,,,,,,,,,,,,,,,,,,,,,,,,,,
https://kichler.com,,,,,,,,,,,42296BK,42296BK Kichler Ceiling Lt,,,,Kichler Lighting (KICLI),Kichler Lighting,Kichler,Kichler,42296BK,,Lighting & Fans>Indoor Lighting>Ceiling Flush Mounts,"Kichler Lighting Kichler, Ceiling Light, 42296BK, BK, 42296BK",CEILING LIGHT BK 42296BK,Kichler 42296BK Ceiling Light,"Kichler Ceiling Light, BK, 42296BK","Ceiling Light, BK, 42296BK","Ceiling Light, BK, 42296BK",,,,,,,,,,,,,,,,,,,,,,,,,,,Finish,BK,,Model Number,42296BK,,,,,,,,,,,,,,,,,,,,,,,,,,,,,,,,,,,,,,,,,,,,,,,,,,,,,,,,,,,,,,,,,,,,,,,,,,,,,,,,,,,,,,,,,,,,,,,,,,,,,,,,,,,,,,,,,,,,,,,,,,,,,,,,,,,,,,,,,,,,,,,,,,,,,39111500,,,,,,,,,,,,,,,,,,,,,,,,,,,,,,,,,,,,,,,,,,,
https://kichler.com,,,,,,,,,,,43913BK,43913BK Kichler Pendant Lt,,,,Kichler Lighting (KICLI),Kichler Lighting,Kichler,Kichler,43913BK,,Lighting & Fans>Indoor Lighting>Pendant Lighting,"Kichler Lighting Kichler, Pendant Light, 43913BK, BK, 43913BK",PENDANT LIGHT BK 43913BK,Kichler 43913BK Pendant Light,"Kichler Pendant Light, BK, 43913BK","Pendant Light, BK, 43913BK","Pendant Light, BK, 43913BK",,,,,,,,,,,,,,,,,,,,,,,,,,,Finish,BK,,Model Number,43913BK,,,,,,,,,,,,,,,,,,,,,,,,,,,,,,,,,,,,,,,,,,,,,,,,,,,,,,,,,,,,,,,,,,,,,,,,,,,,,,,,,,,,,,,,,,,,,,,,,,,,,,,,,,,,,,,,,,,,,,,,,,,,,,,,,,,,,,,,,,,,,,,,,,,,,39111500,,,,,,,,,,,,,,,,,,,,,,,,,,,,,,,,,,,,,,,,,,,
https://kichler.com,,,,,,,,,,,43852BK,43852BK Kichler Pendant Lt,,,,Kichler Lighting (KICLI),Kichler Lighting,Kichler,Kichler,43852BK,,Lighting & Fans>Indoor Lighting>Pendant Lighting,"Kichler Lighting Kichler, Pendant Light, 43852BK, 43852BK",PENDANT LIGHT 43852BK,Kichler 43852BK Pendant Light,"Kichler Pendant Light, 43852BK","Pendant Light, 43852BK","Pendant Light, 43852BK",,,,,,,,,,,,,,,,,,,,,,,,,,,Model Number,43852BK,,,,,,,,,,,,,,,,,,,,,,,,,,,,,,,,,,,,,,,,,,,,,,,,,,,,,,,,,,,,,,,,,,,,,,,,,,,,,,,,,,,,,,,,,,,,,,,,,,,,,,,,,,,,,,,,,,,,,,,,,,,,,,,,,,,,,,,,,,,,,,,,,,,,,,,,39111500,,,,,,,,,,,,,,,,,,,,,,,,,,,,,,,,,,,,,,,,,,,
https://kichler.com,,,,,,,,,,,43853BK,43853BK Kichler Pendant Lt,,,,Kichler Lighting (KICLI),Kichler Lighting,Kichler,Kichler,43853BK,,Lighting & Fans>Indoor Lighting>Pendant Lighting,"Kichler Lighting Kichler, Pendant Light, 43853BK, 43853BK",PENDANT LIGHT 43853BK,Kichler 43853BK Pendant Light,"Kichler Pendant Light, 43853BK","Pendant Light, 43853BK","Pendant Light, 43853BK",,,,,,,,,,,,,,,,,,,,,,,,,,,Model Number,43853BK,,,,,,,,,,,,,,,,,,,,,,,,,,,,,,,,,,,,,,,,,,,,,,,,,,,,,,,,,,,,,,,,,,,,,,,,,,,,,,,,,,,,,,,,,,,,,,,,,,,,,,,,,,,,,,,,,,,,,,,,,,,,,,,,,,,,,,,,,,,,,,,,,,,,,,,,39111500,,,,,,,,,,,,,,,,,,,,,,,,,,,,,,,,,,,,,,,,,,,
https://kichler.com,,,,,,,,,,,43905BK,43905BK Kichler Pendant Lt,,,,Kichler Lighting (KICLI),Kichler Lighting,Kichler,Kichler,43905BK,,Lighting & Fans>Indoor Lighting>Pendant Lighting,"Kichler Lighting Kichler, Pendant Light, 43905BK, 43905BK",PENDANT LIGHT 43905BK,Kichler 43905BK Pendant Light,"Kichler Pendant Light, 43905BK","Pendant Light, 43905BK","Pendant Light, 43905BK",,,,,,,,,,,,,,,,,,,,,,,,,,,Model Number,43905BK,,,,,,,,,,,,,,,,,,,,,,,,,,,,,,,,,,,,,,,,,,,,,,,,,,,,,,,,,,,,,,,,,,,,,,,,,,,,,,,,,,,,,,,,,,,,,,,,,,,,,,,,,,,,,,,,,,,,,,,,,,,,,,,,,,,,,,,,,,,,,,,,,,,,,,,,39111500,,,,,,,,,,,,,,,,,,,,,,,,,,,,,,,,,,,,,,,,,,,
https://kichler.com,,,,,,,,,,,43911BK,43911BK Kichler Pendant Lt,,,,Kichler Lighting (KICLI),Kichler Lighting,Kichler,Kichler,43911BK,,Lighting & Fans>Indoor Lighting>Pendant Lighting,"Kichler Lighting Kichler, Pendant Light, 43911BK, 43911BK",PENDANT LIGHT 43911BK,Kichler 43911BK Pendant Light,"Kichler Pendant Light, 43911BK","Pendant Light, 43911BK","Pendant Light, 43911BK",,,,,,,,,,,,,,,,,,,,,,,,,,,Model Number,43911BK,,,,,,,,,,,,,,,,,,,,,,,,,,,,,,,,,,,,,,,,,,,,,,,,,,,,,,,,,,,,,,,,,,,,,,,,,,,,,,,,,,,,,,,,,,,,,,,,,,,,,,,,,,,,,,,,,,,,,,,,,,,,,,,,,,,,,,,,,,,,,,,,,,,,,,,,39111500,,,,,,,,,,,,,,,,,,,,,,,,,,,,,,,,,,,,,,,,,,,
https://kichler.com,,,,,,,,,,,52529BK,52529BK Kichler Pendant Light,,,,Kichler Lighting (KICLI),Kichler Lighting,Kichler,Kichler,52529BK,,Lighting & Fans>Indoor Lighting>Pendant Lighting,"Kichler Lighting Kichler, Pendant Light, 52529BK, 52529BK",PENDANT LIGHT 52529BK,Kichler 52529BK Pendant Light,"Kichler Pendant Light, 52529BK","Pendant Light, 52529BK","Pendant Light, 52529BK",,,,,,,,,,,,,,,,,,,,,,,,,,,Model Number,52529BK,,,,,,,,,,,,,,,,,,,,,,,,,,,,,,,,,,,,,,,,,,,,,,,,,,,,,,,,,,,,,,,,,,,,,,,,,,,,,,,,,,,,,,,,,,,,,,,,,,,,,,,,,,,,,,,,,,,,,,,,,,,,,,,,,,,,,,,,,,,,,,,,,,,,,,,,39111500,,,,,,,,,,,,,,,,,,,,,,,,,,,,,,,,,,,,,,,,,,,
https://kichler.com,,,,,,,,,,,52662BKCLR,52662BKCLR Kichler Pendant Lt,,,,Kichler Lighting (KICLI),Kichler Lighting,Kichler,Kichler,52662BKCLR,,Lighting & Fans>Indoor Lighting>Pendant Lighting,"Kichler Lighting Kichler, Pendant Light, 52662BKCLR, 52662BKCLR",PENDANT LIGHT 52662BKCLR,Kichler 52662BKCLR Pendant Light,"Kichler Pendant Light, 52662BKCLR","Pendant Light, 52662BKCLR","Pendant Light, 52662BKCLR",,,,,,,,,,,,,,,,,,,,,,,,,,,Model Number,52662BKCLR,,,,,,,,,,,,,,,,,,,,,,,,,,,,,,,,,,,,,,,,,,,,,,,,,,,,,,,,,,,,,,,,,,,,,,,,,,,,,,,,,,,,,,,,,,,,,,,,,,,,,,,,,,,,,,,,,,,,,,,,,,,,,,,,,,,,,,,,,,,,,,,,,,,,,,,,39111500,,,,,,,,,,,,,,,,,,,,,,,,,,,,,,,,,,,,,,,,,,,
https://kichler.com,,,,,,,,,,,52734CPZ,52734CPZ Kichler Pendant Light,,,,Kichler Lighting (KICLI),Kichler Lighting,Kichler,Kichler,52734CPZ,,Lighting & Fans>Indoor Lighting>Pendant Lighting,"Kichler Lighting Kichler, Pendant Light, 52734CPZ, 52734CPZ",PENDANT LIGHT 52734CPZ,Kichler 52734CPZ Pendant Light,"Kichler Pendant Light, 52734CPZ","Pendant Light, 52734CPZ","Pendant Light, 52734CPZ",,,,,,,,,,,,,,,,,,,,,,,,,,,Model Number,52734CPZ,,,,,,,,,,,,,,,,,,,,,,,,,,,,,,,,,,,,,,,,,,,,,,,,,,,,,,,,,,,,,,,,,,,,,,,,,,,,,,,,,,,,,,,,,,,,,,,,,,,,,,,,,,,,,,,,,,,,,,,,,,,,,,,,,,,,,,,,,,,,,,,,,,,,,,,,39111500,,,,,,,,,,,,,,,,,,,,,,,,,,,,,,,,,,,,,,,,,,,
https://kichler.com,,,,,,,,,,,43849WH5CCT,43849WH5CCT Kichler Ceiling Lt,,,,Kichler Lighting (KICLI),Kichler Lighting,Kichler,Kichler,43849WH5CCT,,Lighting & Electrical>Lighting Fixtures>Ceiling Lights,"Kichler Lighting Kichler, Ceiling Light, 43849WH5CCT, 43849WH5CCT",CEILING LIGHT 43849WH5CCT,Kichler 43849WH5CCT Ceiling Light,"Kichler Ceiling Light, 43849WH5CCT","Ceiling Light, 43849WH5CCT","Ceiling Light, 43849WH5CCT",,,,,,,,,,,,,,,,,,,,,,,,,,,Model,43849WH5CCT,,,,,,,,,,,,,,,,,,,,,,,,,,,,,,,,,,,,,,,,,,,,,,,,,,,,,,,,,,,,,,,,,,,,,,,,,,,,,,,,,,,,,,,,,,,,,,,,,,,,,,,,,,,,,,,,,,,,,,,,,,,,,,,,,,,,,,,,,,,,,,,,,,,,,,,,39111500,,,,,,,,,,,,,,,,,,,,,,,,,,,,,,,,,,,,,,,,,,,
https://kichler.com,,,,,,,,,,,45495BKCLR,45495BKCLR Kichler Wall Lt,,,,Kichler Lighting (KICLI),Kichler Lighting,Kichler,Kichler,45495BKCLR,,Lighting & Electrical>Lighting Fixtures>Wall Lights,"Kichler Lighting Kichler, Wall Light, 45495BKCLR, 45495BKCLR",WALL LIGHT 45495BKCLR,Kichler 45495BKCLR Wall Light,"Kichler Wall Light, 45495BKCLR","Wall Light, 45495BKCLR","Wall Light, 45495BKCLR",,,,,,,,,,,,,,,,,,,,,,,,,,,Model Number,45495BKCLR,,,,,,,,,,,,,,,,,,,,,,,,,,,,,,,,,,,,,,,,,,,,,,,,,,,,,,,,,,,,,,,,,,,,,,,,,,,,,,,,,,,,,,,,,,,,,,,,,,,,,,,,,,,,,,,,,,,,,,,,,,,,,,,,,,,,,,,,,,,,,,,,,,,,,,,,39111500,,,,,,,,,,,,,,,,,,,,,,,,,,,,,,,,,,,,,,,,,,,
https://kichler.com,,,,,,,,,,,55209NI,55209NI Kichler Wall Sconce,,,,Kichler Lighting (KICLI),Kichler Lighting,Kichler,Kichler,55209NI,,Lighting & Electrical>Lighting Fixtures>Wall Sconces,"Kichler Lighting Kichler, Wall Sconce, 55209NI, 55209NI",WALL SCONCE 55209NI,Kichler 55209NI Wall Sconce,"Kichler Wall Sconce, 55209NI","Wall Sconce, 55209NI","Wall Sconce, 55209NI",,,,,,,,,,,,,,,,,,,,,,,,,,,Model Number,55209NI,,,,,,,,,,,,,,,,,,,,,,,,,,,,,,,,,,,,,,,,,,,,,,,,,,,,,,,,,,,,,,,,,,,,,,,,,,,,,,,,,,,,,,,,,,,,,,,,,,,,,,,,,,,,,,,,,,,,,,,,,,,,,,,,,,,,,,,,,,,,,,,,,,,,,,,,39111500,,,,,,,,,,,,,,,,,,,,,,,,,,,,,,,,,,,,,,,,,,,
https://kichler.com,,,,,,,,,,,59061BSL,59061BSL Kichler Ext Wall Lt,,,,Kichler Lighting (KICLI),Kichler Lighting,Kichler,Kichler,59061BSL,,Lighting & Fans>Outdoor Lighting>Wall Lighting,"Kichler Lighting Kichler, Exterior Wall Light, 59061BSL, 59061BSL",EXTERIOR WALL LIGHT 59061BSL,Kichler 59061BSL Exterior Wall Light,"Kichler Exterior Wall Light, 59061BSL","Exterior Wall Light, 59061BSL","Exterior Wall Light, 59061BSL",,,,,,,,,,,,,,,,,,,,,,,,,,,Model Number,59061BSL,,,,,,,,,,,,,,,,,,,,,,,,,,,,,,,,,,,,,,,,,,,,,,,,,,,,,,,,,,,,,,,,,,,,,,,,,,,,,,,,,,,,,,,,,,,,,,,,,,,,,,,,,,,,,,,,,,,,,,,,,,,,,,,,,,,,,,,,,,,,,,,,,,,,,,,,39111600,,,,,,,,,,,,,,,,,,,,,,,,,,,,,,,,,,,,,,,,,,,
https://leviton.com,,,,,,,,,,,R20-05378-P00,R2005378P00 6-50R Welder Outet,,,Leviton,Leviton Mfg Co (4927),Leviton Mfg Co,Leviton,,R20-05378-P00,,Electrical>Wiring Devices>Power Receptacles,"Leviton Mfg Co Leviton, Welder Outlet, R20-05378-P00, 6-50R",WELDER OUTLET 6-50R,Leviton R20-05378-P00 Welder Outlet,"Leviton Welder Outlet, 6-50R","Welder Outlet, 6-50R","Welder Outlet, 6-50R",,,,,,,,,,,,,,,,,,,,,,,,Welder,,,NEMA Configuration,6-50R,,,,,,,,,,,,,,,,,,,,,,,,,,,,,,,,,,,,,,,,,,,,,,,,,,,,,,,,,,,,,,,,,,,,,,,,,,,,,,,,,,,,,,,,,,,,,,,,,,,,,,,,,,,,,,,,,,,,,,,,,,,,,,,,,,,,,,,,,,,,,,,,,,,,,,,,39121406,,,,,,,,,,,,,,,,,,,,,,,,,,,,,,,,,,,,,,,,,,,
https://appliance.com,https://www.appliance.com/search?q=XOU24WDZGBR,,,,,,,,,,XOU24WDZGBR,XOU24WDZGBR Beverage Center Black,,,,Appliance Dealers Cooperative (APPDE),Appliance Dealers Cooperative,Café,Café,XOU24WDZGBR,,Appliances & Consumer Electronics>Kitchen Appliances>Beverage Centers,"Appliance Dealers Cooperative Café, Beverage Center, XOU24WDZGBR",BEVERAGE CENTER BLACK,"Café XOU24WDZGBR Beverage Center, Black","Café Beverage Center, Black","Beverage Center, Black","Beverage Center, Black",,,,,,,,,,,,,,,,,,,,,,,,,,,Color,Black,,,,,,,,,,,,,,,,,,,,,,,,,,,,,,,,,,,,,,,,,,,,,,,,,,,,,,,,,,,,,,,,,,,,,,,,,,,,,,,,,,,,,,,,,,,,,,,,,,,,,,,,,,,,,,,,,,,,,,,,,,,,,,,,,,,,,,,,,,,,,,,,,,,,,,,,52141505,,,,,,,,,,,,,,,,,,,,,,,,,,,,,,,,,,,,,,,,,,,
https://appliance.com,https://www.appliance.com/search?q=C7CDAAS3PD3,,,,,,,,,,C7CDAAS3PD3,C7CDAAS3PD3 Café Drip Coffee Maker MB,,,,Appliance Dealers Cooperative (APPDE),Appliance Dealers Cooperative,Café,Café,C7CDAAS3PD3,,Appliances & Consumer Electronics>Small Appliances>Coffee Makers,"Appliance Dealers Cooperative Café, Coffee Maker, Café, C7CDAAS3PD3",COFFEE MAKER MB,"Café Café C7CDAAS3PD3 Coffee Maker, MB","Café Coffee Maker, Café, MB","Café Coffee Maker, MB","Café Coffee Maker, MB",,,,,,,,,,,,,,,,,,,,,,,,,,,Color,MB,,,,,,,,,,,,,,,,,,,,,,,,,,,,,,,,,,,,,,,,,,,,,,,,,,,,,,,,,,,,,,,,,,,,,,,,,,,,,,,,,,,,,,,,,,,,,,,,,,,,,,,,,,,,,,,,,,,,,,,,,,,,,,,,,,,,,,,,,,,,,,,,,,,,,,,,52141507,,,,,,,,,,,,,,,,,,,,,,,,,,,,,,,,,,,,,,,,,,,
https://appliance.com,https://www.appliance.com/search?q=C7CDAAS4PW3,,,,,,,,,,C7CDAAS4PW3,C7CDAAS4PW3 Café Drip Coffee Maker MW,,,,Appliance Dealers Cooperative (APPDE),Appliance Dealers Cooperative,Café,Café,C7CDAAS4PW3,,Appliances & Consumer Electronics>Small Appliances>Coffee Makers,"Appliance Dealers Cooperative Café, Coffee Maker, Café, C7CDAAS4PW3",COFFEE MAKER MW,"Café Café C7CDAAS4PW3 Coffee Maker, MW","Café Coffee Maker, Café, MW","Café Coffee Maker, MW","Café Coffee Maker, MW",,,,,,,,,,,,,,,,,,,,,,,,,,,Color,MW,,,,,,,,,,,,,,,,,,,,,,,,,,,,,,,,,,,,,,,,,,,,,,,,,,,,,,,,,,,,,,,,,,,,,,,,,,,,,,,,,,,,,,,,,,,,,,,,,,,,,,,,,,,,,,,,,,,,,,,,,,,,,,,,,,,,,,,,,,,,,,,,,,,,,,,,52141507,,,,,,,,,,,,,,,,,,,,,,,,,,,,,,,,,,,,,,,,,,,
https://appliance.com,https://www.appliance.com/search?q=C7CDABS3RD3,,,,,,,,,,C7CDABS3RD3,C7CDABS3RD3 Café Coffee Maker MB,,,,Appliance Dealers Cooperative (APPDE),Appliance Dealers Cooperative,Café,Café,C7CDABS3RD3,,Appliances & Consumer Electronics>Kitchen Appliances>Coffee Makers,"Appliance Dealers Cooperative Café, Coffee Maker, Café, C7CDABS3RD3",COFFEE MAKER MB,"Café Café C7CDABS3RD3 Coffee Maker, MB","Café Coffee Maker, Café, MB","Café Coffee Maker, MB","Café Coffee Maker, MB",,,,,,,,,,,,,,,,,,,,,,,,,,,Color,MB,,,,,,,,,,,,,,,,,,,,,,,,,,,,,,,,,,,,,,,,,,,,,,,,,,,,,,,,,,,,,,,,,,,,,,,,,,,,,,,,,,,,,,,,,,,,,,,,,,,,,,,,,,,,,,,,,,,,,,,,,,,,,,,,,,,,,,,,,,,,,,,,,,,,,,,,52141500,,,,,,,,,,,,,,,,,,,,,,,,,,,,,,,,,,,,,,,,,,,
https://appliance.com,https://www.appliance.com/search?q=C7CDABS4RW3,,,,,,,,,,C7CDABS4RW3,C7CDABS4RW3 Café Coffee Maker MW,,,,Appliance Dealers Cooperative (APPDE),Appliance Dealers Cooperative,Café,Café,C7CDABS4RW3,,Appliances & Consumer Electronics>Kitchen Appliances>Coffee Makers,"Appliance Dealers Cooperative Café, Coffee Maker, Café, C7CDABS4RW3",COFFEE MAKER MW,"Café Café C7CDABS4RW3 Coffee Maker, MW","Café Coffee Maker, Café, MW","Café Coffee Maker, MW","Café Coffee Maker, MW",,,,,,,,,,,,,,,,,,,,,,,,,,,Color,MW,,,,,,,,,,,,,,,,,,,,,,,,,,,,,,,,,,,,,,,,,,,,,,,,,,,,,,,,,,,,,,,,,,,,,,,,,,,,,,,,,,,,,,,,,,,,,,,,,,,,,,,,,,,,,,,,,,,,,,,,,,,,,,,,,,,,,,,,,,,,,,,,,,,,,,,,52141500,,,,,,,,,,,,,,,,,,,,,,,,,,,,,,,,,,,,,,,,,,,
https://appliance.com,https://www.appliance.com/search?q=C7CEBBS2RS3,,,,,,,,,,C7CEBBS2RS3,C7CEBBS2RS3 Cafe Auto Espresso Machine SS,,,,Appliance Dealers Cooperative (APPDE),Appliance Dealers Cooperative,Café,Café,C7CEBBS2RS3,,Appliances & Consumer Electronics>Kitchen Appliances>Espresso Machines,"Appliance Dealers Cooperative Café, Espresso Machine, Café, C7CEBBS2RS3",ESPRESSO MACHINE SS,Café Café C7CEBBS2RS3 Espresso Machine,"Café Espresso Machine, Café, SS","Café Espresso Machine, SS","Café Espresso Machine, SS",,,,,,,,,,,,,,,,,,,,,,,,,,,Finish,SS,,,,,,,,,,,,,,,,,,,,,,,,,,,,,,,,,,,,,,,,,,,,,,,,,,,,,,,,,,,,,,,,,,,,,,,,,,,,,,,,,,,,,,,,,,,,,,,,,,,,,,,,,,,,,,,,,,,,,,,,,,,,,,,,,,,,,,,,,,,,,,,,,,,,,,,,52141500,,,,,,,,,,,,,,,,,,,,,,,,,,,,,,,,,,,,,,,,,,,
https://appliance.com,https://www.appliance.com/search?q=C7CEBBS4RW3,,,,,,,,,,C7CEBBS4RW3,C7CEBBS4RW3 Café Auto Espresso Machine Water Heater,,,,Appliance Dealers Cooperative (APPDE),Appliance Dealers Cooperative,Café,Café,C7CEBBS4RW3,,Appliances & Consumer Electronics>Kitchen Appliances>Espresso Machines,"Appliance Dealers Cooperative Café, Espresso Machine, Café, C7CEBBS4RW3",ESPRESSO MACHINE WATERHEATER,Café Café C7CEBBS4RW3 Espresso Machine,"Café Espresso Machine, Café, Water Heater","Café Espresso Machine, Water Heater","Café Espresso Machine, Water Heater",,,,,,,,,,,,,,,,,,,,,,,,,,,Feature,Water Heater,,,,,,,,,,,,,,,,,,,,,,,,,,,,,,,,,,,,,,,,,,,,,,,,,,,,,,,,,,,,,,,,,,,,,,,,,,,,,,,,,,,,,,,,,,,,,,,,,,,,,,,,,,,,,,,,,,,,,,,,,,,,,,,,,,,,,,,,,,,,,,,,,,,,,,,,52141500,,,,,,,,,,,,,,,,,,,,,,,,,,,,,,,,,,,,,,,,,,,
https://appliance.com,https://www.appliance.com/search?q=C7CESAS2RS3,,,,,,,,,,C7CESAS2RS3,C7CESAS2RS3 Café Espresso SS,,,,Appliance Dealers Cooperative (APPDE),Appliance Dealers Cooperative,Café,Café,C7CESAS2RS3,,Appliances & Consumer Electronics>Kitchen Appliances>Espresso Machines,"Appliance Dealers Cooperative Café, Espresso Machine, C7CESAS2RS3",ESPRESSO MACHINE C7CESAS2RS3,Café C7CESAS2RS3 Espresso Machine,"Café Espresso Machine, C7CESAS2RS3, Stainless Steel","Espresso Machine, C7CESAS2RS3, Stainless Steel","Espresso Machine, C7CESAS2RS3, Stainless Steel",,,,,,,,,,,,,,,,,,,,,,,,,,,Model Number,C7CESAS2RS3,,Finish,Stainless Steel,,,,,,,,,,,,,,,,,,,,,,,,,,,,,,,,,,,,,,,,,,,,,,,,,,,,,,,,,,,,,,,,,,,,,,,,,,,,,,,,,,,,,,,,,,,,,,,,,,,,,,,,,,,,,,,,,,,,,,,,,,,,,,,,,,,,,,,,,,,,,,,,,,,,,52141500,,,,,,,,,,,,,,,,,,,,,,,,,,,,,,,,,,,,,,,,,,,
https://appliance.com,https://www.appliance.com/search?q=C7CESAS3RD3,,,,,,,,,,C7CESAS3RD3,C7CESAS3RD3 Café Espresso Machine MB,,,,Appliance Dealers Cooperative (APPDE),Appliance Dealers Cooperative,Café,Café,C7CESAS3RD3,,Appliances & Consumer Electronics>Kitchen Appliances>Espresso Machines,"Appliance Dealers Cooperative Café, Espresso Machine, C7CESAS3RD3",ESPRESSO MACHINE C7CESAS3RD3 MATTEBLACK,Café C7CESAS3RD3 Espresso Machine,"Café Espresso Machine, C7CESAS3RD3, Matte Black","Espresso Machine, C7CESAS3RD3, Matte Black","Espresso Machine, C7CESAS3RD3, Matte Black",,,,,,,,,,,,,,,,,,,,,,,,,,,Model Number,C7CESAS3RD3,,Finish,Matte Black,,,,,,,,,,,,,,,,,,,,,,,,,,,,,,,,,,,,,,,,,,,,,,,,,,,,,,,,,,,,,,,,,,,,,,,,,,,,,,,,,,,,,,,,,,,,,,,,,,,,,,,,,,,,,,,,,,,,,,,,,,,,,,,,,,,,,,,,,,,,,,,,,,,,,52141500,,,,,,,,,,,,,,,,,,,,,,,,,,,,,,,,,,,,,,,,,,,
https://appliance.com,https://www.appliance.com/search?q=C7CESAS4RW3,,,,,,,,,,C7CESAS4RW3,C7CESAS4RW3 Cafe Espresso Water Heater,,,,Appliance Dealers Cooperative (APPDE),Appliance Dealers Cooperative,Cafe,Cafe,C7CESAS4RW3,,Appliances & Consumer Electronics>Kitchen Appliances>Espresso Machines,"Appliance Dealers Cooperative Cafe, Water Heater, C7CESAS4RW3",WATER HEATER C7CESAS4RW3,Cafe C7CESAS4RW3 Water Heater,"Cafe Water Heater, C7CESAS4RW3","Water Heater, C7CESAS4RW3","Water Heater, C7CESAS4RW3",,,,,,,,,,,,,,,,,,,,,,,,,,,Model Number,C7CESAS4RW3,,,,,,,,,,,,,,,,,,,,,,,,,,,,,,,,,,,,,,,,,,,,,,,,,,,,,,,,,,,,,,,,,,,,,,,,,,,,,,,,,,,,,,,,,,,,,,,,,,,,,,,,,,,,,,,,,,,,,,,,,,,,,,,,,,,,,,,,,,,,,,,,,,,,,,,,52141500,,,,,,,,,,,,,,,,,,,,,,,,,,,,,,,,,,,,,,,,,,,
https://appliance.com,https://www.appliance.com/search?q=WOSP30100SS,,,,,,,,,,WOSP30100SS,WOSP30100SS Beko Wall Oven SS,,,,Appliance Dealers Cooperative (APPDE),Appliance Dealers Cooperative,Beko,Beko,WOSP30100SS,,Appliances & Consumer Electronics>Kitchen Appliances>Wall Ovens,"Appliance Dealers Cooperative Beko, Wall Oven, WOSP30100SS, WOSP30100SS, Stainless Steel",WALL OVEN WOSP30100SS STAINLESSSTEEL,Beko WOSP30100SS Wall Oven,"Beko Wall Oven, WOSP30100SS, Stainless Steel","Wall Oven, WOSP30100SS, Stainless Steel","Wall Oven, WOSP30100SS, Stainless Steel",,,,,,,,,,,,,,,,,,,,,,,,,,,Model Number,WOSP30100SS,,Finish,Stainless Steel,,,,,,,,,,,,,,,,,,,,,,,,,,,,,,,,,,,,,,,,,,,,,,,,,,,,,,,,,,,,,,,,,,,,,,,,,,,,,,,,,,,,,,,,,,,,,,,,,,,,,,,,,,,,,,,,,,,,,,,,,,,,,,,,,,,,,,,,,,,,,,,,,,,,,52141506,,,,,,,,,,,,,,,,,,,,,,,,,,,,,,,,,,,,,,,,,,,
https://appliance.com,https://www.appliance.com/search?q=MSER2090S,,,,,,,,,,MSER2090S,MSER2090S LG Microwave SS,,,,Appliance Dealers Cooperative (APPDE),Appliance Dealers Cooperative,LG,LG,MSER2090S,,Appliances & Consumer Electronics>Kitchen Appliances>Microwave Ovens,"Appliance Dealers Cooperative LG, Microwave, MSER2090S, MSER2090S, Stainless Steel",MICROWAVE MSER2090S STAINLESSSTEEL,LG MSER2090S Microwave,"LG Microwave, MSER2090S, Stainless Steel","Microwave, MSER2090S, Stainless Steel","Microwave, MSER2090S, Stainless Steel",,,,,,,,,,,,,,,,,,,,,,,,,,,Model Number,MSER2090S,,Finish,Stainless Steel,,,,,,,,,,,,,,,,,,,,,,,,,,,,,,,,,,,,,,,,,,,,,,,,,,,,,,,,,,,,,,,,,,,,,,,,,,,,,,,,,,,,,,,,,,,,,,,,,,,,,,,,,,,,,,,,,,,,,,,,,,,,,,,,,,,,,,,,,,,,,,,,,,,,,52141504,,,,,,,,,,,,,,,,,,,,,,,,,,,,,,,,,,,,,,,,,,,
https://appliance.com,https://www.appliance.com/search?q=GCST16S1WSS,,,,,,,,,,GCST16S1WSS,GCST16S1WSS GE Microwave SS,,,,Appliance Dealers Cooperative (APPDE),Appliance Dealers Cooperative,GE,GE,GCST16S1WSS,,Appliances & Consumer Electronics>Kitchen Appliances>Microwave Ovens,"Appliance Dealers Cooperative GE, Microwave, GCST16S1WSS, GCST16S1WSS, Stainless Steel",MICROWAVE GCST16S1WSS STAINLESSSTEEL,GE GCST16S1WSS Microwave,"GE Microwave, GCST16S1WSS, Stainless Steel","Microwave, GCST16S1WSS, Stainless Steel","Microwave, GCST16S1WSS, Stainless Steel",,,,,,,,,,,,,,,,,,,,,,,,,,,Model Number,GCST16S1WSS,,Finish,Stainless Steel,,,,,,,,,,,,,,,,,,,,,,,,,,,,,,,,,,,,,,,,,,,,,,,,,,,,,,,,,,,,,,,,,,,,,,,,,,,,,,,,,,,,,,,,,,,,,,,,,,,,,,,,,,,,,,,,,,,,,,,,,,,,,,,,,,,,,,,,,,,,,,,,,,,,,52141504,,,,,,,,,,,,,,,,,,,,,,,,,,,,,,,,,,,,,,,,,,,
https://appliance.com,https://www.appliance.com/search?q=PCWK15C1WSS,,,,,,,,,,PCWK15C1WSS,PCWK15C1WSS GE Microwave,,,,Appliance Dealers Cooperative (APPDE),Appliance Dealers Cooperative,GE,GE,PCWK15C1WSS,,Appliances & Consumer Electronics>Kitchen Appliances>Microwave Ovens,"Appliance Dealers Cooperative GE, Microwave, PCWK15C1WSS, PCWK15C1WSS",MICROWAVE PCWK15C1WSS,GE PCWK15C1WSS Microwave,"GE Microwave, PCWK15C1WSS","Microwave, PCWK15C1WSS","Microwave, PCWK15C1WSS",,,,,,,,,,,,,,,,,,,,,,,,,,,Model Number,PCWK15C1WSS,,,,,,,,,,,,,,,,,,,,,,,,,,,,,,,,,,,,,,,,,,,,,,,,,,,,,,,,,,,,,,,,,,,,,,,,,,,,,,,,,,,,,,,,,,,,,,,,,,,,,,,,,,,,,,,,,,,,,,,,,,,,,,,,,,,,,,,,,,,,,,,,,,,,,,,,52141504,,,,,,,,,,,,,,,,,,,,,,,,,,,,,,,,,,,,,,,,,,,
https://appliance.com,https://www.appliance.com/search?q=CHP90301TBB,,,,,,,,,,CHP90301TBB,CHP90301TBB Café Cooktop Black,,,,Appliance Dealers Cooperative (APPDE),Appliance Dealers Cooperative,Café,Café,CHP90301TBB,,Appliances & Consumer Electronics>Kitchen Appliances>Cooktops,"Appliance Dealers Cooperative Café, Cooktop, CHP90301TBB, CHP90301TBB, Black",COOKTOP CHP90301TBB BLACK,"Café CHP90301TBB Cooktop, Black","Café Cooktop, CHP90301TBB, Black","Cooktop, CHP90301TBB, Black","Cooktop, CHP90301TBB, Black",,,,,,,,,,,,,,,,,,,,,,,,,,,Model Number,CHP90301TBB,,Color,Black,,,,,,,,,,,,,,,,,,,,,,,,,,,,,,,,,,,,,,,,,,,,,,,,,,,,,,,,,,,,,,,,,,,,,,,,,,,,,,,,,,,,,,,,,,,,,,,,,,,,,,,,,,,,,,,,,,,,,,,,,,,,,,,,,,,,,,,,,,,,,,,,,,,,,52141503,,,,,,,,,,,,,,,,,,,,,,,,,,,,,,,,,,,,,,,,,,,
https://appliance.com,https://www.appliance.com/search?q=JXGRILL1,,,,,,,,,,JXGRILL1,JXGRILL1 GE Range Grill,,,,Appliance Dealers Cooperative (APPDE),GE,GE,GE,JXGRILL1,,Appliances & Consumer Electronics>Appliance Parts & Accessories>Range Accessories,"GE, Range Grill, JXGRILL1, JXGRILL1",RANGE GRILL JXGRILL1,GE JXGRILL1 Range Grill,"GE Range Grill, JXGRILL1","Range Grill, JXGRILL1","Range Grill, JXGRILL1",,,,,,,,,,,,,,,,,,,,,,,,,,,Model Number,JXGRILL1,,,,,,,,,,,,,,,,,,,,,,,,,,,,,,,,,,,,,,,,,,,,,,,,,,,,,,,,,,,,,,,,,,,,,,,,,,,,,,,,,,,,,,,,,,,,,,,,,,,,,,,,,,,,,,,,,,,,,,,,,,,,,,,,,,,,,,,,,,,,,,,,,,,,,,,,52141500,,,,,,,,,,,,,,,,,,,,,,,,,,,,,,,,,,,,,,,,,,,
https://appliance.com,https://www.appliance.com/search?q=C9TMA2S3PD3,,,,,,,,,,C9TMA2S3PD3,C9TMA2S3PD3 Café Toaster MB,,,,Appliance Dealers Cooperative (APPDE),Café,Café,Café,C9TMA2S3PD3,,Appliances & Consumer Electronics>Small Appliances>Toasters,"Café, Toaster, Café, C9TMA2S3PD3, C9TMA2S3PD3, MB",TOASTER C9TMA2S3PD3 MB,Café Café C9TMA2S3PD3 Toaster,"Café Toaster, Café, C9TMA2S3PD3, MB","Café Toaster, C9TMA2S3PD3, MB","Café Toaster, C9TMA2S3PD3, MB",,,,,,,,,,,,,,,,,,,,,,,,,,,Model Number,C9TMA2S3PD3,,Finish,MB,,,,,,,,,,,,,,,,,,,,,,,,,,,,,,,,,,,,,,,,,,,,,,,,,,,,,,,,,,,,,,,,,,,,,,,,,,,,,,,,,,,,,,,,,,,,,,,,,,,,,,,,,,,,,,,,,,,,,,,,,,,,,,,,,,,,,,,,,,,,,,,,,,,,,52141530,,,,,,,,,,,,,,,,,,,,,,,,,,,,,,,,,,,,,,,,,,,
https://appliance.com,https://www.appliance.com/search?q=C9TMA2S4PW3,,,,,,,,,,C9TMA2S4PW3,C9TMA2S4PW3 Café Toaster MW,,,,Appliance Dealers Cooperative (APPDE),Café,Café,Café,C9TMA2S4PW3,,Appliances & Consumer Electronics>Small Appliances>Toasters,"Café, Toaster, Café, C9TMA2S4PW3, C9TMA2S4PW3, MW",TOASTER C9TMA2S4PW3 MW,Café Café C9TMA2S4PW3 Toaster,"Café Toaster, Café, C9TMA2S4PW3, MW","Café Toaster, C9TMA2S4PW3, MW","Café Toaster, C9TMA2S4PW3, MW",,,,,,,,,,,,,,,,,,,,,,,,,,,Model Number,C9TMA2S4PW3,,Finish,MW,,,,,,,,,,,,,,,,,,,,,,,,,,,,,,,,,,,,,,,,,,,,,,,,,,,,,,,,,,,,,,,,,,,,,,,,,,,,,,,,,,,,,,,,,,,,,,,,,,,,,,,,,,,,,,,,,,,,,,,,,,,,,,,,,,,,,,,,,,,,,,,,,,,,,52141530,,,,,,,,,,,,,,,,,,,,,,,,,,,,,,,,,,,,,,,,,,,
https://appliance.com,https://www.appliance.com/search?q=C90AAAS2RS3,,,,,,,,,,C90AAAS2RS3,C90AAAS2RS3 Cafe Toast Oven SS,,,,Appliance Dealers Cooperative (APPDE),Cafe,Cafe,Cafe,C90AAAS2RS3,,Appliances & Consumer Electronics>Small Appliances>Toaster Ovens,"Cafe, Toaster Oven, Cafe, C90AAAS2RS3, C90AAAS2RS3, SS",TOASTER OVEN C90AAAS2RS3 SS,Cafe Cafe C90AAAS2RS3 Toaster Oven,"Cafe Toaster Oven, Cafe, C90AAAS2RS3, SS","Cafe Toaster Oven, C90AAAS2RS3, SS","Cafe Toaster Oven, C90AAAS2RS3, SS",,,,,,,,,,,,,,,,,,,,,,,,,,,Model Number,C90AAAS2RS3,,Finish,SS,,,,,,,,,,,,,,,,,,,,,,,,,,,,,,,,,,,,,,,,,,,,,,,,,,,,,,,,,,,,,,,,,,,,,,,,,,,,,,,,,,,,,,,,,,,,,,,,,,,,,,,,,,,,,,,,,,,,,,,,,,,,,,,,,,,,,,,,,,,,,,,,,,,,,52141530,,,,,,,,,,,,,,,,,,,,,,,,,,,,,,,,,,,,,,,,,,,
https://appliance.com,https://www.appliance.com/search?q=C9TMA2SP2PS3,,,,,,,,,,C9TMA2SP2PS3,C9TMA2S2PS3 Cafe Toaster SS,,,,Appliance Dealers Cooperative (APPDE),Cafe,Cafe,Cafe,C9TMA2SP2PS3,,Appliances & Consumer Electronics>Small Appliances>Toasters,"Cafe, Toaster, Cafe, C9TMA2SP2PS3, C9TMA2S2PS3, SS",TOASTER C9TMA2S2PS3 SS,Cafe Cafe C9TMA2SP2PS3 Toaster,"Cafe Toaster, Cafe, C9TMA2S2PS3, SS","Cafe Toaster, C9TMA2S2PS3, SS","Cafe Toaster, C9TMA2S2PS3, SS",,,,,,,,,,,,,,,,,,,,,,,,,,,Model Number,C9TMA2S2PS3,,Finish,SS,,,,,,,,,,,,,,,,,,,,,,,,,,,,,,,,,,,,,,,,,,,,,,,,,,,,,,,,,,,,,,,,,,,,,,,,,,,,,,,,,,,,,,,,,,,,,,,,,,,,,,,,,,,,,,,,,,,,,,,,,,,,,,,,,,,,,,,,,,,,,,,,,,,,,52141530,,,,,,,,,,,,,,,,,,,,,,,,,,,,,,,,,,,,,,,,,,,
https://appliance.com,https://www.appliance.com/search?q=GNE27JYMFS,,,,,,,,,,GNE27JYMFS,GNE27JYMFS GE Fridge SS,,,,Appliance Dealers Cooperative (APPDE),GE,GE,GE,GNE27JYMFS,,Appliances & Consumer Electronics>Kitchen Appliances>Refrigerators,"GE, Refrigerator, GNE27JYMFS, GNE27JYMFS, SS",REFRIGERATOR GNE27JYMFS SS,GE GNE27JYMFS Refrigerator,"GE Refrigerator, GNE27JYMFS, SS","Refrigerator, GNE27JYMFS, SS","Refrigerator, GNE27JYMFS, SS",,,,,,,,,,,,,,,,,,,,,,,,,,,Model Number,GNE27JYMFS,,Finish,SS,,,,,,,,,,,,,,,,,,,,,,,,,,,,,,,,,,,,,,,,,,,,,,,,,,,,,,,,,,,,,,,,,,,,,,,,,,,,,,,,,,,,,,,,,,,,,,,,,,,,,,,,,,,,,,,,,,,,,,,,,,,,,,,,,,,,,,,,,,,,,,,,,,,,,52141511,,,,,,,,,,,,,,,,,,,,,,,,,,,,,,,,,,,,,,,,,,,
https://appliance.com,https://www.appliance.com/search?q=CVE28DP3ND1,,,,,,,,,,CVE28DP3ND1,CVE28DP3ND1 Cafe Fridge Black,,,,Appliance Dealers Cooperative (APPDE),Appliance Dealers Cooperative,Cafe,Cafe,CVE28DP3ND1,,Appliances & Consumer Electronics>Kitchen Appliances>Refrigerators,"Appliance Dealers Cooperative Cafe, Fridge, CVE28DP3ND1, Black, CVE28DP3ND1",FRIDGE BLACK CVE28DP3ND1,"Cafe CVE28DP3ND1 Fridge, Black","Cafe Fridge, Black, CVE28DP3ND1","Fridge, Black, CVE28DP3ND1","Fridge, Black, CVE28DP3ND1",,,,,,,,,,,,,,,,,,,,,,,,,,,Color,Black,,Model Number,CVE28DP3ND1,,,,,,,,,,,,,,,,,,,,,,,,,,,,,,,,,,,,,,,,,,,,,,,,,,,,,,,,,,,,,,,,,,,,,,,,,,,,,,,,,,,,,,,,,,,,,,,,,,,,,,,,,,,,,,,,,,,,,,,,,,,,,,,,,,,,,,,,,,,,,,,,,,,,,52141511,,,,,,,,,,,,,,,,,,,,,,,,,,,,,,,,,,,,,,,,,,,
https://appliance.com,https://www.appliance.com/search?q=PAD28BYTFS,,,,,,,,,,PAD28BYTFS,PAD28BYTFS GE Fridge SS,,,,Appliance Dealers Cooperative (APPDE),GE,GE,GE,PAD28BYTFS,,Appliances & Consumer Electronics>Kitchen Appliances>Refrigerators,"GE, Fridge, PAD28BYTFS, SS, PAD28BYTFS",FRIDGE SS PAD28BYTFS,"GE PAD28BYTFS Fridge, SS","GE Fridge, SS, PAD28BYTFS","Fridge, SS, PAD28BYTFS","Fridge, SS, PAD28BYTFS",,,,,,,,,,,,,,,,,,,,,,,,,,,Color,SS,,Model Number,PAD28BYTFS,,,,,,,,,,,,,,,,,,,,,,,,,,,,,,,,,,,,,,,,,,,,,,,,,,,,,,,,,,,,,,,,,,,,,,,,,,,,,,,,,,,,,,,,,,,,,,,,,,,,,,,,,,,,,,,,,,,,,,,,,,,,,,,,,,,,,,,,,,,,,,,,,,,,,52141511,,,,,,,,,,,,,,,,,,,,,,,,,,,,,,,,,,,,,,,,,,,
https://appliance.com,https://www.appliance.com/search?q=PGE29BYTFS,,,,,,,,,,PGE29BYTFS,PGE29BYTFS GE Fridge SS,,,,Appliance Dealers Cooperative (APPDE),GE,GE,GE,PGE29BYTFS,,Appliances & Consumer Electronics>Large Appliances>Refrigerators,"GE, Fridge, PGE29BYTFS, SS, PGE29BYTFS",FRIDGE SS PGE29BYTFS,"GE PGE29BYTFS Fridge, SS","GE Fridge, SS, PGE29BYTFS","Fridge, SS, PGE29BYTFS","Fridge, SS, PGE29BYTFS",,,,,,,,,,,,,,,,,,,,,,,,,,,Color,SS,,Model Number,PGE29BYTFS,,,,,,,,,,,,,,,,,,,,,,,,,,,,,,,,,,,,,,,,,,,,,,,,,,,,,,,,,,,,,,,,,,,,,,,,,,,,,,,,,,,,,,,,,,,,,,,,,,,,,,,,,,,,,,,,,,,,,,,,,,,,,,,,,,,,,,,,,,,,,,,,,,,,,52141501,,,,,,,,,,,,,,,,,,,,,,,,,,,,,,,,,,,,,,,,,,,
https://appliance.com,https://www.appliance.com/search?q=ERFD19CGCS,,,,,,,,,,ERFD19CGCS,ERFD19CGCS Element Fridge SS,,,,Appliance Dealers Cooperative (APPDE),Element,Element,Element,ERFD19CGCS,,Appliances & Consumer Electronics>Large Appliances>Refrigerators,"Element, Fridge, ERFD19CGCS, SS, ERFD19CGCS",FRIDGE SS ERFD19CGCS,"Element ERFD19CGCS Fridge, SS","Element Fridge, SS, ERFD19CGCS","Fridge, SS, ERFD19CGCS","Fridge, SS, ERFD19CGCS",,,,,,,,,,,,,,,,,,,,,,,,,,,Color,SS,,Model Number,ERFD19CGCS,,,,,,,,,,,,,,,,,,,,,,,,,,,,,,,,,,,,,,,,,,,,,,,,,,,,,,,,,,,,,,,,,,,,,,,,,,,,,,,,,,,,,,,,,,,,,,,,,,,,,,,,,,,,,,,,,,,,,,,,,,,,,,,,,,,,,,,,,,,,,,,,,,,,,52141501,,,,,,,,,,,,,,,,,,,,,,,,,,,,,,,,,,,,,,,,,,,
https://appliance.com,https://www.appliance.com/search?q=LT18S2100W,,,,,,,,,,LT18S2100W,LT18S2100W LG Fridge Water Heater,,,,Appliance Dealers Cooperative (APPDE),LG,LG,LG,LT18S2100W,,Appliances & Consumer Electronics>Water Heaters>Residential Water Heaters,"LG, Water Heater, LT18S2100W, White, LT18S2100W",WATER HEATER WHITE LT18S2100W,"LG LT18S2100W Water Heater, White","LG Water Heater, White, LT18S2100W","Water Heater, White, LT18S2100W","Water Heater, White, LT18S2100W",,,,,,,,,,,,,,,,,,,,,,,,,,,Color,White,,Model Number,LT18S2100W,,,,,,,,,,,,,,,,,,,,,,,,,,,,,,,,,,,,,,,,,,,,,,,,,,,,,,,,,,,,,,,,,,,,,,,,,,,,,,,,,,,,,,,,,,,,,,,,,,,,,,,,,,,,,,,,,,,,,,,,,,,,,,,,,,,,,,,,,,,,,,,,,,,,,40101825,,,,,,,,,,,,,,,,,,,,,,,,,,,,,,,,,,,,,,,,,,,
https://edgeeyewear.com,https://edgeeyewear.com/search?q=tc121vs,,,,,,,,,,TC121VS,TC121VS Edge Safety Glasses - Tacana Black Frame,,,,Edge Eyewear Inc (EDGSA),Edge Eyewear Inc,Edge,Edge,TC121VS,,Safety>Personal Protective Equipment>Eye Protection,"Edge Eyewear Inc Edge, Safety Glasses, Tacana, TC121VS, Black, TC121VS",SAFETY GLASSES BLACK TC121VS,Edge Tacana TC121VS Safety Glasses,"Edge Safety Glasses, Tacana, Black, TC121VS","Tacana Safety Glasses, Black, TC121VS","Tacana Safety Glasses, Black, TC121VS",,,,,,,,,,,,,,,,,,,,,,,,,,,Frame Color,Black,,Model Number,TC121VS,,,,,,,,,,,,,,,,,,,,,,,,,,,,,,,,,,,,,,,,,,,,,,,,,,,,,,,,,,,,,,,,,,,,,,,,,,,,,,,,,,,,,,,,,,,,,,,,,,,,,,,,,,,,,,,,,,,,,,,,,,,,,,,,,,,,,,,,,,,,,,,,,,,,,46181802,,,,,,,,,,,,,,,,,,,,,,,,,,,,,,,,,,,,,,,,,,,
https://edgeeyewear.com,https://edgeeyewear.com/search?q=tc126vs,,,,,,,,,,TC126VS,TC126VS Edge Safety Glasses - Tacana Black Frame,,,,Edge Eyewear Inc (EDGSA),Edge Eyewear Inc,Edge,Edge,TC126VS,,Safety>Personal Protective Equipment>Eye Protection,"Edge Eyewear Inc Edge, Safety Glasses, Tacana, TC126VS, Black, TC126VS",SAFETY GLASSES BLACK TC126VS,Edge Tacana TC126VS Safety Glasses,"Edge Safety Glasses, Tacana, Black, TC126VS","Tacana Safety Glasses, Black, TC126VS","Tacana Safety Glasses, Black, TC126VS",,,,,,,,,,,,,,,,,,,,,,,,,,,Frame Color,Black,,Model Number,TC126VS,,,,,,,,,,,,,,,,,,,,,,,,,,,,,,,,,,,,,,,,,,,,,,,,,,,,,,,,,,,,,,,,,,,,,,,,,,,,,,,,,,,,,,,,,,,,,,,,,,,,,,,,,,,,,,,,,,,,,,,,,,,,,,,,,,,,,,,,,,,,,,,,,,,,,46181802,,,,,,,,,,,,,,,,,,,,,,,,,,,,,,,,,,,,,,,,,,,
https://edgeeyewear.com,https://edgeeyewear.com/search?q=mk113mpap,,,,,,,,,,MK113MPAP,MK113MPAP Edge Safety Glasses - Makalu Black Frame Polarized,,,,Edge Eyewear Inc (EDGSA),Edge Eyewear Inc,Edge,Edge,MK113MPAP,,Safety>Personal Protective Equipment>Eye Protection,"Edge Eyewear Inc Edge, Safety Glasses, Makalu, MK113MPAP, Black, Polarized, MK113MPAP",SAFETY GLASSES BLACK POLARIZED MK113MPAP,Edge Makalu MK113MPAP Safety Glasses,"Edge Safety Glasses, Makalu, Black, Polarized, MK113MPAP","Makalu Safety Glasses, Black, Polarized, MK113MPAP","Makalu Safety Glasses, Black, Polarized, MK113MPAP",,,,,,,,,,,,,,,,,,,,,,,,,,,Frame Color,Black,,Lens Type,Polarized,,Model Number,MK113MPAP,,,,,,,,,,,,,,,,,,,,,,,,,,,,,,,,,,,,,,,,,,,,,,,,,,,,,,,,,,,,,,,,,,,,,,,,,,,,,,,,,,,,,,,,,,,,,,,,,,,,,,,,,,,,,,,,,,,,,,,,,,,,,,,,,,,,,,,,,,,,,,,,,,46181802,,,,,,,,,,,,,,,,,,,,,,,,,,,,,,,,,,,,,,,,,,,
https://edgeeyewear.com,https://edgeeyewear.com/search?q=ls117mpap,,,,,,,,,,LS117MPAP,LS117MPAP Edge Safety Glasses - Lassen Black Frame Polarized,,,,Edge Eyewear Inc (EDGSA),Edge Eyewear Inc,Edge,Edge,LS117MPAP,,Safety>Personal Protective Equipment>Eye Protection,"Edge Eyewear Inc Edge, Safety Glasses, Lassen, LS117MPAP, Black, Polarized, LS117MPAP",SAFETY GLASSES BLACK POLARIZED LS117MPAP,Edge Lassen LS117MPAP Safety Glasses,"Edge Safety Glasses, Lassen, Black, Polarized, LS117MPAP","Lassen Safety Glasses, Black, Polarized, LS117MPAP","Lassen Safety Glasses, Black, Polarized, LS117MPAP",,,,,,,,,,,,,,,,,,,,,,,,,,,Frame Color,Black,,Lens Type,Polarized,,Model Number,LS117MPAP,,,,,,,,,,,,,,,,,,,,,,,,,,,,,,,,,,,,,,,,,,,,,,,,,,,,,,,,,,,,,,,,,,,,,,,,,,,,,,,,,,,,,,,,,,,,,,,,,,,,,,,,,,,,,,,,,,,,,,,,,,,,,,,,,,,,,,,,,,,,,,,,,,46181802,,,,,,,,,,,,,,,,,,,,,,,,,,,,,,,,,,,,,,,,,,,
https://black.com,,,,,,,,,,,DCBP250C,DCBP520C Dewalt Starter Kit,,,DEWALT,Black & Decker/dewlt (2585),Black & Decker/dewlt,Dewalt,Dewalt,DCBP250C,,Tools & Equipment>Power Tools>Power Tool Kits,"Black & Decker/dewlt Dewalt, Starter Kit, DCBP250C, DCBP520C",STARTER KIT DCBP520C,Dewalt DCBP250C Starter Kit,"Dewalt Starter Kit, DCBP520C","Starter Kit, DCBP520C","Starter Kit, DCBP520C",,,,,,,,,,,,,,,,,,,,,,,,,,,Model Number,DCBP520C,,,,,,,,,,,,,,,,,,,,,,,,,,,,,,,,,,,,,,,,,,,,,,,,,,,,,,,,,,,,,,,,,,,,,,,,,,,,,,,,,,,,,,,,,,,,,,,,,,,,,,,,,,,,,,,,,,,,,,,,,,,,,,,,,,,,,,,,,,,,,,,,,,,,,,,,27112700,,,,,,,,,,,,,,,,,,,,,,,,,,,,,,,,,,,,,,,,,,,
https://,,,,,,,,,,,3200-20,3200-20 Milwaukee Voltage Detector,,,,Milwaukee Accessory (4031),Milwaukee Accessory,Milwaukee,Milwaukee,3200-20,,Tools & Equipment>Test & Measurement>Voltage Detectors,"Milwaukee Accessory Milwaukee, Voltage Detector, 3200-20, 3200-20",VOLTAGE DETECTOR 3200-20,Milwaukee 3200-20 Voltage Detector,"Milwaukee Voltage Detector, 3200-20","Voltage Detector, 3200-20","Voltage Detector, 3200-20",,,,,,,,,,,,,,,,,,,,,,,,,,,Model Number,3200-20,,,,,,,,,,,,,,,,,,,,,,,,,,,,,,,,,,,,,,,,,,,,,,,,,,,,,,,,,,,,,,,,,,,,,,,,,,,,,,,,,,,,,,,,,,,,,,,,,,,,,,,,,,,,,,,,,,,,,,,,,,,,,,,,,,,,,,,,,,,,,,,,,,,,,,,,41113600,,,,,,,,,,,,,,,,,,,,,,,,,,,,,,,,,,,,,,,,,,,
https://mirka.com,,,,,,,,,,,MID6630201US,MID6630201US Deos663XCV Sander,,,,Mirka Abrasives Inc (MIRUS),Mirka Abrasives Inc,Mirka,Mirka,MID6630201US,,Tools>Power Tools>Sanders,"Mirka Abrasives Inc Mirka, sander, Deos, MID6630201US, 663XCV",SANDER 663XCV,Mirka Deos MID6630201US sander,"Mirka sander, Deos, 663XCV","Deos sander, 663XCV","Deos sander, 663XCV",,,,,,,,,,,,,,,,,,,,,,,,,,,Model,663XCV,,,,,,,,,,,,,,,,,,,,,,,,,,,,,,,,,,,,,,,,,,,,,,,,,,,,,,,,,,,,,,,,,,,,,,,,,,,,,,,,,,,,,,,,,,,,,,,,,,,,,,,,,,,,,,,,,,,,,,,,,,,,,,,,,,,,,,,,,,,,,,,,,,,,,,,,27112702,,,,,,,,,,,,,,,,,,,,,,,,,,,,,,,,,,,,,,,,,,,
https://,,,,,,,,,,,AVM6EV,AVM7 EV Mini Snip Green,,,,Malco Prod (2370),Malco Prod,Malco,Malco,AVM6EV,,Hand Tools>Cutting Tools>Snips,"Malco Prod Malco, snip, EV, AVM6EV, AVM7, Green",SNIP AVM7 GREEN,"Malco EV AVM6EV snip, Green","Malco snip, EV, AVM7, Green","EV snip, AVM7, Green","EV snip, AVM7, Green",,,,,,,,,,,,,,,,,,,,,,,,,,,Model Number,AVM7,,Color,Green,,,,,,,,,,,,,,,,,,,,,,,,,,,,,,,,,,,,,,,,,,,,,,,,,,,,,,,,,,,,,,,,,,,,,,,,,,,,,,,,,,,,,,,,,,,,,,,,,,,,,,,,,,,,,,,,,,,,,,,,,,,,,,,,,,,,,,,,,,,,,,,,,,,,,27111500,,,,,,,,,,,,,,,,,,,,,,,,,,,,,,,,,,,,,,,,,,,
https://makita.com,,,,,,,,,,,XRU15PT1,XRU15PT1 Makita String Trimmer,,,,Makita Usa Inc (5142),Makita Usa Inc,Makita,Makita,XRU15PT1,,Power Tools>Outdoor Power Equipment>String Trimmers,"Makita Usa Inc Makita, String Trimmer, XRU15PT1, XRU15PT1",STRING TRIMMER XRU15PT1,Makita XRU15PT1 String Trimmer,"Makita String Trimmer, XRU15PT1","String Trimmer, XRU15PT1","String Trimmer, XRU15PT1",,,,,,,,,,,,,,,,,,,,,,,,,,,Model Number,XRU15PT1,,,,,,,,,,,,,,,,,,,,,,,,,,,,,,,,,,,,,,,,,,,,,,,,,,,,,,,,,,,,,,,,,,,,,,,,,,,,,,,,,,,,,,,,,,,,,,,,,,,,,,,,,,,,,,,,,,,,,,,,,,,,,,,,,,,,,,,,,,,,,,,,,,,,,,,,21101700,,,,,,,,,,,,,,,,,,,,,,,,,,,,,,,,,,,,,,,,,,,
https://black.com,,,,,,,,,,,D25333K,D25333K Dewalt Hammer Drill,,,,Black & Decker/dewlt (2585),Black & Decker/dewlt,Dewalt,Dewalt,D25333K,,Tools & Equipment>Power Tools>Hammer Drills,"Black & Decker/dewlt Dewalt, Hammer Drill, D25333K, D25333K",HAMMER DRILL D25333K,Dewalt D25333K Hammer Drill,"Dewalt Hammer Drill, D25333K","Hammer Drill, D25333K","Hammer Drill, D25333K",,,,,,,,,,,,,,,,,,,,,,,,,,,Model Number,D25333K,,,,,,,,,,,,,,,,,,,,,,,,,,,,,,,,,,,,,,,,,,,,,,,,,,,,,,,,,,,,,,,,,,,,,,,,,,,,,,,,,,,,,,,,,,,,,,,,,,,,,,,,,,,,,,,,,,,,,,,,,,,,,,,,,,,,,,,,,,,,,,,,,,,,,,,,27112702,,,,,,,,,,,,,,,,,,,,,,,,,,,,,,,,,,,,,,,,,,,
https://black.com,,,,,,,,,,,DCD803B,DCD803B Dewalt Multi-Head Drill Driver,,,,Black & Decker/dewlt (2585),Black & Decker/dewlt,Dewalt,Dewalt,DCD803B,,Tools & Equipment>Power Tools>Drill Drivers,"Black & Decker/dewlt Dewalt, Drill Driver, DCD803B, DCD803B, Multi-Head",DRILL DRIVER DCD803B MULTI-HEAD,Dewalt DCD803B Drill Driver,"Dewalt Drill Driver, DCD803B, Multi-Head","Drill Driver, DCD803B, Multi-Head","Drill Driver, DCD803B, Multi-Head",,,,,,,,,,,,,,,,,,,,,,,,,,,Model Number,DCD803B,,Type,Multi-Head,,,,,,,,,,,,,,,,,,,,,,,,,,,,,,,,,,,,,,,,,,,,,,,,,,,,,,,,,,,,,,,,,,,,,,,,,,,,,,,,,,,,,,,,,,,,,,,,,,,,,,,,,,,,,,,,,,,,,,,,,,,,,,,,,,,,,,,,,,,,,,,,,,,,,27112701,,,,,,,,,,,,,,,,,,,,,,,,,,,,,,,,,,,,,,,,,,,
https://,,,,,,,,,,,3401-20,3401-20 Milwaukee M12 Drill Driver - Brushless Compact (Bare),,,,Milwaukee Accessory (4031),Milwaukee Accessory,Milwaukee,Milwaukee,3401-20,,Tools & Equipment>Power Tools>Drill Drivers,"Milwaukee Accessory Milwaukee, Drill Driver, M12, 3401-20, 3401-20, Brushless, Bare",DRILL DRIVER 3401-20 BRUSHLESS BARE,Milwaukee M12 3401-20 Drill Driver,"Milwaukee Drill Driver, M12, 3401-20, Brushless, Bare","M12 Drill Driver, 3401-20, Brushless, Bare","M12 Drill Driver, 3401-20, Brushless, Bare",,,,,,,,,,,,,,,,,,,,,,,,,,,Model Number,3401-20,,Motor Type,Brushless,,Configuration,Bare,,,,,,,,,,,,,,,,,,,,,,,,,,,,,,,,,,,,,,,,,,,,,,,,,,,,,,,,,,,,,,,,,,,,,,,,,,,,,,,,,,,,,,,,,,,,,,,,,,,,,,,,,,,,,,,,,,,,,,,,,,,,,,,,,,,,,,,,,,,,,,,,,,27112701,,,,,,,,,,,,,,,,,,,,,,,,,,,,,,,,,,,,,,,,,,,
https://black.com,,,,,,,,,,,DCD799B,DCD799B Dewalt Drill,,,,Black & Decker/dewlt (2585),Black & Decker/dewlt,Dewalt,Dewalt,DCD799B,,Tools & Equipment>Power Tools>Drill Drivers,"Black & Decker/dewlt Dewalt, Drill, DCD799B, DCD799B",DRILL DCD799B,Dewalt DCD799B Drill,"Dewalt Drill, DCD799B","Drill, DCD799B","Drill, DCD799B",,,,,,,,,,,,,,,,,,,,,,,,,,,Model Number,DCD799B,,,,,,,,,,,,,,,,,,,,,,,,,,,,,,,,,,,,,,,,,,,,,,,,,,,,,,,,,,,,,,,,,,,,,,,,,,,,,,,,,,,,,,,,,,,,,,,,,,,,,,,,,,,,,,,,,,,,,,,,,,,,,,,,,,,,,,,,,,,,,,,,,,,,,,,,27112701,,,,,,,,,,,,,,,,,,,,,,,,,,,,,,,,,,,,,,,,,,,
https://,,,,,,,,,,,2909-20,2909-20 Milwaukee Roofing Nailer - M18,,,Milwaukee,Milwaukee Accessory (4031),Milwaukee Accessory,Milwaukee,Milwaukee,2909-20,,Tools & Equipment>Power Tools>Nailers,"Milwaukee Accessory Milwaukee, Roofing Nailer, M18, 2909-20, 2909-20",ROOFING NAILER 2909-20,Milwaukee M18 2909-20 Roofing Nailer,"Milwaukee Roofing Nailer, M18, 2909-20","M18 Roofing Nailer, 2909-20","M18 Roofing Nailer, 2909-20",,,,,,,,,,,,,,,,,,,,,,,,,,,Model Number,2909-20,,,,,,,,,,,,,,,,,,,,,,,,,,,,,,,,,,,,,,,,,,,,,,,,,,,,,,,,,,,,,,,,,,,,,,,,,,,,,,,,,,,,,,,,,,,,,,,,,,,,,,,,,,,,,,,,,,,,,,,,,,,,,,,,,,,,,,,,,,,,,,,,,,,,,,,,27111905,,,,,,,,,,,,,,,,,,,,,,,,,,,,,,,,,,,,,,,,,,,
https://,,,,,,,,,,,2909-21,2909-21 Milwaukee M18 Coil Roofing - Nailer Kit,,,Milwaukee,Milwaukee Accessory (4031),Milwaukee Accessory,Milwaukee,Milwaukee,2909-21,,Tools & Equipment>Power Tools>Nailers,"Milwaukee Accessory Milwaukee, Nailer Kit, M18, 2909-21, 2909-21, Coil Roofing Nailer",NAILER KIT 2909-21 COILROOFINGNAILER,Milwaukee M18 2909-21 Nailer Kit,"Milwaukee Nailer Kit, M18, 2909-21, Coil Roofing Nailer","M18 Nailer Kit, 2909-21, Coil Roofing Nailer","M18 Nailer Kit, 2909-21, Coil Roofing Nailer",,,,,,,,,,,,,,,,,,,,,,,,,,,Model Number,2909-21,,Tool Type,Coil Roofing Nailer,,,,,,,,,,,,,,,,,,,,,,,,,,,,,,,,,,,,,,,,,,,,,,,,,,,,,,,,,,,,,,,,,,,,,,,,,,,,,,,,,,,,,,,,,,,,,,,,,,,,,,,,,,,,,,,,,,,,,,,,,,,,,,,,,,,,,,,,,,,,,,,,,,,,,27111905,,,,,,,,,,,,,,,,,,,,,,,,,,,,,,,,,,,,,,,,,,,
https://makita.com,,,,,,,,,,,BL1850BDC1,BL1850BDC1 Makita Starter Kit,,,,Makita Usa Inc (5142),Makita Usa Inc,Makita,Makita,BL1850BDC1,,Power Tools & Equipment>Power Tool Accessories>Battery Packs & Kits,"Makita Usa Inc Makita, Starter Kit, BL1850BDC1, BL1850BDC1",STARTER KIT BL1850BDC1,Makita BL1850BDC1 Starter Kit,"Makita Starter Kit, BL1850BDC1","Starter Kit, BL1850BDC1","Starter Kit, BL1850BDC1",,,,,,,,,,,,,,,,,,,,,,,,,,,Model Number,BL1850BDC1,,,,,,,,,,,,,,,,,,,,,,,,,,,,,,,,,,,,,,,,,,,,,,,,,,,,,,,,,,,,,,,,,,,,,,,,,,,,,,,,,,,,,,,,,,,,,,,,,,,,,,,,,,,,,,,,,,,,,,,,,,,,,,,,,,,,,,,,,,,,,,,,,,,,,,,,26111700,,,,,,,,,,,,,,,,,,,,,,,,,,,,,,,,,,,,,,,,,,,
https://makita.com,,,,,,,,,,,BL1850BDC2X1,BL1850BDC2X1 Makita Starter Kit,,,,Makita Usa Inc (5142),Makita Usa Inc,Makita,Makita,BL1850BDC2X1,,Power Tools & Equipment>Power Tool Accessories>Battery Packs & Kits,"Makita Usa Inc Makita, Starter Kit, BL1850BDC2X1, BL1850BDC2X1",STARTER KIT BL1850BDC2X1,Makita BL1850BDC2X1 Starter Kit,"Makita Starter Kit, BL1850BDC2X1","Starter Kit, BL1850BDC2X1","Starter Kit, BL1850BDC2X1",,,,,,,,,,,,,,,,,,,,,,,,,,,Model Number,BL1850BDC2X1,,,,,,,,,,,,,,,,,,,,,,,,,,,,,,,,,,,,,,,,,,,,,,,,,,,,,,,,,,,,,,,,,,,,,,,,,,,,,,,,,,,,,,,,,,,,,,,,,,,,,,,,,,,,,,,,,,,,,,,,,,,,,,,,,,,,,,,,,,,,,,,,,,,,,,,,26111700,,,,,,,,,,,,,,,,,,,,,,,,,,,,,,,,,,,,,,,,,,,
https://,,,,,,,,,,,48-11-2422,48-11-2422 Milwaukee M12 CP2.0 Battery Two Pack,,,,Milwaukee Accessory (4031),Milwaukee Accessory,Milwaukee,Milwaukee,48-11-2422,,Power Tools & Equipment>Power Tool Accessories>Battery Packs & Kits,"Milwaukee Accessory Milwaukee, battery, M12, 48-11-2422, 48-11-2422, Two",BATTERY 48-11-2422 TWO,Milwaukee M12 48-11-2422 battery,"Milwaukee battery, M12, 48-11-2422, Two","M12 battery, 48-11-2422, Two","M12 battery, 48-11-2422, Two",,,,,,,,,,,,,,,,,,,,,,,,,,,Model Number,48-11-2422,,Quantity,Two,,,,,,,,,,,,,,,,,,,,,,,,,,,,,,,,,,,,,,,,,,,,,,,,,,,,,,,,,,,,,,,,,,,,,,,,,,,,,,,,,,,,,,,,,,,,,,,,,,,,,,,,,,,,,,,,,,,,,,,,,,,,,,,,,,,,,,,,,,,,,,,,,,,,,26111700,,,,,,,,,,,,,,,,,,,,,,,,,,,,,,,,,,,,,,,,,,,
https://,,,,,,,,,,,2847-20,2847-20 Milwaukee M18 Charger and Power Supply,,,,Milwaukee Accessory (4031),Milwaukee Accessory,Milwaukee,Milwaukee,2847-20,,Power Tools & Equipment>Power Tool Accessories>Battery Chargers,"Milwaukee Accessory Milwaukee, charger and power supply, M18, 2847-20",CHARGER AND POWER SUPPLY 2847-20,Milwaukee M18 2847-20 charger and power supply,"Milwaukee charger and power supply, M18, 2847-20","M18 charger and power supply, 2847-20","M18 charger and power supply, 2847-20",,,,,,,,,,,,,,,,,,,,,,,,,,,Model Number,2847-20,,,,,,,,,,,,,,,,,,,,,,,,,,,,,,,,,,,,,,,,,,,,,,,,,,,,,,,,,,,,,,,,,,,,,,,,,,,,,,,,,,,,,,,,,,,,,,,,,,,,,,,,,,,,,,,,,,,,,,,,,,,,,,,,,,,,,,,,,,,,,,,,,,,,,,,,26111700,,,,,,,,,,,,,,,,,,,,,,,,,,,,,,,,,,,,,,,,,,,
https://,,,,,,,,,,,4000-2/32,4000-2/32 DREMEL ROTARY TOOL,,,Dremel,Robt Bosch Tool Corp (6564),Robt Bosch Tool Corp,Dremel,Dremel,4000-2/32,,Power Tools & Accessories>Power Tools>Rotary Tools,"Robt Bosch Tool Corp Dremel, Rotary Tool, 4000, 4000-2/32, 4000-2/32",ROTARY TOOL 4000-2/32,Dremel 4000 4000-2/32 Rotary Tool,"Dremel Rotary Tool, 4000, 4000-2/32","4000 Rotary Tool, 4000-2/32","4000 Rotary Tool, 4000-2/32",,,,,,,,,,,,,,,,,,,,,,,,,,,Model Number,4000-2/32,,,,,,,,,,,,,,,,,,,,,,,,,,,,,,,,,,,,,,,,,,,,,,,,,,,,,,,,,,,,,,,,,,,,,,,,,,,,,,,,,,,,,,,,,,,,,,,,,,,,,,,,,,,,,,,,,,,,,,,,,,,,,,,,,,,,,,,,,,,,,,,,,,,,,,,,27111900,,,,,,,,,,,,,,,,,,,,,,,,,,,,,,,,,,,,,,,,,,,
https://phillips.com,,,,,,,,,,,467316,467316 150W Sodium Med 21k,,,Philips,Phillips Lighting (5831),Phillips Lighting,Philips,,467316,,Lighting & Electrical>Light Bulbs>High Intensity Discharge Bulbs,"Phillips Lighting Philips, Sodium bulb, 467316, 150 W, Medium, 21000 K",SODIUM BULB 150W MEDIUM 21000K,Philips 467316 Sodium bulb With Sodium,"Philips Sodium bulb With Sodium, 150 W Wattage, Medium, 21000 K Color Temperature, Additional Information: 467316 150W Sodium Med 21k","Sodium bulb, 150 W, Medium, 21000 K","Sodium bulb, 150 W, Medium, 21000 K",Sodium,,,,,,,,,,,,,,,,,,,,With Sodium,,,,,,Wattage,150,W,Base Type,Medium,,Color Temperature,21000,K,,,,,,,,,,,,,,,,,,,,,,,,,,,,,,,,,,,,,,,,,,,,,,,,,,,,,,,,,,,,,,,,,,,,,,,,,,,,,,,,,,,,,,,,,,,,,,,,,,,,,,,,,,,,,,,,,,,,,,,,,,,,,,,,,,,,,,,,,,,,,,,,,39101614,,,,,,,,,,,,,,,,,,,,,,,,,,,,,,,,,,,,,,,,,,,
https://,,,,,,,,,,,S3702,S3702 40W Incan Med 27K,,,Satco,Satco Prod Inc (5573),Satco Prod Inc,Satco,,S3702,,Lighting & Electrical>Light Bulbs>Incandescent Bulbs,"Satco Prod Inc Satco, Incandescent bulb, S3702, 40 W, Medium, 27000 K",INCANDESCENT BULB 40W MEDIUM 27000K,Satco S3702 Incandescent bulb With Incan,"Satco Incandescent bulb With Incan, 40 W Wattage, Medium, 27000 K Color Temperature, Additional Information: S3702 40W Incan Med 27K","Incandescent bulb, 40 W, Medium, 27000 K","Incandescent bulb, 40 W, Medium, 27000 K",Incan,,,,,,,,,,,,,,,,,,,,With Incan,,,,,,Wattage,40,W,Base Type,Medium,,Color Temperature,27000,K,,,,,,,,,,,,,,,,,,,,,,,,,,,,,,,,,,,,,,,,,,,,,,,,,,,,,,,,,,,,,,,,,,,,,,,,,,,,,,,,,,,,,,,,,,,,,,,,,,,,,,,,,,,,,,,,,,,,,,,,,,,,,,,,,,,,,,,,,,,,,,,,,39101601,,,,,,,,,,,,,,,,,,,,,,,,,,,,,,,,,,,,,,,,,,,
https://,,,,,,,,,,,S3703,S3703 40W Incan Med 27K,,,Satco,Satco Prod Inc (5573),Satco Prod Inc,Satco,,S3703,,Lighting & Electrical>Light Bulbs>Incandescent Bulbs,"Satco Prod Inc Satco, Incandescent bulb, S3703, 40 W, Medium, 27000 K",INCANDESCENT BULB 40W MEDIUM 27000K,Satco S3703 Incandescent bulb With Incan,"Satco Incandescent bulb With Incan, 40 W Wattage, Medium, 27000 K Color Temperature, Additional Information: S3703 40W Incan Med 27K","Incandescent bulb, 40 W, Medium, 27000 K","Incandescent bulb, 40 W, Medium, 27000 K",Incan,,,,,,,,,,,,,,,,,,,,With Incan,,,,,,Wattage,40,W,Base Type,Medium,,Color Temperature,27000,K,,,,,,,,,,,,,,,,,,,,,,,,,,,,,,,,,,,,,,,,,,,,,,,,,,,,,,,,,,,,,,,,,,,,,,,,,,,,,,,,,,,,,,,,,,,,,,,,,,,,,,,,,,,,,,,,,,,,,,,,,,,,,,,,,,,,,,,,,,,,,,,,,39101601,,,,,,,,,,,,,,,,,,,,,,,,,,,,,,,,,,,,,,,,,,,
https://phillips.com,,,,,,,,,,,568337,568337 120W LED Par38 Med 50k,,,Philips,Phillips Lighting (5831),Phillips Lighting,Philips,,568337,,Lighting & Electrical>Light Bulbs>LED Bulbs,"Phillips Lighting Philips, LED Par38 Bulb, 568337, 120 W, 50000 K, Medium",LED PAR38 BULB 120W 50000K MEDIUM,Philips 568337 LED Par38 Bulb With LED,"Philips LED Par38 Bulb With LED, 120 W Wattage, 50000 K Color Temperature, Medium","LED Par38 Bulb, 120 W, 50000 K, Medium","LED Par38 Bulb, 120 W, 50000 K, Medium",LED,,,,,,,,,,,,,,,,,,,,With LED,,,,,,Wattage,120,W,Color Temperature,50000,K,Base Type,Medium,,,,,,,,,,,,,,,,,,,,,,,,,,,,,,,,,,,,,,,,,,,,,,,,,,,,,,,,,,,,,,,,,,,,,,,,,,,,,,,,,,,,,,,,,,,,,,,,,,,,,,,,,,,,,,,,,,,,,,,,,,,,,,,,,,,,,,,,,,,,,,,,,,39101628,,,,,,,,,,,,,,,,,,,,,,,,,,,,,,,,,,,,,,,,,,,
https://phillips.com,,,,,,,,,,,565788,565788 40W LED A19 Med 27k,,,Philips,Phillips Lighting (5831),Phillips Lighting,Philips,,565788,,Lighting & Electrical>Light Bulbs>LED Bulbs,"Phillips Lighting Philips, LED A19 Bulb, 565788, 40 W, 27000 K, Medium",LED A19 BULB 40W 27000K MEDIUM,Philips 565788 LED A19 Bulb With LED,"Philips LED A19 Bulb With LED, 40 W Wattage, 27000 K Color Temperature, Medium","LED A19 Bulb, 40 W, 27000 K, Medium","LED A19 Bulb, 40 W, 27000 K, Medium",LED,,,,,,,,,,,,,,,,,,,,With LED,,,,,,Wattage,40,W,Color Temperature,27000,K,Base Type,Medium,,,,,,,,,,,,,,,,,,,,,,,,,,,,,,,,,,,,,,,,,,,,,,,,,,,,,,,,,,,,,,,,,,,,,,,,,,,,,,,,,,,,,,,,,,,,,,,,,,,,,,,,,,,,,,,,,,,,,,,,,,,,,,,,,,,,,,,,,,,,,,,,,,39101628,,,,,,,,,,,,,,,,,,,,,,,,,,,,,,,,,,,,,,,,,,,
https://phillips.com,,,,,,,,,,,565770,565770 40W LED A19 Med 50k,,,Philips,Phillips Lighting (5831),Phillips Lighting,Philips,,565770,,Lighting & Electrical>Light Bulbs>LED Bulbs,"Phillips Lighting Philips, LED A19 Bulb, 565770, 40 W, 50000 K, Medium",LED A19 BULB 40W 50000K MEDIUM,Philips 565770 LED A19 Bulb With LED,"Philips LED A19 Bulb With LED, 40 W Wattage, 50000 K Color Temperature, Medium","LED A19 Bulb, 40 W, 50000 K, Medium","LED A19 Bulb, 40 W, 50000 K, Medium",LED,,,,,,,,,,,,,,,,,,,,With LED,,,,,,Wattage,40,W,Color Temperature,50000,K,Base Type,Medium,,,,,,,,,,,,,,,,,,,,,,,,,,,,,,,,,,,,,,,,,,,,,,,,,,,,,,,,,,,,,,,,,,,,,,,,,,,,,,,,,,,,,,,,,,,,,,,,,,,,,,,,,,,,,,,,,,,,,,,,,,,,,,,,,,,,,,,,,,,,,,,,,,39101628,,,,,,,,,,,,,,,,,,,,,,,,,,,,,,,,,,,,,,,,,,,
https://phillips.com,,,,,,,,,,,576538,576538 65W LED BR30 Med 50k,,,Philips,Phillips Lighting (5831),Phillips Lighting,Philips,,576538,,Lighting & Electrical>Light Bulbs>LED Bulbs,"Phillips Lighting Philips, LED BR30 Bulb, 576538, 65 W, 50000 K, Medium",LED BR30 BULB 65W 50000K MEDIUM,Philips 576538 LED BR30 Bulb With LED,"Philips LED BR30 Bulb With LED, 65 W Wattage, 50000 K Color Temperature, Medium","LED BR30 Bulb, 65 W, 50000 K, Medium","LED BR30 Bulb, 65 W, 50000 K, Medium",LED,,,,,,,,,,,,,,,,,,,,With LED,,,,,,Wattage,65,W,Color Temperature,50000,K,Base Type,Medium,,,,,,,,,,,,,,,,,,,,,,,,,,,,,,,,,,,,,,,,,,,,,,,,,,,,,,,,,,,,,,,,,,,,,,,,,,,,,,,,,,,,,,,,,,,,,,,,,,,,,,,,,,,,,,,,,,,,,,,,,,,,,,,,,,,,,,,,,,,,,,,,,,39101628,,,,,,,,,,,,,,,,,,,,,,,,,,,,,,,,,,,,,,,,,,,
https://phillips.com,,,,,,,,,,,586859,586859 40W LED Med 27K Back Up,,,Philips,Phillips Lighting (5831),Phillips Lighting,Philips,,586859,,Lighting & Electrical>Light Bulbs>LED Bulbs,"Phillips Lighting Philips, LED Bulb, 586859, 40 W, Med, 2700 K",LED BULB 40W MED 2700K,Philips 586859 LED Bulb With Back Up,"Philips LED Bulb With Back Up, 40 W Wattage, Med, 2700 K Color Temperature","LED Bulb, 40 W, Med, 2700 K","LED Bulb, 40 W, Med, 2700 K",Back Up,,,,,,,,,,,,,,,,,,,,With Back Up,,,,,,Wattage,40,W,Base Type,Med,,Color Temperature,2700,K,,,,,,,,,,,,,,,,,,,,,,,,,,,,,,,,,,,,,,,,,,,,,,,,,,,,,,,,,,,,,,,,,,,,,,,,,,,,,,,,,,,,,,,,,,,,,,,,,,,,,,,,,,,,,,,,,,,,,,,,,,,,,,,,,,,,,,,,,,,,,,,,,39101628,,,,,,,,,,,,,,,,,,,,,,,,,,,,,,,,,,,,,,,,,,,
https://phillips.com,,,,,,,,,,,565622,565622 60W LED Med 20k,,,Philips,Phillips Lighting (5831),Phillips Lighting,Philips,,565622,,Lighting & Electrical>Light Bulbs>LED Bulbs,"Phillips Lighting Philips, LED bulb, 565622, 60 W, Med, 2000 K",LED BULB 60W MED 2000K,Philips 565622 LED bulb With 60W LED,"Philips LED bulb With 60W LED, 60 W Wattage, Med, 2000 K Color Temperature","LED bulb, 60 W, Med, 2000 K","LED bulb, 60 W, Med, 2000 K",60W LED,,,,,,,,,,,,,,,,,,,,With 60W LED,,,,,,Wattage,60,W,Base Type,Med,,Color Temperature,2000,K,,,,,,,,,,,,,,,,,,,,,,,,,,,,,,,,,,,,,,,,,,,,,,,,,,,,,,,,,,,,,,,,,,,,,,,,,,,,,,,,,,,,,,,,,,,,,,,,,,,,,,,,,,,,,,,,,,,,,,,,,,,,,,,,,,,,,,,,,,,,,,,,,39101628,,,,,,,,,,,,,,,,,,,,,,,,,,,,,,,,,,,,,,,,,,,
https://phillips.com,,,,,,,,,,,538319,588525 40W LED Cand 3pk,,,Philips,Phillips Lighting (5831),Phillips Lighting,Philips,,538319,,Lighting & Electrical>Light Bulbs>LED Bulbs,"Phillips Lighting Philips, LED bulb, 538319, 40 W, Candelabra, 3",LED BULB 40W CANDELABRA 3,Philips 538319 LED bulb With 3 pack,"Philips LED bulb With 3 pack, 40 W Wattage, Candelabra, 3","LED bulb, 40 W, Candelabra, 3","LED bulb, 40 W, Candelabra, 3",3 pack,,,,,,,,,,,,,,,,,,,,With 3 pack,,,,,,Wattage,40,W,Bulb Type,Candelabra,,Package Quantity,3,,,,,,,,,,,,,,,,,,,,,,,,,,,,,,,,,,,,,,,,,,,,,,,,,,,,,,,,,,,,,,,,,,,,,,,,,,,,,,,,,,,,,,,,,,,,,,,,,,,,,,,,,,,,,,,,,,,,,,,,,,,,,,,,,,,,,,,,,,,,,,,,,,39101628,,,,,,,,,,,,,,,,,,,,,,,,,,,,,,,,,,,,,,,,,,,
https://phillips.com,,,,,,,,,,,581199,581199 60W LED Med 2pk,,,Philips,Phillips Lighting (5831),Phillips Lighting,Philips,,581199,,Lighting & Fans>Light Bulbs>LED Bulbs,"Phillips Lighting Philips, LED bulb, 581199, 60 W, Medium, 2 pk",LED BULB 60W MEDIUM 2PK,Philips 581199 LED bulb With 2 pack,"Philips LED bulb With 2 pack, 60 W Wattage, Medium, 2 pk Package Quantity","LED bulb, 60 W, Medium, 2 pk","LED bulb, 60 W, Medium, 2 pk",2 pack,,,,,,,,,,,,,,,,,,,,With 2 pack,,,,,,Wattage,60,W,Base Type,Medium,,Package Quantity,2,pk,,,,,,,,,,,,,,,,,,,,,,,,,,,,,,,,,,,,,,,,,,,,,,,,,,,,,,,,,,,,,,,,,,,,,,,,,,,,,,,,,,,,,,,,,,,,,,,,,,,,,,,,,,,,,,,,,,,,,,,,,,,,,,,,,,,,,,,,,,,,,,,,,39101628,,,,,,,,,,,,,,,,,,,,,,,,,,,,,,,,,,,,,,,,,,,
https://phillips.com,,,,,,,,,,,573444,573444 60W LED A19 Med 50k 2pk,,,Philips,Phillips Lighting (5831),Phillips Lighting,Philips,,573444,,Lighting & Electrical>Light Bulbs>LED Bulbs,"Phillips Lighting Philips, LED bulb, 573444, 60 W, A19, Med",LED BULB 60W A19 MED 5000K 2PK,Philips 573444 LED bulb With 60W LED,"Philips LED bulb With 60W LED, 60 W Wattage, A19, Med, 5000 K Color Temperature, 2 pk Pack Quantity","LED bulb, 60 W, A19, Med","LED bulb, 60 W, A19, Med",60W LED,,,,,,,,,,,,,,,,,,,,With 60W LED,,,,,,Wattage,60,W,Bulb Shape,A19,,Base Type,Med,,Color Temperature,5000,K,Pack Quantity,2,pk,,,,,,,,,,,,,,,,,,,,,,,,,,,,,,,,,,,,,,,,,,,,,,,,,,,,,,,,,,,,,,,,,,,,,,,,,,,,,,,,,,,,,,,,,,,,,,,,,,,,,,,,,,,,,,,,,,,,,,,,,,,,,,,,,,,,,,,,,,,39101628,,,,,,,,,,,,,,,,,,,,,,,,,,,,,,,,,,,,,,,,,,,
https://phillips.com,,,,,,,,,,,573410,573410 40W LED A19 Med 27k 2pk,,,Philips,Phillips Lighting (5831),Phillips Lighting,Philips,,573410,,Lighting & Electrical>Light Bulbs>LED Bulbs,"Phillips Lighting Philips, LED bulb, 573410, 40 W, A19, Medium",LED BULB 40W A19 MEDIUM 2700K 2,Philips 573410 LED bulb With 2 pack,"Philips LED bulb With 2 pack, 40 W Wattage, A19, Medium, 2700 K Color Temperature, 2","LED bulb, 40 W, A19, Medium","LED bulb, 40 W, A19, Medium",2 pack,,,,,,,,,,,,,,,,,,,,With 2 pack,,,,,,Wattage,40,W,Bulb Shape,A19,,Base Type,Medium,,Color Temperature,2700,K,Package Quantity,2,,,,,,,,,,,,,,,,,,,,,,,,,,,,,,,,,,,,,,,,,,,,,,,,,,,,,,,,,,,,,,,,,,,,,,,,,,,,,,,,,,,,,,,,,,,,,,,,,,,,,,,,,,,,,,,,,,,,,,,,,,,,,,,,,,,,,,,,,,,,39101628,,,,,,,,,,,,,,,,,,,,,,,,,,,,,,,,,,,,,,,,,,,
https://phillips.com,,,,,,,,,,,573469,573469 40W LED A19 Med 50k 2pk,,,Philips,Phillips Lighting (5831),Phillips Lighting,Philips,,573469,,Lighting & Fans>Light Bulbs>LED Bulbs,"Phillips Lighting Philips, LED bulb, 573469, 40 W, A19, Medium",LED BULB 40W A19 MEDIUM 5000K 2PK,Philips 573469 LED bulb With 2 pack,"Philips LED bulb With 2 pack, 40 W Wattage, A19, Medium, 5000 K Color Temperature, 2 pk Package Quantity","LED bulb, 40 W, A19, Medium","LED bulb, 40 W, A19, Medium",2 pack,,,,,,,,,,,,,,,,,,,,With 2 pack,,,,,,Wattage,40,W,Shape,A19,,Base Type,Medium,,Color Temperature,5000,K,Package Quantity,2,pk,,,,,,,,,,,,,,,,,,,,,,,,,,,,,,,,,,,,,,,,,,,,,,,,,,,,,,,,,,,,,,,,,,,,,,,,,,,,,,,,,,,,,,,,,,,,,,,,,,,,,,,,,,,,,,,,,,,,,,,,,,,,,,,,,,,,,,,,,,,39101628,,,,,,,,,,,,,,,,,,,,,,,,,,,,,,,,,,,,,,,,,,,
https://,,,,,,,,,,,65-1224,65-1224 4' LED Strip Light,,,Satco,Satco Prod Inc (5573),Satco Prod Inc,Satco,,65-1224,,Lighting>LED Lighting>LED Linear Fixtures,"Satco Prod Inc Satco, LED Strip Light, 65-1224, 4 ft, 65-1224",LED STRIP LIGHT 4FT 65-1224,Satco 65-1224 LED Strip Light With LED,"Satco LED Strip Light With LED, 4 ft Length, 65-1224","LED Strip Light, 4 ft, 65-1224","LED Strip Light, 4 ft, 65-1224",LED,,,,,,,,,,,,,,,,,,,,With LED,,,,,,Length,4,ft,Model Number,65-1224,,,,,,,,,,,,,,,,,,,,,,,,,,,,,,,,,,,,,,,,,,,,,,,,,,,,,,,,,,,,,,,,,,,,,,,,,,,,,,,,,,,,,,,,,,,,,,,,,,,,,,,,,,,,,,,,,,,,,,,,,,,,,,,,,,,,,,,,,,,,,,,,,,,,,39111500,,,,,,,,,,,,,,,,,,,,,,,,,,,,,,,,,,,,,,,,,,,
https://,,,,,,,,,,,MWUG42010524,UTW Pro Heated Glove Black XL,,,,Tech Gear 5.7 Inc (TECGE),Tech Gear 5.7 Inc,Tech Gear 5.7 Inc,,MWUG42010524,,Safety & Security>Personal Protective Equipment>Hand Protection,"Tech Gear 5.7 Inc, Glove, UTW Pro, MWUG42010524, Black, XL",GLOVE BLACK XL,"Tech Gear 5.7 Inc UTW Pro MWUG42010524 Glove With Heated, Black, XL","Tech Gear 5.7 Inc Glove With Heated, UTW Pro, Black, XL","UTW Pro Glove, Black, XL","UTW Pro Glove, Black, XL",Heated,,,,,,,,,,,,,,,,,,,,With Heated,,,,,,Color,Black,,Size,XL,,,,,,,,,,,,,,,,,,,,,,,,,,,,,,,,,,,,,,,,,,,,,,,,,,,,,,,,,,,,,,,,,,,,,,,,,,,,,,,,,,,,,,,,,,,,,,,,,,,,,,,,,,,,,,,,,,,,,,,,,,,,,,,,,,,,,,,,,,,,,,,,,,,,,46181504,,,,,,,,,,,,,,,,,,,,,,,,,,,,,,,,,,,,,,,,,,,
https://,,,,,,,,,,,MWUG42010624,UTW Pro Heated Glove Black 2X,,,,Tech Gear 5.7 Inc (TECGE),Tech Gear 5.7 Inc,Tech Gear 5.7 Inc,,MWUG42010624,,Safety & Security>Personal Protective Equipment>Hand Protection,"Tech Gear 5.7 Inc, Glove, UTW Pro, MWUG42010624, Black, 2X",GLOVE BLACK 2X,"Tech Gear 5.7 Inc UTW Pro MWUG42010624 Glove With Heated, Black, 2X","Tech Gear 5.7 Inc Glove With Heated, UTW Pro, Black, 2X","UTW Pro Glove, Black, 2X","UTW Pro Glove, Black, 2X",Heated,,,,,,,,,,,,,,,,,,,,With Heated,,,,,,Color,Black,,Size,2X,,,,,,,,,,,,,,,,,,,,,,,,,,,,,,,,,,,,,,,,,,,,,,,,,,,,,,,,,,,,,,,,,,,,,,,,,,,,,,,,,,,,,,,,,,,,,,,,,,,,,,,,,,,,,,,,,,,,,,,,,,,,,,,,,,,,,,,,,,,,,,,,,,,,,46181504,,,,,,,,,,,,,,,,,,,,,,,,,,,,,,,,,,,,,,,,,,,
https://,,,,,,,,,,,25468,25468 Mason Line Brd Green - 500',,,,U S Tape Company (6694),U S Tape Company,U S Tape Company,,25468,,Tools>Hand Tools>Masonry Tools,"U S Tape Company, mason line, 25468, Green, 500 ft",MASON LINE GREEN 500FT,"U S Tape Company 25468 mason line With Mason Line Brd, Green","U S Tape Company mason line With Mason Line Brd, Green, 500 ft Length","mason line, Green, 500 ft","mason line, Green, 500 ft",Mason Line Brd,,,,,,,,,,,,,,,,,,,,With Mason Line Brd,,,,,,Color,Green,,Length,500,ft,,,,,,,,,,,,,,,,,,,,,,,,,,,,,,,,,,,,,,,,,,,,,,,,,,,,,,,,,,,,,,,,,,,,,,,,,,,,,,,,,,,,,,,,,,,,,,,,,,,,,,,,,,,,,,,,,,,,,,,,,,,,,,,,,,,,,,,,,,,,,,,,,,,,27111900,,,,,,,,,,,,,,,,,,,,,,,,,,,,,,,,,,,,,,,,,,,
https://,,,,,,,,,,,25762,25762 Mason Line Brd Pink - 1000',,,,U S Tape Company (6694),U S Tape Company,U S Tape Company,,25762,,Tools>Hand Tools>Masonry Tools,"U S Tape Company, mason line, 25762, Pink, 1000 ft",MASON LINE PINK 1000FT,"U S Tape Company 25762 mason line With Mason Line Brd, Pink","U S Tape Company mason line With Mason Line Brd, Pink, 1000 ft Length","mason line, Pink, 1000 ft","mason line, Pink, 1000 ft",Mason Line Brd,,,,,,,,,,,,,,,,,,,,With Mason Line Brd,,,,,,Color,Pink,,Length,1000,ft,,,,,,,,,,,,,,,,,,,,,,,,,,,,,,,,,,,,,,,,,,,,,,,,,,,,,,,,,,,,,,,,,,,,,,,,,,,,,,,,,,,,,,,,,,,,,,,,,,,,,,,,,,,,,,,,,,,,,,,,,,,,,,,,,,,,,,,,,,,,,,,,,,,,27111900,,,,,,,,,,,,,,,,,,,,,,,,,,,,,,,,,,,,,,,,,,,
https://,,,,,,,,,,,DT1535B,"DT1535B 3-1/2"" #15 Torx Drive - Bit",,,Diablo,Freud Inc (2435),Freud Inc,Diablo,,DT1535B,,Tools & Hardware>Power Tool Accessories>Screwdriver Bits,"Freud Inc Diablo, bit, DT1535B, DT1535B, 3-1/2 in, 15",BIT DT1535B 3-1/2IN 15 TORX,Diablo DT1535B bit With Torx Drive,"Diablo bit With Torx Drive, DT1535B, 3-1/2 in Length, 15, Torx","bit, DT1535B, 3-1/2 in, 15","bit, DT1535B, 3-1/2 in, 15",Torx Drive,,,,,,,,,,,,,,,,,,,,With Torx Drive,,,,,,Part Number,DT1535B,,Length,3-1/2,in,Drive Size,15,,Drive Type,Torx,,,,,,,,,,,,,,,,,,,,,,,,,,,,,,,,,,,,,,,,,,,,,,,,,,,,,,,,,,,,,,,,,,,,,,,,,,,,,,,,,,,,,,,,,,,,,,,,,,,,,,,,,,,,,,,,,,,,,,,,,,,,,,,,,,,,,,,,,,,,,,,27112801,,,,,,,,,,,,,,,,,,,,,,,,,,,,,,,,,,,,,,,,,,,
https://,,,,,,,,,,,DT202B,"DT202B 2"" #20 Torx Drive Bit",,,Diablo,Freud Inc (2435),Freud Inc,Diablo,,DT202B,,Tools & Hardware>Power Tool Accessories>Screwdriver Bits,"Freud Inc Diablo, bit, DT202B, DT202B, 2 in, 20",BIT DT202B 2IN 20 TORX,Diablo DT202B bit With Torx Drive,"Diablo bit With Torx Drive, DT202B, 2 in Length, 20, Torx","bit, DT202B, 2 in, 20","bit, DT202B, 2 in, 20",Torx Drive,,,,,,,,,,,,,,,,,,,,With Torx Drive,,,,,,Part Number,DT202B,,Length,2,in,Drive Size,20,,Drive Type,Torx,,,,,,,,,,,,,,,,,,,,,,,,,,,,,,,,,,,,,,,,,,,,,,,,,,,,,,,,,,,,,,,,,,,,,,,,,,,,,,,,,,,,,,,,,,,,,,,,,,,,,,,,,,,,,,,,,,,,,,,,,,,,,,,,,,,,,,,,,,,,,,,27112801,,,,,,,,,,,,,,,,,,,,,,,,,,,,,,,,,,,,,,,,,,,
https://,,,,,,,,,,,DT2035B,"DT2035B 3-1/2"" #20 Torx Drive - Bit",,,Diablo,Freud Inc (2435),Freud Inc,Diablo,,DT2035B,,Tools & Hardware>Power Tool Accessories>Screwdriver Bits,"Freud Inc Diablo, bit, DT2035B, DT2035B, 3-1/2 in, 20",BIT DT2035B 3-1/2IN 20 TORX,Diablo DT2035B bit With Torx Drive,"Diablo bit With Torx Drive, DT2035B, 3-1/2 in Length, 20, Torx","bit, DT2035B, 3-1/2 in, 20","bit, DT2035B, 3-1/2 in, 20",Torx Drive,,,,,,,,,,,,,,,,,,,,With Torx Drive,,,,,,Part Number,DT2035B,,Length,3-1/2,in,Drive Size,20,,Drive Type,Torx,,,,,,,,,,,,,,,,,,,,,,,,,,,,,,,,,,,,,,,,,,,,,,,,,,,,,,,,,,,,,,,,,,,,,,,,,,,,,,,,,,,,,,,,,,,,,,,,,,,,,,,,,,,,,,,,,,,,,,,,,,,,,,,,,,,,,,,,,,,,,,,27112801,,,,,,,,,,,,,,,,,,,,,,,,,,,,,,,,,,,,,,,,,,,
https://,,,,,,,,,,,DT206B,"DT206B 6"" #20 Torx Drive Bit",,,Diablo,Freud Inc (2435),Freud Inc,Diablo,,DT206B,,Tools & Hardware>Power Tool Accessories>Screwdriver Bits,"Freud Inc Diablo, bit, DT206B, DT206B, 6 in, 20",BIT DT206B 6IN 20 TORX,Diablo DT206B bit With Torx Drive,"Diablo bit With Torx Drive, DT206B, 6 in Length, 20, Torx","bit, DT206B, 6 in, 20","bit, DT206B, 6 in, 20",Torx Drive,,,,,,,,,,,,,,,,,,,,With Torx Drive,,,,,,Part Number,DT206B,,Length,6,in,Drive Size,20,,Drive Type,Torx,,,,,,,,,,,,,,,,,,,,,,,,,,,,,,,,,,,,,,,,,,,,,,,,,,,,,,,,,,,,,,,,,,,,,,,,,,,,,,,,,,,,,,,,,,,,,,,,,,,,,,,,,,,,,,,,,,,,,,,,,,,,,,,,,,,,,,,,,,,,,,,27112801,,,,,,,,,,,,,,,,,,,,,,,,,,,,,,,,,,,,,,,,,,,
https://,,,,,,,,,,,DT252B,"DT252B 2"" #25 Trox Drive Bit",,,Diablo,Freud Inc (2435),Freud Inc,Diablo,,DT252B,,Tools & Equipment>Power Tool Accessories>Screwdriver Bits,"Freud Inc Diablo, bit, DT252B, DT252B, 2 in, 25",BIT DT252B 2IN 25 TROX,Diablo DT252B bit With Trox Drive,"Diablo bit With Trox Drive, DT252B, 2 in Length, 25, Trox","bit, DT252B, 2 in, 25","bit, DT252B, 2 in, 25",Trox Drive,,,,,,,,,,,,,,,,,,,,With Trox Drive,,,,,,Part Number,DT252B,,Length,2,in,Drive Size,25,,Drive Type,Trox,,,,,,,,,,,,,,,,,,,,,,,,,,,,,,,,,,,,,,,,,,,,,,,,,,,,,,,,,,,,,,,,,,,,,,,,,,,,,,,,,,,,,,,,,,,,,,,,,,,,,,,,,,,,,,,,,,,,,,,,,,,,,,,,,,,,,,,,,,,,,,,27112800,,,,,,,,,,,,,,,,,,,,,,,,,,,,,,,,,,,,,,,,,,,
https://,,,,,,,,,,,DT2535B,"DT2535B 3-1/4"" #25 Torx Drive - Bit",,,Diablo,Freud Inc (2435),Freud Inc,Diablo,,DT2535B,,Tools & Equipment>Power Tool Accessories>Screwdriver Bits,"Freud Inc Diablo, bit, DT2535B, DT2535B, 3-1/4 in, 25",BIT DT2535B 3-1/4IN 25 TORX,Diablo DT2535B bit With Torx Drive,"Diablo bit With Torx Drive, DT2535B, 3-1/4 in Length, 25, Torx","bit, DT2535B, 3-1/4 in, 25","bit, DT2535B, 3-1/4 in, 25",Torx Drive,,,,,,,,,,,,,,,,,,,,With Torx Drive,,,,,,Part Number,DT2535B,,Length,3-1/4,in,Drive Size,25,,Drive Type,Torx,,,,,,,,,,,,,,,,,,,,,,,,,,,,,,,,,,,,,,,,,,,,,,,,,,,,,,,,,,,,,,,,,,,,,,,,,,,,,,,,,,,,,,,,,,,,,,,,,,,,,,,,,,,,,,,,,,,,,,,,,,,,,,,,,,,,,,,,,,,,,,,27112800,,,,,,,,,,,,,,,,,,,,,,,,,,,,,,,,,,,,,,,,,,,
https://,,,,,,,,,,,DT256B,"DT256B 6"" #25 Torx Drive Bit",,,Diablo,Freud Inc (2435),Freud Inc,Diablo,,DT256B,,Tools & Equipment>Power Tool Accessories>Screwdriver Bits,"Freud Inc Diablo, bit, DT256B, DT256B, 6 in, 25",BIT DT256B 6IN 25 TORX,Diablo DT256B bit With Torx Drive,"Diablo bit With Torx Drive, DT256B, 6 in Length, 25, Torx","bit, DT256B, 6 in, 25","bit, DT256B, 6 in, 25",Torx Drive,,,,,,,,,,,,,,,,,,,,With Torx Drive,,,,,,Part Number,DT256B,,Length,6,in,Drive Size,25,,Drive Type,Torx,,,,,,,,,,,,,,,,,,,,,,,,,,,,,,,,,,,,,,,,,,,,,,,,,,,,,,,,,,,,,,,,,,,,,,,,,,,,,,,,,,,,,,,,,,,,,,,,,,,,,,,,,,,,,,,,,,,,,,,,,,,,,,,,,,,,,,,,,,,,,,,27112800,,,,,,,,,,,,,,,,,,,,,,,,,,,,,,,,,,,,,,,,,,,
https://,,,,,,,,,,,DT302B,"DT302B 2"" #30 Torx Drive Bit",,,Diablo,Freud Inc (2435),Freud Inc,Diablo,,DT302B,,Tools & Equipment>Power Tool Accessories>Screwdriver Bits,"Freud Inc Diablo, bit, DT302B, DT302B, 2 in, 30",BIT DT302B 2IN 30 TORX,Diablo DT302B bit With Torx Drive,"Diablo bit With Torx Drive, DT302B, 2 in Length, 30, Torx","bit, DT302B, 2 in, 30","bit, DT302B, 2 in, 30",Torx Drive,,,,,,,,,,,,,,,,,,,,With Torx Drive,,,,,,Part Number,DT302B,,Length,2,in,Drive Size,30,,Drive Type,Torx,,,,,,,,,,,,,,,,,,,,,,,,,,,,,,,,,,,,,,,,,,,,,,,,,,,,,,,,,,,,,,,,,,,,,,,,,,,,,,,,,,,,,,,,,,,,,,,,,,,,,,,,,,,,,,,,,,,,,,,,,,,,,,,,,,,,,,,,,,,,,,,27112800,,,,,,,,,,,,,,,,,,,,,,,,,,,,,,,,,,,,,,,,,,,
https://makita.com,,,,,,,,,,,T-90043,T-90043 Deep Medium Organizer,,,,Makita Usa Inc (5142),Makita Usa Inc,Makita Usa Inc,,T-90043,,Storage & Material Handling>Tool Storage>Tool Organizers,"Makita Usa Inc, Organizer, T-90043, T-90043, Medium",ORGANIZER T-90043 MEDIUM,"Makita Usa Inc T-90043 Organizer With Deep, Medium","Makita Usa Inc Organizer With Deep, T-90043, Medium","Organizer, T-90043, Medium","Organizer, T-90043, Medium",Deep,,,,,,,,,,,,,,,,,,,,With Deep,,,,,,Model Number,T-90043,,Size,Medium,,,,,,,,,,,,,,,,,,,,,,,,,,,,,,,,,,,,,,,,,,,,,,,,,,,,,,,,,,,,,,,,,,,,,,,,,,,,,,,,,,,,,,,,,,,,,,,,,,,,,,,,,,,,,,,,,,,,,,,,,,,,,,,,,,,,,,,,,,,,,,,,,,,,,24112401,,,,,,,,,,,,,,,,,,,,,,,,,,,,,,,,,,,,,,,,,,,
https://makita.com,,,,,,,,,,,T-90059,T-90059 Low Profile Medium - Organizer,,,,Makita Usa Inc (5142),Makita Usa Inc,Makita Usa Inc,,T-90059,,Storage & Material Handling>Tool Storage>Tool Organizers,"Makita Usa Inc, Organizer, T-90059, T-90059, Medium",ORGANIZER T-90059 MEDIUM,"Makita Usa Inc T-90059 Organizer With Low Profile, Medium","Makita Usa Inc Organizer With Low Profile, T-90059, Medium","Organizer, T-90059, Medium","Organizer, T-90059, Medium",Low Profile,,,,,,,,,,,,,,,,,,,,With Low Profile,,,,,,Model Number,T-90059,,Size,Medium,,,,,,,,,,,,,,,,,,,,,,,,,,,,,,,,,,,,,,,,,,,,,,,,,,,,,,,,,,,,,,,,,,,,,,,,,,,,,,,,,,,,,,,,,,,,,,,,,,,,,,,,,,,,,,,,,,,,,,,,,,,,,,,,,,,,,,,,,,,,,,,,,,,,,24112401,,,,,,,,,,,,,,,,,,,,,,,,,,,,,,,,,,,,,,,,,,,
https://phillips.com,,,,,,,,,,,586891,586891 LED 60W Med A19 27k,,,Philips,Phillips Lighting (5831),Phillips Lighting,Philips,,586891,,Lighting & Electrical>Light Bulbs>LED Bulbs,"Phillips Lighting Philips, LED bulb, 586891, 60 W, Med, A19",LED BULB 60W MED A19 2700K,Philips 586891 LED bulb With 60W LED,"Philips LED bulb With 60W LED, 60 W Wattage, Med, A19, 2700 K Color Temperature","LED bulb, 60 W, Med, A19","LED bulb, 60 W, Med, A19",60W LED,,,,,,,,,,,,,,,,,,,,With 60W LED,,,,,,Wattage,60,W,Base Type,Med,,Bulb Shape,A19,,Color Temperature,2700,K,,,,,,,,,,,,,,,,,,,,,,,,,,,,,,,,,,,,,,,,,,,,,,,,,,,,,,,,,,,,,,,,,,,,,,,,,,,,,,,,,,,,,,,,,,,,,,,,,,,,,,,,,,,,,,,,,,,,,,,,,,,,,,,,,,,,,,,,,,,,,,39101628,,,,,,,,,,,,,,,,,,,,,,,,,,,,,,,,,,,,,,,,,,,
https://jam.com,,,,,,,,,,,3MABR-7100048736,3M 775L Stikit Film P80 - Cubitron II 50 Disc/Box,,,,Jam Industrial Supply LLC (JAMIN),3M,3M,3M,3MABR-7100048736,,Abrasives>Coated Abrasives>Sanding Discs,"3M, sanding disc, Cubitron II, 3MABR-7100048736, P80, 50 disc",SANDING DISC P80 50DISC,3M Cubitron II 3MABR-7100048736 sanding disc With Stikit Film,"3M sanding disc With Stikit Film, Cubitron II, P80, 50 disc Quantity","Cubitron II sanding disc, P80, 50 disc","Cubitron II sanding disc, P80, 50 disc",Stikit Film,,,,,,,,,,,,,,,,,,,,With Stikit Film,,,,,,Grit,P80,,Quantity,50,disc,,,,,,,,,,,,,,,,,,,,,,,,,,,,,,,,,,,,,,,,,,,,,,,,,,,,,,,,,,,,,,,,,,,,,,,,,,,,,,,,,,,,,,,,,,,,,,,,,,,,,,,,,,,,,,,,,,,,,,,,,,,,,,,,,,,,,,,,,,,,,,,,,,,,31191506,,,,,,,,,,,,,,,,,,,,,,,,,,,,,,,,,,,,,,,,,,,
https://jam.com,,,,,,,,,,,3MABR-7100075690,3M 775L Stikit Film P180 - Cubitron II 50 Disc/Box,,,,Jam Industrial Supply LLC (JAMIN),3M,3M,3M,3MABR-7100075690,,Abrasives>Coated Abrasives>Sanding Discs,"3M, sanding disc, Cubitron II, 3MABR-7100075690, P180, 50 disc",SANDING DISC P180 50DISC,3M Cubitron II 3MABR-7100075690 sanding disc With Stikit Film,"3M sanding disc With Stikit Film, Cubitron II, P180, 50 disc Quantity","Cubitron II sanding disc, P180, 50 disc","Cubitron II sanding disc, P180, 50 disc",Stikit Film,,,,,,,,,,,,,,,,,,,,With Stikit Film,,,,,,Grit,P180,,Quantity,50,disc,,,,,,,,,,,,,,,,,,,,,,,,,,,,,,,,,,,,,,,,,,,,,,,,,,,,,,,,,,,,,,,,,,,,,,,,,,,,,,,,,,,,,,,,,,,,,,,,,,,,,,,,,,,,,,,,,,,,,,,,,,,,,,,,,,,,,,,,,,,,,,,,,,,,31191506,,,,,,,,,,,,,,,,,,,,,,,,,,,,,,,,,,,,,,,,,,,
https://boise.com,,,,,,,,,,,543340126,"6'x36"" Select Alm w/Sq Bal Hor - Assembled Black Rail Panel",TREX,,,Boise Cascade Building Materials (BOICA),Boise Cascade Building Materials,TREX,,543340126,,Building Materials>Decking & Railing>Railing Systems,"Boise Cascade Building Materials TREX, rail panel, Select, 543340126",RAIL PANEL 6FT 36IN ALUMINUM SQUARE,"TREX Select 543340126 rail panel With Assembled, Aluminum, Black","TREX rail panel With Assembled, Select, 6 ft Length, 36 in Height, Aluminum, Square, Horizontal, Black","Select rail panel, 6 ft, 36 in, Aluminum","Select rail panel, 6 ft, 36 in, Aluminum",Assembled,,,,,,,,,,,,,,,,,,,,With Assembled,,,,,,Length,6,ft,Height,36,in,Material,Aluminum,,Baluster Shape,Square,,Orientation,Horizontal,,Color,Black,,,,,,,,,,,,,,,,,,,,,,,,,,,,,,,,,,,,,,,,,,,,,,,,,,,,,,,,,,,,,,,,,,,,,,,,,,,,,,,,,,,,,,,,,,,,,,,,,,,,,,,,,,,,,,,,,,,,,,,,,,,,,,,,,,,,,,,,,30263600,,,,,,,,,,,,,,,,,,,,,,,,,,,,,,,,,,,,,,,,,,,
https://boise.com,,,,,,,,,,,543340127,"6'x36"" Select Alm w/Sq Bal Str - Assembled Black Rail Panel",TREX,,,Boise Cascade Building Materials (BOICA),Boise Cascade Building Materials,TREX,,543340127,,Building Materials>Decking & Railing>Railing Systems,"Boise Cascade Building Materials TREX, rail panel, Select, 543340127",RAIL PANEL 6FT 36IN ALUMINUM SQUARE,"TREX Select 543340127 rail panel With Assembled, Aluminum, Black","TREX rail panel With Assembled, Select, 6 ft Length, 36 in Height, Aluminum, Square, Stair, Black","Select rail panel, 6 ft, 36 in, Aluminum","Select rail panel, 6 ft, 36 in, Aluminum",Assembled,,,,,,,,,,,,,,,,,,,,With Assembled,,,,,,Length,6,ft,Height,36,in,Material,Aluminum,,Baluster Shape,Square,,Orientation,Stair,,Color,Black,,,,,,,,,,,,,,,,,,,,,,,,,,,,,,,,,,,,,,,,,,,,,,,,,,,,,,,,,,,,,,,,,,,,,,,,,,,,,,,,,,,,,,,,,,,,,,,,,,,,,,,,,,,,,,,,,,,,,,,,,,,,,,,,,,,,,,,,,30263600,,,,,,,,,,,,,,,,,,,,,,,,,,,,,,,,,,,,,,,,,,,
https://,,,,,,,,,,,543340146,"8'x36"" Select Alm w/Sq Bal Hor - Assembled Black Rail Panel",TREX,,,Boise Cascade Building Materials (BOICA),Boise Cascade Building Materials,TREX,,543340146,,Building Materials>Decking & Railing>Deck Railing Systems,"Boise Cascade Building Materials TREX, rail panel, Select, 543340146",RAIL PANEL 8FT 36IN ALUMINUM SQUARE,"TREX Select 543340146 rail panel With Assembled, Aluminum, Black","TREX rail panel With Assembled, Select, 8 ft Length, 36 in Height, Aluminum, Square, Horizontal, Black","Select rail panel, 8 ft, 36 in, Aluminum","Select rail panel, 8 ft, 36 in, Aluminum",Assembled,,,,,,,,,,,,,,,,,,,,With Assembled,,,,,,Length,8,ft,Height,36,in,Material,Aluminum,,Baluster Shape,Square,,Orientation,Horizontal,,Color,Black,,,,,,,,,,,,,,,,,,,,,,,,,,,,,,,,,,,,,,,,,,,,,,,,,,,,,,,,,,,,,,,,,,,,,,,,,,,,,,,,,,,,,,,,,,,,,,,,,,,,,,,,,,,,,,,,,,,,,,,,,,,,,,,,,,,,,,,,,30103600,,,,,,,,,,,,,,,,,,,,,,,,,,,,,,,,,,,,,,,,,,,
https://,,,,,,,,,,,543340147,"8'x36"" Select Alm w/Sq Bal Str - Assembled Black Rail Panel",TREX,,,Boise Cascade Building Materials (BOICA),Boise Cascade Building Materials,TREX,,543340147,,Building Materials>Decking & Railing>Deck Railing Systems,"Boise Cascade Building Materials TREX, rail panel, Select, 543340147",RAIL PANEL 8FT 36IN ALUMINUM SQUARE,"TREX Select 543340147 rail panel With Assembled, Aluminum, Black","TREX rail panel With Assembled, Select, 8 ft Length, 36 in Height, Aluminum, Square, Stair, Black","Select rail panel, 8 ft, 36 in, Aluminum","Select rail panel, 8 ft, 36 in, Aluminum",Assembled,,,,,,,,,,,,,,,,,,,,With Assembled,,,,,,Length,8,ft,Height,36,in,Material,Aluminum,,Baluster Shape,Square,,Orientation,Stair,,Color,Black,,,,,,,,,,,,,,,,,,,,,,,,,,,,,,,,,,,,,,,,,,,,,,,,,,,,,,,,,,,,,,,,,,,,,,,,,,,,,,,,,,,,,,,,,,,,,,,,,,,,,,,,,,,,,,,,,,,,,,,,,,,,,,,,,,,,,,,,,30103600,,,,,,,,,,,,,,,,,,,,,,,,,,,,,,,,,,,,,,,,,,,
https://ajmanufacturing.com,,,,,,,,,,,27233,24x48 Water Heater Attic Access Door,AJM,,,A J Manufacturing Inc (AJMAN),A J Manufacturing Inc,AJM,,27233,,Building Materials>Doors & Windows>Access Doors & Panels,"A J Manufacturing Inc AJM, access door, 27233, 24 in, 48 in",ACCESS DOOR 24IN 48IN,AJM 27233 access door With Water Heater Attic Access Door,"AJM access door With Water Heater Attic Access Door, 24 in width, 48 in height","access door, 24 in, 48 in","access door, 24 in, 48 in",Water Heater Attic Access Door,,,,,,,,,,,,,,,,,,,,With Water Heater Attic Access Door,,,Attic,,,width,24,in,height,48,in,,,,,,,,,,,,,,,,,,,,,,,,,,,,,,,,,,,,,,,,,,,,,,,,,,,,,,,,,,,,,,,,,,,,,,,,,,,,,,,,,,,,,,,,,,,,,,,,,,,,,,,,,,,,,,,,,,,,,,,,,,,,,,,,,,,,,,,,,,,,,,,,,,,,30171505,,,,,,,,,,,,,,,,,,,,,,,,,,,,,,,,,,,,,,,,,,,
https://,,,,,,,,,,,1501767,"3/4"" 4x8T&G Huber Blue PlusOSB - Sub Floor",,,,,Huber,Huber,Huber,1501767,,Building Materials>Lumber & Engineered Wood>Oriented Strand Board,"Huber, OSB, Blue Plus, 1501767, 3/4 in, 4x8 ft, T&G",OSB 3/4IN 4X8FT T&G,Huber Blue Plus 1501767 OSB,"Huber OSB, Blue Plus, 3/4 in Thickness, 4x8 ft Dimensions, T&G","Blue Plus OSB, 3/4 in, 4x8 ft, T&G","Blue Plus OSB, 3/4 in, 4x8 ft, T&G",,,,,,,,,,,,,,,,,,,,,,,,Sub Floor,,,Thickness,3/4,in,Dimensions,4x8,ft,Edge Detail,T&G,,,,,,,,,,,,,,,,,,,,,,,,,,,,,,,,,,,,,,,,,,,,,,,,,,,,,,,,,,,,,,,,,,,,,,,,,,,,,,,,,,,,,,,,,,,,,,,,,,,,,,,,,,,,,,,,,,,,,,,,,,,,,,,,,,,,,,,,,,,,,,,,,,30103602,,,,,,,,,,,,,,,,,,,,,,,,,,,,,,,,,,,,,,,,,,,
https://,,,,,,,,,,,65-1222,65-1222 1' LED Lt Multi CCT,,,,Satco Prod Inc (5573),Satco Prod Inc,Satco Prod Inc,,65-1222,,Lighting>LED Lighting>LED Linear Fixtures,"Satco Prod Inc, LED Light, 65-1222, 1 ft, Multi CCT, 65-1222",LED LIGHT 1FT MULTICCT 65-1222,Satco Prod Inc 65-1222 LED Light With LED,"Satco Prod Inc LED Light With LED, 1 ft Length, Multi CCT, 65-1222","LED Light, 1 ft, Multi CCT, 65-1222","LED Light, 1 ft, Multi CCT, 65-1222",LED,,,,,,,,,,,,,,,,,,,,With LED,,,,,,Length,1,ft,Color Temperature,Multi CCT,,Model Number,65-1222,,,,,,,,,,,,,,,,,,,,,,,,,,,,,,,,,,,,,,,,,,,,,,,,,,,,,,,,,,,,,,,,,,,,,,,,,,,,,,,,,,,,,,,,,,,,,,,,,,,,,,,,,,,,,,,,,,,,,,,,,,,,,,,,,,,,,,,,,,,,,,,,,,39111500,,,,,,,,,,,,,,,,,,,,,,,,,,,,,,,,,,,,,,,,,,,
https://,,,,,,,,,,,S11562,"S11562 Starfish 6"" D/W Downlight",,,,Satco Prod Inc (5573),Satco Prod Inc,Starfish,Starfish,S11562,,Lighting & Electrical>Lighting Fixtures>Recessed Lighting,"Satco Prod Inc Starfish, downlight, Starfish, S11562, 6 in",DOWNLIGHT 6IN,"Starfish Starfish S11562 downlight With D/W Downlight, 6 in","Starfish downlight With D/W Downlight, Starfish, 6 in Size","Starfish downlight, 6 in","Starfish downlight, 6 in",D/W Downlight,,,,,,,,,,,,,,,,,,,,With D/W Downlight,,,,,,Size,6,in,,,,,,,,,,,,,,,,,,,,,,,,,,,,,,,,,,,,,,,,,,,,,,,,,,,,,,,,,,,,,,,,,,,,,,,,,,,,,,,,,,,,,,,,,,,,,,,,,,,,,,,,,,,,,,,,,,,,,,,,,,,,,,,,,,,,,,,,,,,,,,,,,,,,,,,39111500,,,,,,,,,,,,,,,,,,,,,,,,,,,,,,,,,,,,,,,,,,,
https://,,,,,,,,,,,S11646,"S11646 6"" Downlight Water Heater",,,,Satco Prod Inc (5573),Satco Prod Inc,Satco,Satco,S11646,,Lighting & Electrical>Lighting Fixtures>Recessed Lighting,"Satco Prod Inc Satco, downlight, S11646, 6 in",DOWNLIGHT 6IN,"Satco S11646 downlight With Water Heater, 6 in","Satco downlight With Water Heater, 6 in Size","downlight, 6 in","downlight, 6 in",Water Heater,,,,,,,,,,,,,,,,,,,,With Water Heater,,,,,,Size,6,in,,,,,,,,,,,,,,,,,,,,,,,,,,,,,,,,,,,,,,,,,,,,,,,,,,,,,,,,,,,,,,,,,,,,,,,,,,,,,,,,,,,,,,,,,,,,,,,,,,,,,,,,,,,,,,,,,,,,,,,,,,,,,,,,,,,,,,,,,,,,,,,,,,,,,,,39111500,,,,,,,,,,,,,,,,,,,,,,,,,,,,,,,,,,,,,,,,,,,
https://,,,,,,,,,,,S11848,"S11848 10"" Down Light Water Heater",,,,Satco Prod Inc (5573),Satco Prod Inc,Satco,Satco,S11848,,Lighting & Electrical>Lighting Fixtures>Recessed Lighting,"Satco Prod Inc Satco, downlight, S11848, 10 in",DOWNLIGHT 10IN,"Satco S11848 downlight With Water Heater, 10 in","Satco downlight With Water Heater, 10 in Size","downlight, 10 in","downlight, 10 in",Water Heater,,,,,,,,,,,,,,,,,,,,With Water Heater,,,,,,Size,10,in,,,,,,,,,,,,,,,,,,,,,,,,,,,,,,,,,,,,,,,,,,,,,,,,,,,,,,,,,,,,,,,,,,,,,,,,,,,,,,,,,,,,,,,,,,,,,,,,,,,,,,,,,,,,,,,,,,,,,,,,,,,,,,,,,,,,,,,,,,,,,,,,,,,,,,,39111500,,,,,,,,,,,,,,,,,,,,,,,,,,,,,,,,,,,,,,,,,,,
https://southwire.com,,,,,,,,,,,R50003-ID,16-2 Stranded Wire CL3 500' (Linear Foot),,,,Southwire/g Turner (6603),Southwire/g Turner,Southwire/g Turner,,R50003-ID,,Electrical>Wire & Cable>Low Voltage Wire,"Southwire/g Turner, Wire, R50003-ID, 16, 2, CL3",WIRE 16 2 CL3 500FT,Southwire/g Turner R50003-ID Wire With Stranded,"Southwire/g Turner Wire With Stranded, 16, 2, CL3, 500 ft Length","Wire, 16, 2, CL3","Wire, 16, 2, CL3",Stranded,,,,,,,,,,,,,,,,,,,,With Stranded,,,Low Voltage,,,Gauge,16,,Conductors,2,,Rating,CL3,,Length,500,ft,,,,,,,,,,,,,,,,,,,,,,,,,,,,,,,,,,,,,,,,,,,,,,,,,,,,,,,,,,,,,,,,,,,,,,,,,,,,,,,,,,,,,,,,,,,,,,,,,,,,,,,,,,,,,,,,,,,,,,,,,,,,,,,,,,,,,,,,,,,,,,26121600,,,,,,,,,,,,,,,,,,,,,,,,,,,,,,,,,,,,,,,,,,,
https://southwire.com,,,,,,,,,,,WC1V12W-SG-UPC,WC1V12WSGUPC 1G Cover Water Heater,,,Southwire,Southwire/g Turner (6603),Southwire/g Turner,Southwire,,WC1V12W-SG-UPC,,Electrical>Enclosures & Boxes>Outdoor Covers,"Southwire/g Turner Southwire, Cover, WC1V12W-SG-UPC, 1",COVER 1,Southwire WC1V12W-SG-UPC Cover With Water Heater,"Southwire Cover With Water Heater, 1","Cover, 1","Cover, 1",Water Heater,,,,,,,,,,,,,,,,,,,,With Water Heater,,,Water Heater,,,Gang,1,,,,,,,,,,,,,,,,,,,,,,,,,,,,,,,,,,,,,,,,,,,,,,,,,,,,,,,,,,,,,,,,,,,,,,,,,,,,,,,,,,,,,,,,,,,,,,,,,,,,,,,,,,,,,,,,,,,,,,,,,,,,,,,,,,,,,,,,,,,,,,,,,,,,,,,,39121304,,,,,,,,,,,,,,,,,,,,,,,,,,,,,,,,,,,,,,,,,,,
https://appliance.com,https://www.appliance.com/search?q=PCFE3080AF,,,,,,,,,,PCFE3080AF,"PCFE3080AF 30"" Elect Range SS - Display Only",,,,Appliance Dealers Cooperative (APPDE),Appliance Dealers Cooperative,Appliance Dealers Cooperative,,PCFE3080AF,,Appliances & Consumer Electronics>Kitchen Appliances>Ranges,"Appliance Dealers Cooperative, electric range, PCFE3080AF, PCFE3080AF, 30 "", SS","ELECTRIC RANGE PCFE3080AF 30"" SS","Appliance Dealers Cooperative PCFE3080AF electric range With Display Only, 30 ""","Appliance Dealers Cooperative electric range With Display Only, PCFE3080AF, 30 "" Size, SS, Additional Information: Display Only","electric range, PCFE3080AF, 30 "", SS","electric range, PCFE3080AF, 30 "", SS",Display Only,,,,,,,,,,,,,,,,,,,,With Display Only,,,,,,Model Number,PCFE3080AF,,Size,30,"""",Finish,SS,,,,,,,,,,,,,,,,,,,,,,,,,,,,,,,,,,,,,,,,,,,,,,,,,,,,,,,,,,,,,,,,,,,,,,,,,,,,,,,,,,,,,,,,,,,,,,,,,,,,,,,,,,,,,,,,,,,,,,,,,,,,,,,,,,,,,,,,,,,,,,,,,,52141505,,,,,,,,,,,,,,,,,,,,,,,,,,,,,,,,,,,,,,,,,,,
https://appliance.com,https://www.appliance.com/search?q=KSES530SBE,,,,,,,,,,KSES530SBE,"KSES530SBE 30"" Elect Range BO Display Only",,,,Appliance Dealers Cooperative (APPDE),Appliance Dealers Cooperative,Appliance Dealers Cooperative,,KSES530SBE,,Appliances & Consumer Electronics>Kitchen Appliances>Electric Ranges,"Appliance Dealers Cooperative, Electric Range, KSES530SBE, 30 in, KSES530SBE, Black",ELECTRIC RANGE 30IN KSES530SBE BLACK,"Appliance Dealers Cooperative KSES530SBE Electric Range With Display Only, Black","Appliance Dealers Cooperative Electric Range With Display Only, 30 in Width, KSES530SBE, Black, Additional Information: Display Only","Electric Range, 30 in, KSES530SBE, Black","Electric Range, 30 in, KSES530SBE, Black",Display Only,,,,,,,,,,,,,,,,,,,,With Display Only,,,,,,Width,30,in,Model Number,KSES530SBE,,Color,Black,,,,,,,,,,,,,,,,,,,,,,,,,,,,,,,,,,,,,,,,,,,,,,,,,,,,,,,,,,,,,,,,,,,,,,,,,,,,,,,,,,,,,,,,,,,,,,,,,,,,,,,,,,,,,,,,,,,,,,,,,,,,,,,,,,,,,,,,,,,,,,,,,,52141505,,,,,,,,,,,,,,,,,,,,,,,,,,,,,,,,,,,,,,,,,,,
https://appliance.com,https://www.appliance.com/search?q=WSGS7530RZ,,,,,,,,,,WSGS7530RZ,"WSGS7530RZ 30"" Gas Range SS - Display Only",,,,Appliance Dealers Cooperative (APPDE),Appliance Dealers Cooperative,Appliance Dealers Cooperative,,WSGS7530RZ,,Appliances & Consumer Electronics>Kitchen Appliances>Gas Ranges,"Appliance Dealers Cooperative, Gas Range, WSGS7530RZ, 30 in, WSGS7530RZ, Stainless Steel",GAS RANGE 30IN WSGS7530RZ STAINLESSSTEEL,"Appliance Dealers Cooperative WSGS7530RZ Gas Range With Display Only, Stainless Steel","Appliance Dealers Cooperative Gas Range With Display Only, 30 in Width, WSGS7530RZ, Stainless Steel, Additional Information: Display Only","Gas Range, 30 in, WSGS7530RZ, Stainless Steel","Gas Range, 30 in, WSGS7530RZ, Stainless Steel",Display Only,,,,,,,,,,,,,,,,,,,,With Display Only,,,,,,Width,30,in,Model Number,WSGS7530RZ,,Color,Stainless Steel,,,,,,,,,,,,,,,,,,,,,,,,,,,,,,,,,,,,,,,,,,,,,,,,,,,,,,,,,,,,,,,,,,,,,,,,,,,,,,,,,,,,,,,,,,,,,,,,,,,,,,,,,,,,,,,,,,,,,,,,,,,,,,,,,,,,,,,,,,,,,,,,,,52141506,,,,,,,,,,,,,,,,,,,,,,,,,,,,,,,,,,,,,,,,,,,
https://appliance.com,https://www.appliance.com/search?q=PRFS2883AF,,,,,,,,,,PRFS2883AF,"PRFS2883AF 36"" Fridge SS - Display Only",,,,Appliance Dealers Cooperative (APPDE),Appliance Dealers Cooperative,Appliance Dealers Cooperative,,PRFS2883AF,,Appliances & Consumer Electronics>Kitchen Appliances>Refrigerators,"Appliance Dealers Cooperative, Fridge, PRFS2883AF, 36 in, SS, PRFS2883AF",FRIDGE 36IN SS PRFS2883AF,"Appliance Dealers Cooperative PRFS2883AF Fridge With Display Only, SS","Appliance Dealers Cooperative Fridge With Display Only, 36 in Width, SS, PRFS2883AF","Fridge, 36 in, SS, PRFS2883AF","Fridge, 36 in, SS, PRFS2883AF",Display Only,,,,,,,,,,,,,,,,,,,,With Display Only,,,,,,Width,36,in,Color,SS,,Model Number,PRFS2883AF,,,,,,,,,,,,,,,,,,,,,,,,,,,,,,,,,,,,,,,,,,,,,,,,,,,,,,,,,,,,,,,,,,,,,,,,,,,,,,,,,,,,,,,,,,,,,,,,,,,,,,,,,,,,,,,,,,,,,,,,,,,,,,,,,,,,,,,,,,,,,,,,,,52141511,,,,,,,,,,,,,,,,,,,,,,,,,,,,,,,,,,,,,,,,,,,
https://,,,,,,,,,,,MWUG36010225,MWUG36010225 Black SM Aerial Snow Heated Glove,,,,Tech Gear 5.7 Inc (TECGE),Tech Gear 5.7 Inc,Tech Gear 5.7 Inc,,MWUG36010225,,Safety & Security>Personal Protective Equipment>Hand Protection,"Tech Gear 5.7 Inc, Glove, Aerial Snow, MWUG36010225, MWUG36010225, Black, SM",GLOVE MWUG36010225 BLACK SM,"Tech Gear 5.7 Inc Aerial Snow MWUG36010225 Glove With Heated, Black, SM","Tech Gear 5.7 Inc Glove With Heated, Aerial Snow, MWUG36010225, Black, SM","Aerial Snow Glove, MWUG36010225, Black, SM","Aerial Snow Glove, MWUG36010225, Black, SM",Heated,,,,,,,,,,,,,,,,,,,,With Heated,,,,,,Model Number,MWUG36010225,,Color,Black,,Size,SM,,,,,,,,,,,,,,,,,,,,,,,,,,,,,,,,,,,,,,,,,,,,,,,,,,,,,,,,,,,,,,,,,,,,,,,,,,,,,,,,,,,,,,,,,,,,,,,,,,,,,,,,,,,,,,,,,,,,,,,,,,,,,,,,,,,,,,,,,,,,,,,,,,46181504,,,,,,,,,,,,,,,,,,,,,,,,,,,,,,,,,,,,,,,,,,,
https://,,,,,,,,,,,MWUG36010325,MWUG36010325 Black MD Aerial Snow Heated Glove,,,,Tech Gear 5.7 Inc (TECGE),Tech Gear 5.7 Inc,Tech Gear 5.7 Inc,,MWUG36010325,,Safety & Security>Personal Protective Equipment>Hand Protection,"Tech Gear 5.7 Inc, Glove, Aerial Snow, MWUG36010325, MWUG36010325, Black, MD",GLOVE MWUG36010325 BLACK MD,"Tech Gear 5.7 Inc Aerial Snow MWUG36010325 Glove With Heated, Black, MD","Tech Gear 5.7 Inc Glove With Heated, Aerial Snow, MWUG36010325, Black, MD","Aerial Snow Glove, MWUG36010325, Black, MD","Aerial Snow Glove, MWUG36010325, Black, MD",Heated,,,,,,,,,,,,,,,,,,,,With Heated,,,,,,Model Number,MWUG36010325,,Color,Black,,Size,MD,,,,,,,,,,,,,,,,,,,,,,,,,,,,,,,,,,,,,,,,,,,,,,,,,,,,,,,,,,,,,,,,,,,,,,,,,,,,,,,,,,,,,,,,,,,,,,,,,,,,,,,,,,,,,,,,,,,,,,,,,,,,,,,,,,,,,,,,,,,,,,,,,,46181504,,,,,,,,,,,,,,,,,,,,,,,,,,,,,,,,,,,,,,,,,,,
https://,,,,,,,,,,,MWUG36010425,MWUG36010425 Black LG Aerial Snow Heated Glove,,,,Tech Gear 5.7 Inc (TECGE),Tech Gear 5.7 Inc,Tech Gear 5.7 Inc,,MWUG36010425,,Safety & Security>Personal Protective Equipment>Hand Protection,"Tech Gear 5.7 Inc, Glove, Aerial Snow, MWUG36010425, MWUG36010425, Black, LG",GLOVE MWUG36010425 BLACK LG,"Tech Gear 5.7 Inc Aerial Snow MWUG36010425 Glove With Heated, Black, LG","Tech Gear 5.7 Inc Glove With Heated, Aerial Snow, MWUG36010425, Black, LG","Aerial Snow Glove, MWUG36010425, Black, LG","Aerial Snow Glove, MWUG36010425, Black, LG",Heated,,,,,,,,,,,,,,,,,,,,With Heated,,,,,,Model Number,MWUG36010425,,Color,Black,,Size,LG,,,,,,,,,,,,,,,,,,,,,,,,,,,,,,,,,,,,,,,,,,,,,,,,,,,,,,,,,,,,,,,,,,,,,,,,,,,,,,,,,,,,,,,,,,,,,,,,,,,,,,,,,,,,,,,,,,,,,,,,,,,,,,,,,,,,,,,,,,,,,,,,,,46181504,,,,,,,,,,,,,,,,,,,,,,,,,,,,,,,,,,,,,,,,,,,
https://,,,,,,,,,,,MWUG36010525,MWUG36010525 Black XL Aerial Snow Heated Glove,,,,Tech Gear 5.7 Inc (TECGE),Tech Gear 5.7 Inc,Tech Gear 5.7 Inc,,MWUG36010525,,Safety & Security>Personal Protective Equipment>Hand Protection,"Tech Gear 5.7 Inc, Glove, Aerial Snow, MWUG36010525, MWUG36010525, Black, XL",GLOVE MWUG36010525 BLACK XL,"Tech Gear 5.7 Inc Aerial Snow MWUG36010525 Glove With Heated, Black, XL","Tech Gear 5.7 Inc Glove With Heated, Aerial Snow, MWUG36010525, Black, XL","Aerial Snow Glove, MWUG36010525, Black, XL","Aerial Snow Glove, MWUG36010525, Black, XL",Heated,,,,,,,,,,,,,,,,,,,,With Heated,,,,,,Model Number,MWUG36010525,,Color,Black,,Size,XL,,,,,,,,,,,,,,,,,,,,,,,,,,,,,,,,,,,,,,,,,,,,,,,,,,,,,,,,,,,,,,,,,,,,,,,,,,,,,,,,,,,,,,,,,,,,,,,,,,,,,,,,,,,,,,,,,,,,,,,,,,,,,,,,,,,,,,,,,,,,,,,,,,46181504,,,,,,,,,,,,,,,,,,,,,,,,,,,,,,,,,,,,,,,,,,,
https://,,,,,,,,,,,MWUG36010625,MWUG36010625 Black 2X Aerial Snow Heated Glove,,,,Tech Gear 5.7 Inc (TECGE),Tech Gear 5.7 Inc,Tech Gear 5.7 Inc,,MWUG36010625,,Safety & Security>Personal Protective Equipment>Hand Protection,"Tech Gear 5.7 Inc, Glove, Aerial Snow, MWUG36010625, MWUG36010625, Black, 2X",GLOVE MWUG36010625 BLACK 2X,"Tech Gear 5.7 Inc Aerial Snow MWUG36010625 Glove With Heated, Black, 2X","Tech Gear 5.7 Inc Glove With Heated, Aerial Snow, MWUG36010625, Black, 2X","Aerial Snow Glove, MWUG36010625, Black, 2X","Aerial Snow Glove, MWUG36010625, Black, 2X",Heated,,,,,,,,,,,,,,,,,,,,With Heated,,,,,,Model Number,MWUG36010625,,Color,Black,,Size,2X,,,,,,,,,,,,,,,,,,,,,,,,,,,,,,,,,,,,,,,,,,,,,,,,,,,,,,,,,,,,,,,,,,,,,,,,,,,,,,,,,,,,,,,,,,,,,,,,,,,,,,,,,,,,,,,,,,,,,,,,,,,,,,,,,,,,,,,,,,,,,,,,,,46181504,,,,,,,,,,,,,,,,,,,,,,,,,,,,,,,,,,,,,,,,,,,
https://black.com,,,,,,,,,,,DW089CG,DW089CG Dewalt Laser Level - 3 Line 30ft Range,,,DEWALT,Black & Decker/dewlt (2585),Black & Decker/dewlt,Dewalt,Dewalt,DW089CG,,Tools>Measuring & Layout Tools>Laser Levels,"Black & Decker/dewlt Dewalt, laser level, DW089CG, 3, 30 ft",LASER LEVEL 3 30FT,Dewalt DW089CG laser level With 3 line laser,"Dewalt laser level With 3 line laser, 3, 30 ft range","laser level, 3, 30 ft","laser level, 3, 30 ft",3 line laser,,,,,,,,,,,,,,,,,,,,With 3 line laser,,,,,,line count,3,,range,30,ft,,,,,,,,,,,,,,,,,,,,,,,,,,,,,,,,,,,,,,,,,,,,,,,,,,,,,,,,,,,,,,,,,,,,,,,,,,,,,,,,,,,,,,,,,,,,,,,,,,,,,,,,,,,,,,,,,,,,,,,,,,,,,,,,,,,,,,,,,,,,,,,,,,,,27111707,,,,,,,,,,,,,,,,,,,,,,,,,,,,,,,,,,,,,,,,,,,
https://,,,,,,,,,,,55227,"55227 Amana Countersink/Stop 1/8"" Drill TB",,,,Amana Tool Corp (AMATO),Amana Tool Corp,Amana,Amana,55227,,Tools>Power Tool Accessories>Drill Bits,"Amana Tool Corp Amana, countersink, 55227, 1/8 in",COUNTERSINK 1/8IN,Amana 55227 countersink With Countersink/Stop,"Amana countersink With Countersink/Stop, 1/8 in Drill Size","countersink, 1/8 in","countersink, 1/8 in",Countersink/Stop,,,,,,,,,,,,,,,,,,,,With Countersink/Stop,,,,,,Drill Size,1/8,in,,,,,,,,,,,,,,,,,,,,,,,,,,,,,,,,,,,,,,,,,,,,,,,,,,,,,,,,,,,,,,,,,,,,,,,,,,,,,,,,,,,,,,,,,,,,,,,,,,,,,,,,,,,,,,,,,,,,,,,,,,,,,,,,,,,,,,,,,,,,,,,,,,,,,,,27112800,,,,,,,,,,,,,,,,,,,,,,,,,,,,,,,,,,,,,,,,,,,
https://nationalnail.com,,,,,,,,,,,918200,918200 Paslode CT200S24 18Ga ST Brad Nailer,,,,National Nail Corp (7439),National Nail Corp,Paslode,Paslode,918200,,Tools & Equipment>Power Tools>Nailers,"National Nail Corp Paslode, Brad Nailer, 918200, 18 Ga",BRAD NAILER 18GA,Paslode 918200 Brad Nailer With 18Ga ST Brad Nailer,"Paslode Brad Nailer With 18Ga ST Brad Nailer, 18 Ga Gauge, Additional Information: 918200 Paslode CT200S24 18Ga ST Brad Nailer","Brad Nailer, 18 Ga","Brad Nailer, 18 Ga",18Ga ST Brad Nailer,,,,,,,,,,,,,,,,,,,,With 18Ga ST Brad Nailer,,,,,,Gauge,18,Ga,,,,,,,,,,,,,,,,,,,,,,,,,,,,,,,,,,,,,,,,,,,,,,,,,,,,,,,,,,,,,,,,,,,,,,,,,,,,,,,,,,,,,,,,,,,,,,,,,,,,,,,,,,,,,,,,,,,,,,,,,,,,,,,,,,,,,,,,,,,,,,,,,,,,,,,27111905,,,,,,,,,,,,,,,,,,,,,,,,,,,,,,,,,,,,,,,,,,,
https://vessel.com,,,,,,,,,,,IBMG90K003,"IBMG90K003 Vessel Impact Ball Torsion Bit Assort 5pc 3.5""",,,,Vessel Tools USA Inc (VESTO),Vessel Tools USA Inc,Vessel,Vessel,IBMG90K003,,Tools & Equipment>Tool Accessories>Driver Bits,"Vessel Tools USA Inc Vessel, Bit Assortment, Impact Ball Torsion, IBMG90K003",BIT ASSORTMENT 5PC 3.5IN,Vessel Impact Ball Torsion IBMG90K003 Bit Assortment With Impact Ball Torsion,"Vessel Bit Assortment With Impact Ball Torsion, Impact Ball Torsion, 5 pc Piece Count, 3.5 in Length, Additional Information: IBMG90K003 Vessel Impact Ball Torsion Bit Assort 5pc 3.5""","Impact Ball Torsion Bit Assortment, 5 pc, 3.5 in","Impact Ball Torsion Bit Assortment, 5 pc, 3.5 in",Impact Ball Torsion,,,,,,,,,,,,,,,,,,,,With Impact Ball Torsion,,,,,,Piece Count,5,pc,Length,3.5,in,,,,,,,,,,,,,,,,,,,,,,,,,,,,,,,,,,,,,,,,,,,,,,,,,,,,,,,,,,,,,,,,,,,,,,,,,,,,,,,,,,,,,,,,,,,,,,,,,,,,,,,,,,,,,,,,,,,,,,,,,,,,,,,,,,,,,,,,,,,,,,,,,,,,27112801,,,,,,,,,,,,,,,,,,,,,,,,,,,,,,,,,,,,,,,,,,,
https://vessel.com,,,,,,,,,,,IBPH250P15T,"IBPH250P15T Vessel Torsion Bit 2"" 15pc",,,,Vessel Tools USA Inc (VESTO),Vessel Tools USA Inc,Vessel,Vessel,IBPH250P15T,,Tools & Equipment>Tool Accessories>Driver Bits,"Vessel Tools USA Inc Vessel, Torsion Bit, IBPH250P15T, 2 in, 15 pc",TORSION BIT 2IN 15PC,Vessel IBPH250P15T Torsion Bit With Torsion Bit,"Vessel Torsion Bit With Torsion Bit, 2 in Length, 15 pc Piece Count, Additional Information: IBPH250P15T Vessel Torsion Bit 2"" 15pc","Torsion Bit, 2 in, 15 pc","Torsion Bit, 2 in, 15 pc",Torsion Bit,,,,,,,,,,,,,,,,,,,,With Torsion Bit,,,,,,Length,2,in,Piece Count,15,pc,,,,,,,,,,,,,,,,,,,,,,,,,,,,,,,,,,,,,,,,,,,,,,,,,,,,,,,,,,,,,,,,,,,,,,,,,,,,,,,,,,,,,,,,,,,,,,,,,,,,,,,,,,,,,,,,,,,,,,,,,,,,,,,,,,,,,,,,,,,,,,,,,,,,27112801,,,,,,,,,,,,,,,,,,,,,,,,,,,,,,,,,,,,,,,,,,,
https://,,,,,,,,,,,D0760UX,"D0760UX Diablo 7-1/4"" 60T Circ - Saw Blade",,,Diablo,Freud Inc (2435),Freud Inc,Diablo,Diablo,D0760UX,,Tools & Equipment>Power Tool Accessories>Circular Saw Blades,"Freud Inc Diablo, saw blade, D0760UX, 7-1/4 in, 60 T",SAW BLADE 7-1/4IN 60T,Diablo D0760UX saw blade With Circular Saw Blade,"Diablo saw blade With Circular Saw Blade, 7-1/4 in diameter, 60 T tooth count","saw blade, 7-1/4 in, 60 T","saw blade, 7-1/4 in, 60 T",Circular Saw Blade,,,,,,,,,,,,,,,,,,,,With Circular Saw Blade,,,,,,diameter,7-1/4,in,tooth count,60,T,,,,,,,,,,,,,,,,,,,,,,,,,,,,,,,,,,,,,,,,,,,,,,,,,,,,,,,,,,,,,,,,,,,,,,,,,,,,,,,,,,,,,,,,,,,,,,,,,,,,,,,,,,,,,,,,,,,,,,,,,,,,,,,,,,,,,,,,,,,,,,,,,,,,27112706,,,,,,,,,,,,,,,,,,,,,,,,,,,,,,,,,,,,,,,,,,,
https://,,,,,,,,,,,578512,578512 Festool Dust Extractor-CT MIDI I HEPA,,,,Festool USA (FESTO),Festool USA,Festool,Festool,578512,,Power Tools & Accessories>Power Tool Accessories>Dust Extraction Systems,"Festool USA Festool, dust extractor, CT MIDI I, 578512, 578512",DUST EXTRACTOR 578512,Festool CT MIDI I 578512 dust extractor With HEPA,"Festool dust extractor With HEPA, CT MIDI I, 578512","CT MIDI I dust extractor, 578512","CT MIDI I dust extractor, 578512",HEPA,,,,,,,,,,,,,,,,,,,,With HEPA,,,,,,Model Number,578512,,,,,,,,,,,,,,,,,,,,,,,,,,,,,,,,,,,,,,,,,,,,,,,,,,,,,,,,,,,,,,,,,,,,,,,,,,,,,,,,,,,,,,,,,,,,,,,,,,,,,,,,,,,,,,,,,,,,,,,,,,,,,,,,,,,,,,,,,,,,,,,,,,,,,,,,27112701,,,,,,,,,,,,,,,,,,,,,,,,,,,,,,,,,,,,,,,,,,,
https://phillips.com,,,,,,,,,,,565887,565887 60W LED Med 20k,,,Philips,Phillips Lighting (5831),Phillips Lighting,Philips,,565887,,Lighting & Fans>Light Bulbs>LED Bulbs,"Phillips Lighting Philips, LED Bulb, 565887, 60 W, 20000 K",LED BULB 60W 20000K,Philips 565887 LED Bulb With LED,"Philips LED Bulb With LED, 60 W Wattage, 20000 K Color Temperature","LED Bulb, 60 W, 20000 K","LED Bulb, 60 W, 20000 K",LED,Med base,,,,,,,,,,,,,,,,,,,With LED,,,,,,Wattage,60,W,Color Temperature,20000,K,,,,,,,,,,,,,,,,,,,,,,,,,,,,,,,,,,,,,,,,,,,,,,,,,,,,,,,,,,,,,,,,,,,,,,,,,,,,,,,,,,,,,,,,,,,,,,,,,,,,,,,,,,,,,,,,,,,,,,,,,,,,,,,,,,,,,,,,,,,,,,,,,,,,39101628,,,,,,,,,,,,,,,,,,,,,,,,,,,,,,,,,,,,,,,,,,,
https://phillips.com,,,,,,,,,,,586867,586867 60W LED Med 27K,,,Philips,Phillips Lighting (5831),Phillips Lighting,Philips,,586867,,Lighting & Fans>Light Bulbs>LED Bulbs,"Phillips Lighting Philips, LED Bulb, 586867, 60 W, 2700 K",LED BULB 60W 2700K,Philips 586867 LED Bulb With LED,"Philips LED Bulb With LED, 60 W Wattage, 2700 K Color Temperature","LED Bulb, 60 W, 2700 K","LED Bulb, 60 W, 2700 K",LED,Med base,,,,,,,,,,,,,,,,,,,With LED,,,,,,Wattage,60,W,Color Temperature,2700,K,,,,,,,,,,,,,,,,,,,,,,,,,,,,,,,,,,,,,,,,,,,,,,,,,,,,,,,,,,,,,,,,,,,,,,,,,,,,,,,,,,,,,,,,,,,,,,,,,,,,,,,,,,,,,,,,,,,,,,,,,,,,,,,,,,,,,,,,,,,,,,,,,,,,39101628,,,,,,,,,,,,,,,,,,,,,,,,,,,,,,,,,,,,,,,,,,,
https://phillips.com,,,,,,,,,,,568451,5686451 50W LED Med 50k 2pk,,,Philips,Phillips Lighting (5831),Phillips Lighting,Philips,,568451,,Lighting & Fans>Light Bulbs>LED Bulbs,"Phillips Lighting Philips, LED Bulb, 568451, 50 W, 50000 K, 2 pk",LED BULB 50W 50000K 2PK,Philips 568451 LED Bulb With LED,"Philips LED Bulb With LED, 50 W Wattage, 50000 K Color Temperature, 2 pk Pack Quantity","LED Bulb, 50 W, 50000 K, 2 pk","LED Bulb, 50 W, 50000 K, 2 pk",LED,Med base,,,,,,,,,,,,,,,,,,,With LED,,,,,,Wattage,50,W,Color Temperature,50000,K,Pack Quantity,2,pk,,,,,,,,,,,,,,,,,,,,,,,,,,,,,,,,,,,,,,,,,,,,,,,,,,,,,,,,,,,,,,,,,,,,,,,,,,,,,,,,,,,,,,,,,,,,,,,,,,,,,,,,,,,,,,,,,,,,,,,,,,,,,,,,,,,,,,,,,,,,,,,,,39101628,,,,,,,,,,,,,,,,,,,,,,,,,,,,,,,,,,,,,,,,,,,
https://phillips.com,,,,,,,,,,,573196,573196 75W LED Med 30K,,,Philips,Phillips Lighting (5831),Phillips Lighting,Philips,,573196,,Lighting & Fans>Light Bulbs>LED Bulbs,"Phillips Lighting Philips, LED Bulb, 573196, 75 W, 3000 K",LED BULB 75W 3000K,Philips 573196 LED Bulb With LED,"Philips LED Bulb With LED, 75 W Wattage, 3000 K Color Temperature","LED Bulb, 75 W, 3000 K","LED Bulb, 75 W, 3000 K",LED,Med base,,,,,,,,,,,,,,,,,,,With LED,,,,,,Wattage,75,W,Color Temperature,3000,K,,,,,,,,,,,,,,,,,,,,,,,,,,,,,,,,,,,,,,,,,,,,,,,,,,,,,,,,,,,,,,,,,,,,,,,,,,,,,,,,,,,,,,,,,,,,,,,,,,,,,,,,,,,,,,,,,,,,,,,,,,,,,,,,,,,,,,,,,,,,,,,,,,,,39101628,,,,,,,,,,,,,,,,,,,,,,,,,,,,,,,,,,,,,,,,,,,
https://phillips.com,,,,,,,,,,,588566,588566 40W LED Med 55k 3pk,,,Philips,Phillips Lighting (5831),Phillips Lighting,Philips,,588566,,Lighting & Fans>Light Bulbs>LED Bulbs,"Phillips Lighting Philips, LED Bulb, 588566, 40 W, 55000 K, 3 pk",LED BULB 40W 55000K 3PK,Philips 588566 LED Bulb With LED,"Philips LED Bulb With LED, 40 W Wattage, 55000 K Color Temperature, 3 pk Pack Quantity","LED Bulb, 40 W, 55000 K, 3 pk","LED Bulb, 40 W, 55000 K, 3 pk",LED,Med base,,,,,,,,,,,,,,,,,,,With LED,,,,,,Wattage,40,W,Color Temperature,55000,K,Pack Quantity,3,pk,,,,,,,,,,,,,,,,,,,,,,,,,,,,,,,,,,,,,,,,,,,,,,,,,,,,,,,,,,,,,,,,,,,,,,,,,,,,,,,,,,,,,,,,,,,,,,,,,,,,,,,,,,,,,,,,,,,,,,,,,,,,,,,,,,,,,,,,,,,,,,,,,39101628,,,,,,,,,,,,,,,,,,,,,,,,,,,,,,,,,,,,,,,,,,,
https://prebena.com,,,,,,,,,,,d10cnk,"D10CNK Prebena 1/2""x3/8"" - Staple",,,,Prebena (PREBE),Prebena,Prebena,Prebena,d10cnk,,Fasteners>Staples>Pneumatic Staples,"Prebena, Staple, d10cnk, 1/2 x 3/8 in, 1/2 in, 3/8 in",STAPLE 1/2X3/8IN 1/2IN 3/8IN,"Prebena d10cnk Staple With Pneumatic staple, 1/2 x 3/8 in","Prebena Staple With Pneumatic staple, 1/2 x 3/8 in Size, 1/2 in Diameter, 3/8 in Arbor","Staple, 1/2 x 3/8 in, 1/2 in, 3/8 in","Staple, 1/2 x 3/8 in, 1/2 in, 3/8 in",Pneumatic staple,,,,,,,,,,,,,,,,,,,,With Pneumatic staple,,,,,,Size,1/2 x 3/8,in,Diameter,1/2,in,Arbor,3/8,in,,,,,,,,,,,,,,,,,,,,,,,,,,,,,,,,,,,,,,,,,,,,,,,,,,,,,,,,,,,,,,,,,,,,,,,,,,,,,,,,,,,,,,,,,,,,,,,,,,,,,,,,,,,,,,,,,,,,,,,,,,,,,,,,,,,,,,,,,,,,,,,,,31162003,,,,,,,,,,,,,,,,,,,,,,,,,,,,,,,,,,,,,,,,,,,
https://prebena.com,,,,,,,,,,,e28cnkha,"E28CNKHA Prebena 2/4""x1 1/8"" - Staple",,,,Prebena (PREBE),Prebena,Prebena,Prebena,e28cnkha,,Fasteners>Staples>Pneumatic Staples,"Prebena, Staple, e28cnkha, 2/4 x 1 1/8 in, 2/4 in, 1/8 in",STAPLE 2/4X11/8IN 2/4IN 1/8IN,"Prebena e28cnkha Staple With Pneumatic staple, 2/4 x 1 1/8 in","Prebena Staple With Pneumatic staple, 2/4 x 1 1/8 in Size, 2/4 in Diameter, 1/8 in Arbor","Staple, 2/4 x 1 1/8 in, 2/4 in, 1/8 in","Staple, 2/4 x 1 1/8 in, 2/4 in, 1/8 in",Pneumatic staple,,,,,,,,,,,,,,,,,,,,With Pneumatic staple,,,,,,Size,2/4 x 1 1/8,in,Diameter,2/4,in,Arbor,1/8,in,,,,,,,,,,,,,,,,,,,,,,,,,,,,,,,,,,,,,,,,,,,,,,,,,,,,,,,,,,,,,,,,,,,,,,,,,,,,,,,,,,,,,,,,,,,,,,,,,,,,,,,,,,,,,,,,,,,,,,,,,,,,,,,,,,,,,,,,,,,,,,,,,31162003,,,,,,,,,,,,,,,,,,,,,,,,,,,,,,,,,,,,,,,,,,,
https://black.com,,,,,,,,,,,DCGG581B,DCGG581B Dewalt 20V Grease Gun 2-Speed,,,,Black & Decker/dewlt (2585),Black & Decker/dewlt,Dewalt,Dewalt,DCGG581B,,Power Tools>Cordless Tools>Cordless Grease Guns,"Black & Decker/dewlt Dewalt, Grease Gun, DCGG581B, 20 V, 2",GREASE GUN 20V 2,Dewalt DCGG581B Grease Gun With Cordless,"Dewalt Grease Gun With Cordless, 20 V Voltage Rating, 2","Grease Gun, 2","Grease Gun, 2",Cordless,,,,,,,,,,,,,,,,,,,,With Cordless,,,,,,Voltage Rating,20,V,Speed,2,,,,,,,,,,,,,,,,,,,,,,,,,,,,,,,,,,,,,,,,,,,,,,,,,,,,,,,,,,,,,,,,,,,,,,,,,,,,,,,,,,,,,,,,,,,,,,,,,,,,,,,,,,,,,,,,,,,,,,,,,,,,,,,,,,,,,,,,,,,,,,,,,,,,,27111802,,,,,,,,,,,,,,,,,,,,,,,,,,,,,,,,,,,,,,,,,,,
https://black.com,,,,,,,,,,,DCN930P1,DCN930P1 Dewalt 20V 30 Degree - Framing Nailer Kit,,,DEWALT,Black & Decker/dewlt (2585),Black & Decker/dewlt,Dewalt,Dewalt,DCN930P1,,Tools & Equipment>Power Tools>Pneumatic & Cordless Nailers,"Black & Decker/dewlt Dewalt, Framing Nailer, DCN930P1, 20 V, 30 deg",FRAMING NAILER 20V 30DEG,Dewalt DCN930P1 Framing Nailer With Framing Nailer Kit,"Dewalt Framing Nailer With Framing Nailer Kit, 20 V Voltage Rating, 30 deg Degree","Framing Nailer, 30 deg","Framing Nailer, 30 deg",Framing Nailer Kit,,,,,,,,,,,,,,,,,,,,With Framing Nailer Kit,,,,,,Voltage Rating,20,V,Degree,30,deg,,,,,,,,,,,,,,,,,,,,,,,,,,,,,,,,,,,,,,,,,,,,,,,,,,,,,,,,,,,,,,,,,,,,,,,,,,,,,,,,,,,,,,,,,,,,,,,,,,,,,,,,,,,,,,,,,,,,,,,,,,,,,,,,,,,,,,,,,,,,,,,,,,,,27111902,,,,,,,,,,,,,,,,,,,,,,,,,,,,,,,,,,,,,,,,,,,
https://makita.com,,,,,,,,,,,XNB04Z,"XNB04Z Makita 18V 2"" Brad Nailer 18GA (Bare)",,,,Makita Usa Inc (5142),Makita Usa Inc,Makita,Makita,XNB04Z,,Tools & Equipment>Power Tools>Pneumatic & Cordless Nailers,"Makita Usa Inc Makita, Brad Nailer, XNB04Z, 18 V, 2 in, 18 GA",BRAD NAILER 18V 2IN 18GA,Makita XNB04Z Brad Nailer With Bare,"Makita Brad Nailer With Bare, 18 V Voltage Rating, 2 in Nail Size, 18 GA Gauge","Brad Nailer, 2 in, 18 GA","Brad Nailer, 2 in, 18 GA",Bare,,,,,,,,,,,,,,,,,,,,With Bare,,,,,,Voltage Rating,18,V,Nail Size,2,in,Gauge,18,GA,,,,,,,,,,,,,,,,,,,,,,,,,,,,,,,,,,,,,,,,,,,,,,,,,,,,,,,,,,,,,,,,,,,,,,,,,,,,,,,,,,,,,,,,,,,,,,,,,,,,,,,,,,,,,,,,,,,,,,,,,,,,,,,,,,,,,,,,,,,,,,,,,27111902,,,,,,,,,,,,,,,,,,,,,,,,,,,,,,,,,,,,,,,,,,,
https://makita.com,,,,,,,,,,,XNB05Z,"XNB05Z Makita 18V 2-1/2"" Straight Finish Nailer 16GA",,,,Makita Usa Inc (5142),Makita Usa Inc,Makita,Makita,XNB05Z,,Tools & Equipment>Power Tools>Pneumatic & Cordless Nailers,"Makita Usa Inc Makita, Finish Nailer, XNB05Z, 18 V, 2-1/2 in, 16 GA",FINISH NAILER 18V 2-1/2IN 16GA,Makita XNB05Z Finish Nailer With Straight Finish Nailer,"Makita Finish Nailer With Straight Finish Nailer, 18 V Voltage Rating, 2-1/2 in Nail Size, 16 GA Gauge","Finish Nailer, 2-1/2 in, 16 GA","Finish Nailer, 2-1/2 in, 16 GA",Straight Finish Nailer,,,,,,,,,,,,,,,,,,,,With Straight Finish Nailer,,,,,,Voltage Rating,18,V,Nail Size,2-1/2,in,Gauge,16,GA,,,,,,,,,,,,,,,,,,,,,,,,,,,,,,,,,,,,,,,,,,,,,,,,,,,,,,,,,,,,,,,,,,,,,,,,,,,,,,,,,,,,,,,,,,,,,,,,,,,,,,,,,,,,,,,,,,,,,,,,,,,,,,,,,,,,,,,,,,,,,,,,,27111902,,,,,,,,,,,,,,,,,,,,,,,,,,,,,,,,,,,,,,,,,,,
https://makita.com,,,,,,,,,,,XNB06Z,"XNB06Z Makita 18V 2-1/2"" Angled Finish Nailer 16GA",,,,Makita Usa Inc (5142),Makita Usa Inc,Makita,Makita,XNB06Z,,Tools & Equipment>Power Tools>Pneumatic & Cordless Nailers,"Makita Usa Inc Makita, Finish Nailer, XNB06Z, 18 V, 2-1/2 in, 16 GA",FINISH NAILER 18V 2-1/2IN 16GA,Makita XNB06Z Finish Nailer With Angled Finish Nailer,"Makita Finish Nailer With Angled Finish Nailer, 18 V Voltage Rating, 2-1/2 in Nail Size, 16 GA Gauge","Finish Nailer, 2-1/2 in, 16 GA","Finish Nailer, 2-1/2 in, 16 GA",Angled Finish Nailer,,,,,,,,,,,,,,,,,,,,With Angled Finish Nailer,,,,,,Voltage Rating,18,V,Nail Size,2-1/2,in,Gauge,16,GA,,,,,,,,,,,,,,,,,,,,,,,,,,,,,,,,,,,,,,,,,,,,,,,,,,,,,,,,,,,,,,,,,,,,,,,,,,,,,,,,,,,,,,,,,,,,,,,,,,,,,,,,,,,,,,,,,,,,,,,,,,,,,,,,,,,,,,,,,,,,,,,,,27111902,,,,,,,,,,,,,,,,,,,,,,,,,,,,,,,,,,,,,,,,,,,
https://makita.com,,,,,,,,,,,XRF03Z,XRF03Z Makita 18V Screwdriver - Autofeed,,,,Makita Usa Inc (5142),Makita Usa Inc,Makita,Makita,XRF03Z,,Tools & Equipment>Power Tools>Cordless Drills & Drivers,"Makita Usa Inc Makita, Screwdriver, XRF03Z, 18 V",SCREWDRIVER 18V,Makita XRF03Z Screwdriver With Autofeed,"Makita Screwdriver With Autofeed, 18 V Voltage Rating",Screwdriver,Screwdriver,Autofeed,,,,,,,,,,,,,,,,,,,,With Autofeed,,,,,,Voltage Rating,18,V,,,,,,,,,,,,,,,,,,,,,,,,,,,,,,,,,,,,,,,,,,,,,,,,,,,,,,,,,,,,,,,,,,,,,,,,,,,,,,,,,,,,,,,,,,,,,,,,,,,,,,,,,,,,,,,,,,,,,,,,,,,,,,,,,,,,,,,,,,,,,,,,,,,,,,,27112703,,,,,,,,,,,,,,,,,,,,,,,,,,,,,,,,,,,,,,,,,,,
https://black.com,,,,,,,,,,,DCF809D1,"DCF809D1 Dewalt Atomic 20V 1/4"" Impact Driver Kit",,,DEWALT,Black & Decker/dewlt (2585),Black & Decker/dewlt,Dewalt,Dewalt,DCF809D1,,Tools & Equipment>Power Tools>Cordless Drills & Drivers,"Black & Decker/dewlt Dewalt, Impact Driver, Atomic, DCF809D1",IMPACT DRIVER 20V 1/4IN,Dewalt Atomic DCF809D1 Impact Driver With Impact Driver Kit,"Dewalt Impact Driver With Impact Driver Kit, Atomic, 20 V Voltage Rating, 1/4 in Drive Size","Atomic Impact Driver, 1/4 in","Atomic Impact Driver, 1/4 in",Impact Driver Kit,,,,,,,,,,,,,,,,,,,,With Impact Driver Kit,,,,,,Voltage Rating,20,V,Drive Size,1/4,in,,,,,,,,,,,,,,,,,,,,,,,,,,,,,,,,,,,,,,,,,,,,,,,,,,,,,,,,,,,,,,,,,,,,,,,,,,,,,,,,,,,,,,,,,,,,,,,,,,,,,,,,,,,,,,,,,,,,,,,,,,,,,,,,,,,,,,,,,,,,,,,,,,,,27112703,,,,,,,,,,,,,,,,,,,,,,,,,,,,,,,,,,,,,,,,,,,
https://black.com,,,,,,,,,,,DCF510B,Dewalt DCF510B 20V Rachet - Interchangeable Anvil,,,DEWALT,Black & Decker/dewlt (2585),Black & Decker/dewlt,Dewalt,Dewalt,DCF510B,,Tools & Equipment>Power Tools>Cordless Ratchets,"Black & Decker/dewlt Dewalt, ratchet, DCF510B, 20 V",RATCHET 20V,Dewalt DCF510B ratchet With Interchangeable Anvil,"Dewalt ratchet With Interchangeable Anvil, 20 V Voltage Rating",ratchet,ratchet,Interchangeable Anvil,,,,,,,,,,,,,,,,,,,,With Interchangeable Anvil,,,,,,Voltage Rating,20,V,,,,,,,,,,,,,,,,,,,,,,,,,,,,,,,,,,,,,,,,,,,,,,,,,,,,,,,,,,,,,,,,,,,,,,,,,,,,,,,,,,,,,,,,,,,,,,,,,,,,,,,,,,,,,,,,,,,,,,,,,,,,,,,,,,,,,,,,,,,,,,,,,,,,,,,27112700,,,,,,,,,,,,,,,,,,,,,,,,,,,,,,,,,,,,,,,,,,,
https://black.com,,,,,,,,,,,DCG402B,"DCG402B Dewalt 20V 4.5"" Angle Grinder (Bare)",,,,Black & Decker/dewlt (2585),Black & Decker/dewlt,Dewalt,Dewalt,DCG402B,,Tools & Equipment>Power Tools>Angle Grinders,"Black & Decker/dewlt Dewalt, angle grinder, DCG402B, 20 V, 4.5 in",ANGLE GRINDER 20V 4.5IN,Dewalt DCG402B angle grinder With Bare,"Dewalt angle grinder With Bare, 20 V Voltage Rating, 4.5 in Diameter","angle grinder, 4.5 in","angle grinder, 4.5 in",Bare,,,,,,,,,,,,,,,,,,,,With Bare,,,,,,Voltage Rating,20,V,Diameter,4.5,in,,,,,,,,,,,,,,,,,,,,,,,,,,,,,,,,,,,,,,,,,,,,,,,,,,,,,,,,,,,,,,,,,,,,,,,,,,,,,,,,,,,,,,,,,,,,,,,,,,,,,,,,,,,,,,,,,,,,,,,,,,,,,,,,,,,,,,,,,,,,,,,,,,,,27112705,,,,,,,,,,,,,,,,,,,,,,,,,,,,,,,,,,,,,,,,,,,
https://black.com,,,,,,,,,,,DCG420B,DCG420B Dewalt 20V Die Grinder (Bare),,,,Black & Decker/dewlt (2585),Black & Decker/dewlt,Dewalt,Dewalt,DCG420B,,Tools & Equipment>Power Tools>Die Grinders,"Black & Decker/dewlt Dewalt, die grinder, DCG420B, 20 V",DIE GRINDER 20V,Dewalt DCG420B die grinder With Bare,"Dewalt die grinder With Bare, 20 V Voltage Rating",die grinder,die grinder,Bare,,,,,,,,,,,,,,,,,,,,With Bare,,,,,,Voltage Rating,20,V,,,,,,,,,,,,,,,,,,,,,,,,,,,,,,,,,,,,,,,,,,,,,,,,,,,,,,,,,,,,,,,,,,,,,,,,,,,,,,,,,,,,,,,,,,,,,,,,,,,,,,,,,,,,,,,,,,,,,,,,,,,,,,,,,,,,,,,,,,,,,,,,,,,,,,,27112707,,,,,,,,,,,,,,,,,,,,,,,,,,,,,,,,,,,,,,,,,,,
https://black.com,,,,,,,,,,,DCW620B,DCW620B Dewalt 20V Plunge - Router,,,,Black & Decker/dewlt (2585),Black & Decker/dewlt,Dewalt,Dewalt,DCW620B,,Tools & Equipment>Power Tools>Routers,"Black & Decker/dewlt Dewalt, router, DCW620B, 20 V",ROUTER 20V,Dewalt DCW620B router With Plunge router,"Dewalt router With Plunge router, 20 V Voltage Rating",router,router,Plunge router,,,,,,,,,,,,,,,,,,,,With Plunge router,,,,,,Voltage Rating,20,V,,,,,,,,,,,,,,,,,,,,,,,,,,,,,,,,,,,,,,,,,,,,,,,,,,,,,,,,,,,,,,,,,,,,,,,,,,,,,,,,,,,,,,,,,,,,,,,,,,,,,,,,,,,,,,,,,,,,,,,,,,,,,,,,,,,,,,,,,,,,,,,,,,,,,,,27112708,,,,,,,,,,,,,,,,,,,,,,,,,,,,,,,,,,,,,,,,,,,
https://kreg.com,,,,,,,,,,,KPTRS500A,"KPTRS500A Kreg 20V Ionic 5"" Random Orbit Sander",,,,Kreg Tool Company (KRETO),Kreg Tool Company,Kreg,Kreg,KPTRS500A,,Tools & Equipment>Power Tools>Sanders,"Kreg Tool Company Kreg, sander, Ionic, KPTRS500A, 20 V, 5 in",SANDER 20V 5IN,Kreg Ionic KPTRS500A sander With Random orbit sander,"Kreg sander With Random orbit sander, Ionic, 20 V Voltage Rating, 5 in Pad Diameter","Ionic sander, 5 in","Ionic sander, 5 in",Random orbit sander,,,,,,,,,,,,,,,,,,,,With Random orbit sander,,,,,,Voltage Rating,20,V,Pad Diameter,5,in,,,,,,,,,,,,,,,,,,,,,,,,,,,,,,,,,,,,,,,,,,,,,,,,,,,,,,,,,,,,,,,,,,,,,,,,,,,,,,,,,,,,,,,,,,,,,,,,,,,,,,,,,,,,,,,,,,,,,,,,,,,,,,,,,,,,,,,,,,,,,,,,,,,,27112720,,,,,,,,,,,,,,,,,,,,,,,,,,,,,,,,,,,,,,,,,,,
https://makita.com,,,,,,,,,,,XRJ08Z,XRJ08Z Makita 18V Recip Saw - Bare Tool,,,,Makita Usa Inc (5142),Makita Usa Inc,Makita,Makita,XRJ08Z,,Power Tools>Saws>Reciprocating Saws,"Makita Usa Inc Makita, reciprocating saw, XRJ08Z, 18 V",RECIPROCATING SAW 18V,Makita XRJ08Z reciprocating saw With Bare Tool,"Makita reciprocating saw With Bare Tool, 18 V Voltage Rating",reciprocating saw,reciprocating saw,Bare Tool,,,,,,,,,,,,,,,,,,,,With Bare Tool,,,,,,Voltage Rating,18,V,,,,,,,,,,,,,,,,,,,,,,,,,,,,,,,,,,,,,,,,,,,,,,,,,,,,,,,,,,,,,,,,,,,,,,,,,,,,,,,,,,,,,,,,,,,,,,,,,,,,,,,,,,,,,,,,,,,,,,,,,,,,,,,,,,,,,,,,,,,,,,,,,,,,,,,27112702,,,,,,,,,,,,,,,,,,,,,,,,,,,,,,,,,,,,,,,,,,,
https://black.com,,,,,,,,,,,DCB2108,DCB2108 Dewalt 20V 8Ah Battery - Max XR Powerpack,,,DEWALT,Black & Decker/dewlt (2585),Black & Decker/dewlt,DEWALT,DEWALT,DCB2108,,Power Tools>Power Tool Accessories>Battery Packs,"Black & Decker/dewlt DEWALT, Battery, Max XR, DCB2108, 20 V, 8 Ah",BATTERY 20V 8AH,DEWALT Max XR DCB2108 Battery With Powerpack,"DEWALT Battery With Powerpack, Max XR, 20 V Voltage Rating, 8 Ah Capacity","Max XR Battery, 8 Ah","Max XR Battery, 8 Ah",Powerpack,,,,,,,,,,,,,,,,,,,,With Powerpack,,,,,,Voltage Rating,20,V,Capacity,8,Ah,,,,,,,,,,,,,,,,,,,,,,,,,,,,,,,,,,,,,,,,,,,,,,,,,,,,,,,,,,,,,,,,,,,,,,,,,,,,,,,,,,,,,,,,,,,,,,,,,,,,,,,,,,,,,,,,,,,,,,,,,,,,,,,,,,,,,,,,,,,,,,,,,,,,26111700,,,,,,,,,,,,,,,,,,,,,,,,,,,,,,,,,,,,,,,,,,,
https://black.com,,,,,,,,,,,DCB2108-2,DCB2108-2 Dewalt 20V 8Ah 2pk - Battery Max XR Powerpack,,,,Black & Decker/dewlt (2585),Black & Decker/dewlt,DEWALT,DEWALT,DCB2108-2,,Power Tools>Power Tool Accessories>Battery Packs,"Black & Decker/dewlt DEWALT, Battery, Max XR, DCB2108-2, 20 V, 8 Ah, 2 pk",BATTERY 20V 8AH 2PK,DEWALT Max XR DCB2108-2 Battery With Powerpack,"DEWALT Battery With Powerpack, Max XR, 20 V Voltage Rating, 8 Ah Capacity, 2 pk Quantity","Max XR Battery, 8 Ah, 2 pk","Max XR Battery, 8 Ah, 2 pk",Powerpack,,,,,,,,,,,,,,,,,,,,With Powerpack,,,,,,Voltage Rating,20,V,Capacity,8,Ah,Quantity,2,pk,,,,,,,,,,,,,,,,,,,,,,,,,,,,,,,,,,,,,,,,,,,,,,,,,,,,,,,,,,,,,,,,,,,,,,,,,,,,,,,,,,,,,,,,,,,,,,,,,,,,,,,,,,,,,,,,,,,,,,,,,,,,,,,,,,,,,,,,,,,,,,,,,26111700,,,,,,,,,,,,,,,,,,,,,,,,,,,,,,,,,,,,,,,,,,,
https://,,,,,,,,,,,VB0212,VB0212 Senco 18V 2.0 AH Lithium Battery,,,,Senco Products Inc (4650),Senco Products Inc,Senco,Senco,VB0212,,Power Tools>Power Tool Accessories>Battery Packs,"Senco Products Inc Senco, Battery, VB0212, 18 V, 2.0 Ah",BATTERY 18V 2.0AH,Senco VB0212 Battery With Lithium Battery,"Senco Battery With Lithium Battery, 18 V Voltage Rating, 2.0 Ah Capacity","Battery, 2.0 Ah","Battery, 2.0 Ah",Lithium Battery,,,,,,,,,,,,,,,,,,,,With Lithium Battery,,,,,,Voltage Rating,18,V,Capacity,2.0,Ah,,,,,,,,,,,,,,,,,,,,,,,,,,,,,,,,,,,,,,,,,,,,,,,,,,,,,,,,,,,,,,,,,,,,,,,,,,,,,,,,,,,,,,,,,,,,,,,,,,,,,,,,,,,,,,,,,,,,,,,,,,,,,,,,,,,,,,,,,,,,,,,,,,,,26111700,,,,,,,,,,,,,,,,,,,,,,,,,,,,,,,,,,,,,,,,,,,
https://kreg.com,,,,,,,,,,,BCB2A20A,BCB2A20A Kreg 20V Battery/Charger Starter Kit,,,,Kreg Tool Company (KRETO),Kreg Tool Company,Kreg,Kreg,BCB2A20A,,Power Tools>Power Tool Accessories>Battery Charger Kits,"Kreg Tool Company Kreg, Starter Kit, BCB2A20A, 20 V",STARTER KIT 20V,Kreg BCB2A20A Starter Kit With Battery/Charger Starter Kit,"Kreg Starter Kit With Battery/Charger Starter Kit, 20 V Voltage Rating",Starter Kit,Starter Kit,Battery/Charger Starter Kit,,,,,,,,,,,,,,,,,,,,With Battery/Charger Starter Kit,,,,,,Voltage Rating,20,V,,,,,,,,,,,,,,,,,,,,,,,,,,,,,,,,,,,,,,,,,,,,,,,,,,,,,,,,,,,,,,,,,,,,,,,,,,,,,,,,,,,,,,,,,,,,,,,,,,,,,,,,,,,,,,,,,,,,,,,,,,,,,,,,,,,,,,,,,,,,,,,,,,,,,,,26111700,,,,,,,,,,,,,,,,,,,,,,,,,,,,,,,,,,,,,,,,,,,
https://kreg.com,,,,,,,,,,,CRGR401A,CRGR401A Kreg 20V Fast Charger,,,,Kreg Tool Company (KRETO),Kreg Tool Company,Kreg,Kreg,CRGR401A,,Power Tools>Power Tool Accessories>Battery Chargers,"Kreg Tool Company Kreg, Charger, CRGR401A, 20 V",CHARGER 20V,Kreg CRGR401A Charger With Fast Charger,"Kreg Charger With Fast Charger, 20 V Voltage Rating",Charger,Charger,Fast Charger,,,,,,,,,,,,,,,,,,,,With Fast Charger,,,,,,Voltage Rating,20,V,,,,,,,,,,,,,,,,,,,,,,,,,,,,,,,,,,,,,,,,,,,,,,,,,,,,,,,,,,,,,,,,,,,,,,,,,,,,,,,,,,,,,,,,,,,,,,,,,,,,,,,,,,,,,,,,,,,,,,,,,,,,,,,,,,,,,,,,,,,,,,,,,,,,,,,26111700,,,,,,,,,,,,,,,,,,,,,,,,,,,,,,,,,,,,,,,,,,,
https://black.com,,,,,,,,,,,DCK2101QQ2,Dewalt DCK2101QQ2 20V 2Pc Kit,,,,Black & Decker/dewlt (2585),Black & Decker/dewlt,Dewalt,Dewalt,DCK2101QQ2,,Power Tools>Power Tool Kits>Combo Tool Kits,"Black & Decker/dewlt Dewalt, Kit, DCK2101QQ2, 20 V, 2",KIT 20V 2,Dewalt DCK2101QQ2 Kit With 2Pc Kit,"Dewalt Kit With 2Pc Kit, 20 V Voltage Rating, 2","Kit, 2","Kit, 2",2Pc Kit,,,,,,,,,,,,,,,,,,,,With 2Pc Kit,,,,,,Voltage Rating,20,V,Pieces,2,,,,,,,,,,,,,,,,,,,,,,,,,,,,,,,,,,,,,,,,,,,,,,,,,,,,,,,,,,,,,,,,,,,,,,,,,,,,,,,,,,,,,,,,,,,,,,,,,,,,,,,,,,,,,,,,,,,,,,,,,,,,,,,,,,,,,,,,,,,,,,,,,,,,,27113200,,,,,,,,,,,,,,,,,,,,,,,,,,,,,,,,,,,,,,,,,,,
https://oliver.com,,,,,,,,,,,10045.201,"10045.201 Oliver 13"" Benchtop Planer 2HP,115V 1Ph",,,,Oliver Machinery Company (OLIMA),Oliver Machinery Company,Oliver,Oliver,10045.201,,Machinery>Woodworking Machinery>Planers,"Oliver Machinery Company Oliver, Planer, 10045.201, 13 in, 2 HP, 115 V",PLANER 13IN 2HP 115V 1PH,Oliver 10045.201 Planer With Benchtop Planer,"Oliver Planer With Benchtop Planer, 13 in Capacity, 2 HP Horsepower, 115 V Voltage Rating, 1 Ph Phase","Planer, 13 in, 2 HP","Planer, 13 in, 2 HP",Benchtop Planer,,,,,,,,,,,,,,,,,,,,With Benchtop Planer,,,,,,Capacity,13,in,Horsepower,2,HP,Voltage Rating,115,V,Phase,1,Ph,,,,,,,,,,,,,,,,,,,,,,,,,,,,,,,,,,,,,,,,,,,,,,,,,,,,,,,,,,,,,,,,,,,,,,,,,,,,,,,,,,,,,,,,,,,,,,,,,,,,,,,,,,,,,,,,,,,,,,,,,,,,,,,,,,,,,,,,,,,,,,23101500,,,,,,,,,,,,,,,,,,,,,,,,,,,,,,,,,,,,,,,,,,,
https://oliver.com,,,,,,,,,,,10055.201,"10055.201 Oliver 15"" Benchtop Planer 2.5HP 1Ph 230V",,,,Oliver Machinery Company (OLIMA),Oliver Machinery Company,Oliver,Oliver,10055.201,,Machinery>Woodworking Machinery>Planers,"Oliver Machinery Company Oliver, Planer, 10055.201, 15 in, 2.5 HP, 1 Ph",PLANER 15IN 2.5HP 1PH 230V,Oliver 10055.201 Planer With Benchtop Planer,"Oliver Planer With Benchtop Planer, 15 in Capacity, 2.5 HP Horsepower, 1 Ph Phase, 230 V Voltage Rating","Planer, 15 in, 2.5 HP, 1 Ph","Planer, 15 in, 2.5 HP, 1 Ph",Benchtop Planer,,,,,,,,,,,,,,,,,,,,With Benchtop Planer,,,,,,Capacity,15,in,Horsepower,2.5,HP,Phase,1,Ph,Voltage Rating,230,V,,,,,,,,,,,,,,,,,,,,,,,,,,,,,,,,,,,,,,,,,,,,,,,,,,,,,,,,,,,,,,,,,,,,,,,,,,,,,,,,,,,,,,,,,,,,,,,,,,,,,,,,,,,,,,,,,,,,,,,,,,,,,,,,,,,,,,,,,,,,,,23101500,,,,,,,,,,,,,,,,,,,,,,,,,,,,,,,,,,,,,,,,,,,
https://,,,,,,,,,,,25822,"3/8"" 12""x16' Smart Vented Soff - Cedar Soffit",LP SMARTSIDE,,,U S Lumber (3073),U S Lumber,LP SMARTSIDE,,25822,,Building Materials>Siding>Soffit Panels,"U S Lumber LP SMARTSIDE, Soffit Panel, 25822, 3/8 in, 12 in, 16 ft",SOFFIT PANEL 3/8IN 12IN 16FT,LP SMARTSIDE 25822 Soffit Panel With Smart Vented Soff,"LP SMARTSIDE Soffit Panel With Smart Vented Soff, 3/8 in Thickness, 12 in Width, 16 ft Length","Soffit Panel, 3/8 in, 12 in, 16 ft","Soffit Panel, 3/8 in, 12 in, 16 ft",Smart Vented Soff,Cedar Soffit,,,,,,,,,,,,,,,,,,,With Smart Vented Soff,,,,,,Thickness,3/8,in,Width,12,in,Length,16,ft,,,,,,,,,,,,,,,,,,,,,,,,,,,,,,,,,,,,,,,,,,,,,,,,,,,,,,,,,,,,,,,,,,,,,,,,,,,,,,,,,,,,,,,,,,,,,,,,,,,,,,,,,,,,,,,,,,,,,,,,,,,,,,,,,,,,,,,,,,,,,,,,,30151604,,,,,,,,,,,,,,,,,,,,,,,,,,,,,,,,,,,,,,,,,,,
https://,,,,,,,,,,,173951TBK,"6""x8'-6"" DSI SQ Black Alum Post Wrap",,,,Palmer Donavin Mfg Company (PALDO),Palmer Donavin Mfg Company,DSI,DSI,173951TBK,,Building Materials>Decking & Fencing>Post Wraps & Columns,"Palmer Donavin Mfg Company DSI, post wrap, 173951TBK, 6 in, 8-6 ft, Aluminum",POST WRAP 6IN 8-6FT ALUMINUM 6IN 6IN,"DSI 173951TBK post wrap With Square, Aluminum","DSI post wrap With Square, 6 in Width, 8-6 ft Length, Aluminum, 6 in Diameter, 6 in Arbor, Additional Information: 6""x8'-6"" DSI SQ Black Alum Post Wrap","post wrap, 6 in, 8-6 ft, Aluminum","post wrap, 6 in, 8-6 ft, Aluminum",Square,,,,,,,,,,,,,,,,,,,,With Square,,,,,,Width,6,in,Length,8-6,ft,Material,Aluminum,,Diameter,6,in,Arbor,6,in,,,,,,,,,,,,,,,,,,,,,,,,,,,,,,,,,,,,,,,,,,,,,,,,,,,,,,,,,,,,,,,,,,,,,,,,,,,,,,,,,,,,,,,,,,,,,,,,,,,,,,,,,,,,,,,,,,,,,,,,,,,,,,,,,,,,,,,,,,,30151900,,,,,,,,,,,,,,,,,,,,,,,,,,,,,,,,,,,,,,,,,,,
https://mirka.com,,,,,,,,,,,9A-570-240,9A-570-240 Abranet 2.75x30,,,,Mirka Abrasives Inc (MIRUS),Mirka Abrasives Inc,Mirka,Mirka,9A-570-240,,Abrasives>Coated Abrasives>Abrasive Sheets,"Mirka Abrasives Inc, Abrasive sheet, Abranet, 9A-570-240, 2.75 in, 30 in, 9A-570-240",ABRASIVE SHEET 2.75IN 30IN 9A-570-240 9A,Mirka Abrasives Inc Abranet 9A-570-240 Abrasive sheet With Abrasive sheet,"Mirka Abrasives Inc Abrasive sheet With Abrasive sheet, Abranet, 2.75 in Width, 30 in Length, 9A-570-240, 9 A Amperage Rating","Abranet Abrasive sheet, 2.75 in, 30 in, 9A-570-240","Abranet Abrasive sheet, 2.75 in, 30 in, 9A-570-240",Abrasive sheet,,,,,,,,,,,,,,,,,,,,With Abrasive sheet,,,,,,Width,2.75,in,Length,30,in,Model Number,9A-570-240,,Amperage Rating,9,A,,,,,,,,,,,,,,,,,,,,,,,,,,,,,,,,,,,,,,,,,,,,,,,,,,,,,,,,,,,,,,,,,,,,,,,,,,,,,,,,,,,,,,,,,,,,,,,,,,,,,,,,,,,,,,,,,,,,,,,,,,,,,,,,,,,,,,,,,,,,,,31191503,,,,,,,,,,,,,,,,,,,,,,,,,,,,,,,,,,,,,,,,,,,
https://phillips.com,,,,,,,,,,,801274,"801274 10w LED 6"" Retro 50k",,,Philips,Phillips Lighting (5831),Phillips Lighting,Philips,Philips,801274,,Lighting & Electrical>Lighting Fixtures>Recessed Lighting,"Phillips Lighting Philips, downlight, 801274, 10 W, LED, 6 in",DOWNLIGHT 10W LED 6IN 5000K,"Philips 801274 downlight With Retrofit, 6 in","Philips downlight With Retrofit, 10 W Wattage, LED, 6 in Size, 5000 K Color Temperature","downlight, 10 W, LED, 6 in","downlight, 10 W, LED, 6 in",Retrofit,,,,,,,,,,,,,,,,,,,,With Retrofit,,,,,,Wattage,10,W,Lighting Technology,LED,,Size,6,in,Color Temperature,5000,K,,,,,,,,,,,,,,,,,,,,,,,,,,,,,,,,,,,,,,,,,,,,,,,,,,,,,,,,,,,,,,,,,,,,,,,,,,,,,,,,,,,,,,,,,,,,,,,,,,,,,,,,,,,,,,,,,,,,,,,,,,,,,,,,,,,,,,,,,,,,,,39111500,,,,,,,,,,,,,,,,,,,,,,,,,,,,,,,,,,,,,,,,,,,
https://,,,,,,,,,,,S3797,S3797 4W Incan Cand 27K 2pk,,,Satco,Satco Prod Inc (5573),Satco Prod Inc,Satco,,S3797,,Lighting & Electrical>Light Bulbs>Incandescent Bulbs,"Satco Prod Inc Satco, Incandescent bulb, S3797, 4 W, Candelabra, 27000 K",INCANDESCENT BULB 4W CANDELABRA 27000K,Satco S3797 Incandescent bulb With Incan,"Satco Incandescent bulb With Incan, 4 W Wattage, Candelabra, 27000 K Color Temperature, 2 pk Package Quantity, Additional Information: S3797 4W Incan Cand 27K 2pk","Incandescent bulb, 4 W, Candelabra, 27000 K","Incandescent bulb, 4 W, Candelabra, 27000 K",Incan,,,,,,,,,,,,,,,,,,,,With Incan,,,,2pk,,Wattage,4,W,Base Type,Candelabra,,Color Temperature,27000,K,Package Quantity,2,pk,,,,,,,,,,,,,,,,,,,,,,,,,,,,,,,,,,,,,,,,,,,,,,,,,,,,,,,,,,,,,,,,,,,,,,,,,,,,,,,,,,,,,,,,,,,,,,,,,,,,,,,,,,,,,,,,,,,,,,,,,,,,,,,,,,,,,,,,,,,,,,39101601,,,,,,,,,,,,,,,,,,,,,,,,,,,,,,,,,,,,,,,,,,,
https://,,,,,,,,,,,S4724,S4724 4W Incan Cand 27K 4pk,,,Satco,Satco Prod Inc (5573),Satco Prod Inc,Satco,,S4724,,Lighting & Electrical>Light Bulbs>Incandescent Bulbs,"Satco Prod Inc Satco, Incandescent bulb, S4724, 4 W, Candelabra, 27000 K",INCANDESCENT BULB 4W CANDELABRA 27000K,Satco S4724 Incandescent bulb With Incan,"Satco Incandescent bulb With Incan, 4 W Wattage, Candelabra, 27000 K Color Temperature, 4 pk Package Quantity, Additional Information: S4724 4W Incan Cand 27K 4pk","Incandescent bulb, 4 W, Candelabra, 27000 K","Incandescent bulb, 4 W, Candelabra, 27000 K",Incan,,,,,,,,,,,,,,,,,,,,With Incan,,,,4pk,,Wattage,4,W,Base Type,Candelabra,,Color Temperature,27000,K,Package Quantity,4,pk,,,,,,,,,,,,,,,,,,,,,,,,,,,,,,,,,,,,,,,,,,,,,,,,,,,,,,,,,,,,,,,,,,,,,,,,,,,,,,,,,,,,,,,,,,,,,,,,,,,,,,,,,,,,,,,,,,,,,,,,,,,,,,,,,,,,,,,,,,,,,,39101601,,,,,,,,,,,,,,,,,,,,,,,,,,,,,,,,,,,,,,,,,,,
https://,,,,,,,,,,,S4717,S4717 6W Incan Cand 27k 2pk,,,Satco,Satco Prod Inc (5573),Satco Prod Inc,Satco,,S4717,,Lighting & Electrical>Light Bulbs>Incandescent Bulbs,"Satco Prod Inc Satco, Incandescent bulb, S4717, 6 W, Candelabra, 27000 K",INCANDESCENT BULB 6W CANDELABRA 27000K,Satco S4717 Incandescent bulb With Incan,"Satco Incandescent bulb With Incan, 6 W Wattage, Candelabra, 27000 K Color Temperature, 2 pk Package Quantity, Additional Information: S4717 6W Incan Cand 27k 2pk","Incandescent bulb, 6 W, Candelabra, 27000 K","Incandescent bulb, 6 W, Candelabra, 27000 K",Incan,,,,,,,,,,,,,,,,,,,,With Incan,,,,2pk,,Wattage,6,W,Base Type,Candelabra,,Color Temperature,27000,K,Package Quantity,2,pk,,,,,,,,,,,,,,,,,,,,,,,,,,,,,,,,,,,,,,,,,,,,,,,,,,,,,,,,,,,,,,,,,,,,,,,,,,,,,,,,,,,,,,,,,,,,,,,,,,,,,,,,,,,,,,,,,,,,,,,,,,,,,,,,,,,,,,,,,,,,,,39101601,,,,,,,,,,,,,,,,,,,,,,,,,,,,,,,,,,,,,,,,,,,
https://jam.com,,,,,,,,,,,3MABR-7100075692,3M 775L Stikit Film P220 - Cubitron II 50 Disc/Box,,,,Jam Industrial Supply LLC (JAMIN),3M,3M,3M,3MABR-7100075692,,Abrasives>Coated Abrasives>Abrasive Discs,"Jam Industrial Supply LLC, Abrasive Disc, Cubitron II, 3MABR-7100075692",ABRASIVE DISC 220 50 STIKITFILM,Jam Industrial Supply LLC Cubitron II 3MABR-7100075692 Abrasive Disc With Cubitron II abrasive technology,"Jam Industrial Supply LLC Abrasive Disc With Cubitron II abrasive technology, Cubitron II, 220, 50, Stikit Film","Cubitron II Abrasive Disc, 220, 50, Stikit Film","Cubitron II Abrasive Disc, 220, 50, Stikit Film",Cubitron II abrasive technology,,,,,,,,,,,,,,,,,,,,With Cubitron II abrasive technology,,,,,,Grit,220,,Quantity per box,50,,Backing type,Stikit Film,,,,,,,,,,,,,,,,,,,,,,,,,,,,,,,,,,,,,,,,,,,,,,,,,,,,,,,,,,,,,,,,,,,,,,,,,,,,,,,,,,,,,,,,,,,,,,,,,,,,,,,,,,,,,,,,,,,,,,,,,,,,,,,,,,,,,,,,,,,,,,,,,,31191505,,,,,,,,,,,,,,,,,,,,,,,,,,,,,,,,,,,,,,,,,,,
https://mirka.com,,,,,,,,,,,5B-332-080,"5B-332-080 HIOLIT 5"" P80",,,,Mirka Abrasives Inc (MIRUS),Mirka Abrasives Inc,Mirka,Mirka,5B-332-080,,Abrasives>Coated Abrasives>Abrasive Discs,"Mirka Abrasives Inc, Abrasive Disc, HIOLIT, 5B-332-080, 80, 5 in, 5B-332-080",ABRASIVE DISC 80 5IN 5B-332-080,Mirka Abrasives Inc HIOLIT 5B-332-080 Abrasive Disc With Coated abrasive,"Mirka Abrasives Inc Abrasive Disc With Coated abrasive, HIOLIT, 80, 5 in Diameter, 5B-332-080","HIOLIT Abrasive Disc, 80, 5 in, 5B-332-080","HIOLIT Abrasive Disc, 80, 5 in, 5B-332-080",Coated abrasive,,,,,,,,,,,,,,,,,,,,With Coated abrasive,,,,,,Grit,80,,Diameter,5,in,Part Number,5B-332-080,,,,,,,,,,,,,,,,,,,,,,,,,,,,,,,,,,,,,,,,,,,,,,,,,,,,,,,,,,,,,,,,,,,,,,,,,,,,,,,,,,,,,,,,,,,,,,,,,,,,,,,,,,,,,,,,,,,,,,,,,,,,,,,,,,,,,,,,,,,,,,,,,,31191505,,,,,,,,,,,,,,,,,,,,,,,,,,,,,,,,,,,,,,,,,,,
https://appliance.com,https://www.appliance.com/search?q=KDPS624SJP,,,,,,,,,,KDPS624SJP,KDPS624SJP Dishwasher Juniper - Display Only,,,,Appliance Dealers Cooperative (APPDE),Appliance Dealers Cooperative,Appliance Dealers Cooperative,,KDPS624SJP,,Appliances & Consumer Electronics>Kitchen Appliances>Built-In Dishwashers,"Appliance Dealers Cooperative, Dishwasher, KDPS624SJP, KDPS624SJP, Juniper",DISHWASHER KDPS624SJP JUNIPER,Appliance Dealers Cooperative KDPS624SJP Dishwasher With Display Only,"Appliance Dealers Cooperative Dishwasher With Display Only, KDPS624SJP, Juniper, Additional Information: Display Only","Dishwasher, KDPS624SJP, Juniper","Dishwasher, KDPS624SJP, Juniper",Display Only,,,,,,,,,,,,,,,,,,,,With Display Only,,,,,,Model Number,KDPS624SJP,,Color/Finish,Juniper,,,,,,,,,,,,,,,,,,,,,,,,,,,,,,,,,,,,,,,,,,,,,,,,,,,,,,,,,,,,,,,,,,,,,,,,,,,,,,,,,,,,,,,,,,,,,,,,,,,,,,,,,,,,,,,,,,,,,,,,,,,,,,,,,,,,,,,,,,,,,,,,,,,,,42172203,,,,,,,,,,,,,,,,,,,,,,,,,,,,,,,,,,,,,,,,,,,
https://appliance.com,https://www.appliance.com/search?q=KDTS624SBE,,,,,,,,,,KDTS624SBE,KDTS624SBE Dishwasher BO Display Only,,,,Appliance Dealers Cooperative (APPDE),Appliance Dealers Cooperative,Appliance Dealers Cooperative,,KDTS624SBE,,Appliances & Consumer Electronics>Kitchen Appliances>Built-In Dishwashers,"Appliance Dealers Cooperative, dishwasher, KDTS624SBE, KDTS624SBE",DISHWASHER KDTS624SBE,Appliance Dealers Cooperative KDTS624SBE dishwasher With BO Display Only,"Appliance Dealers Cooperative dishwasher With BO Display Only, KDTS624SBE","dishwasher, KDTS624SBE","dishwasher, KDTS624SBE",BO Display Only,,,,,,,,,,,,,,,,,,,,With BO Display Only,,,,,,Model Number,KDTS624SBE,,,,,,,,,,,,,,,,,,,,,,,,,,,,,,,,,,,,,,,,,,,,,,,,,,,,,,,,,,,,,,,,,,,,,,,,,,,,,,,,,,,,,,,,,,,,,,,,,,,,,,,,,,,,,,,,,,,,,,,,,,,,,,,,,,,,,,,,,,,,,,,,,,,,,,,,42172203,,,,,,,,,,,,,,,,,,,,,,,,,,,,,,,,,,,,,,,,,,,
https://appliance.com,https://www.appliance.com/search?q=MVWP586GW,,,,,,,,,,MVWP586GW,MVWP586GW Washer Water Heater - Display,,,,Appliance Dealers Cooperative (APPDE),Appliance Dealers Cooperative,Appliance Dealers Cooperative,,MVWP586GW,,Appliances & Consumer Electronics>Laundry Appliances>Washing Machines,"Appliance Dealers Cooperative, Washer, MVWP586GW, MVWP586GW, Washer Water Heater, Display",WASHER MVWP586GW WASHERWATERHEATER,Appliance Dealers Cooperative MVWP586GW Washer With Display unit,"Appliance Dealers Cooperative Washer With Display unit, MVWP586GW, Washer Water Heater, Display","Washer, MVWP586GW, Washer Water Heater, Display","Washer, MVWP586GW, Washer Water Heater, Display",Display unit,,,,,,,,,,,,,,,,,,,,With Display unit,,,,,,Model Number,MVWP586GW,,Type,Washer Water Heater,,Condition,Display,,,,,,,,,,,,,,,,,,,,,,,,,,,,,,,,,,,,,,,,,,,,,,,,,,,,,,,,,,,,,,,,,,,,,,,,,,,,,,,,,,,,,,,,,,,,,,,,,,,,,,,,,,,,,,,,,,,,,,,,,,,,,,,,,,,,,,,,,,,,,,,,,,52141503,,,,,,,,,,,,,,,,,,,,,,,,,,,,,,,,,,,,,,,,,,,
https://,,,,,,,,,,,1504345,OC Duration TruDef Wburg Gray (BDL),,,,Palmer Donavin Mfg Company (PALDO),Palmer Donavin Mfg Company,Owens Corning,Owens Corning,1504345,,Building Materials>Roofing & Siding>Asphalt Shingles,"Palmer Donavin Mfg Company Owens Corning, asphalt shingles, Duration TruDef, 1504345",ASPHALT SHINGLES WBURGGRAY,Owens Corning Duration TruDef 1504345 asphalt shingles,"Owens Corning asphalt shingles, Duration TruDef, Wburg Gray","Duration TruDef asphalt shingles, Wburg Gray","Duration TruDef asphalt shingles, Wburg Gray",,,,,,,,,,,,,,,,,,,,,,,,,BDL,,color,Wburg Gray,,,,,,,,,,,,,,,,,,,,,,,,,,,,,,,,,,,,,,,,,,,,,,,,,,,,,,,,,,,,,,,,,,,,,,,,,,,,,,,,,,,,,,,,,,,,,,,,,,,,,,,,,,,,,,,,,,,,,,,,,,,,,,,,,,,,,,,,,,,,,,,,,,,,,,,,30151507,,,,,,,,,,,,,,,,,,,,,,,,,,,,,,,,,,,,,,,,,,,
https://,,,,,,,,,,,S11606,"S11606 8"" Round Down Lt 30K",,,,Satco Prod Inc (5573),Satco Prod Inc,Satco,Satco,S11606,,Lighting & Electrical>Lighting Fixtures>Recessed Lighting,"Satco Prod Inc Satco, downlight, S11606, 8 in, Round, 3000 K",DOWNLIGHT 8IN ROUND 3000K,"Satco S11606 downlight With Round Down Light, 8 in","Satco downlight With Round Down Light, 8 in Size, Round, 3000 K Color Temperature","downlight, 8 in, Round, 3000 K","downlight, 8 in, Round, 3000 K",Round Down Light,,,,,,,,,,,,,,,,,,,,With Round Down Light,,,,,,Size,8,in,Shape,Round,,Color Temperature,3000,K,,,,,,,,,,,,,,,,,,,,,,,,,,,,,,,,,,,,,,,,,,,,,,,,,,,,,,,,,,,,,,,,,,,,,,,,,,,,,,,,,,,,,,,,,,,,,,,,,,,,,,,,,,,,,,,,,,,,,,,,,,,,,,,,,,,,,,,,,,,,,,,,,39111500,,,,,,,,,,,,,,,,,,,,,,,,,,,,,,,,,,,,,,,,,,,
https://,,,,,,,,,,,S11860,"S11860 6"" Downlight White 5 CCT",,,,Satco Prod Inc (5573),Satco Prod Inc,Satco,Satco,S11860,,Lighting & Electrical>Lighting Fixtures>Recessed Lighting,"Satco Prod Inc Satco, downlight, S11860, 6 in, White, 5 CCT",DOWNLIGHT 6IN WHITE 5CCT,"Satco S11860 downlight With 5 CCT adjustable, 6 in, White","Satco downlight With 5 CCT adjustable, 6 in Size, White, 5 CCT Color Temperature Setting","downlight, 6 in, White, 5 CCT","downlight, 6 in, White, 5 CCT",5 CCT adjustable,,,,,,,,,,,,,,,,,,,,With 5 CCT adjustable,,,,,,Size,6,in,Color,White,,Color Temperature Setting,5,CCT,,,,,,,,,,,,,,,,,,,,,,,,,,,,,,,,,,,,,,,,,,,,,,,,,,,,,,,,,,,,,,,,,,,,,,,,,,,,,,,,,,,,,,,,,,,,,,,,,,,,,,,,,,,,,,,,,,,,,,,,,,,,,,,,,,,,,,,,,,,,,,,,,39111500,,,,,,,,,,,,,,,,,,,,,,,,,,,,,,,,,,,,,,,,,,,
https://appliance.com,https://www.appliance.com/search?q=SMD2479JS,,,,,,,,,,SMD2479JS,SMD2479JS Microwave Drawer SS Display Only,,,,Appliance Dealers Cooperative (APPDE),Appliance Dealers Cooperative,Appliance Dealers Cooperative,,SMD2479JS,,Appliances & Consumer Electronics>Kitchen Appliances>Microwave Ovens,"Appliance Dealers Cooperative, microwave drawer, SMD2479JS, SMD2479JS, SS",MICROWAVE DRAWER SMD2479JS SS,Appliance Dealers Cooperative SMD2479JS microwave drawer With Display Only,"Appliance Dealers Cooperative microwave drawer With Display Only, SMD2479JS, SS, Additional Information: Display Only","microwave drawer, SMD2479JS, SS","microwave drawer, SMD2479JS, SS",Display Only,,,,,,,,,,,,,,,,,,,,With Display Only,,,,,,Model Number,SMD2479JS,,Finish,SS,,,,,,,,,,,,,,,,,,,,,,,,,,,,,,,,,,,,,,,,,,,,,,,,,,,,,,,,,,,,,,,,,,,,,,,,,,,,,,,,,,,,,,,,,,,,,,,,,,,,,,,,,,,,,,,,,,,,,,,,,,,,,,,,,,,,,,,,,,,,,,,,,,,,,52141504,,,,,,,,,,,,,,,,,,,,,,,,,,,,,,,,,,,,,,,,,,,
https://appliance.com,https://www.appliance.com/search?q=PMOS1980AF,,,,,,,,,,PMOS1980AF,PMOS1980AF OTR Microwave SS - Display Only,,,,Appliance Dealers Cooperative (APPDE),Appliance Dealers Cooperative,Appliance Dealers Cooperative,,PMOS1980AF,,Appliances & Consumer Electronics>Kitchen Appliances>Over-the-Range Microwaves,"Appliance Dealers Cooperative, Over-the-Range Microwave, PMOS1980AF",OVER-THE-RANGE MICROWAVE PMOS1980AF,"Appliance Dealers Cooperative PMOS1980AF Over-the-Range Microwave With Display Only, Stainless Steel","Appliance Dealers Cooperative Over-the-Range Microwave With Display Only, PMOS1980AF, Stainless Steel, Additional Information: Display Only","Over-the-Range Microwave, PMOS1980AF, Stainless Steel","Over-the-Range Microwave, PMOS1980AF, Stainless Steel",Display Only,,,,,,,,,,,,,,,,,,,,With Display Only,,,,,,Model Number,PMOS1980AF,,Color,Stainless Steel,,,,,,,,,,,,,,,,,,,,,,,,,,,,,,,,,,,,,,,,,,,,,,,,,,,,,,,,,,,,,,,,,,,,,,,,,,,,,,,,,,,,,,,,,,,,,,,,,,,,,,,,,,,,,,,,,,,,,,,,,,,,,,,,,,,,,,,,,,,,,,,,,,,,,52141513,,,,,,,,,,,,,,,,,,,,,,,,,,,,,,,,,,,,,,,,,,,
https://appliance.com,https://www.appliance.com/search?q=WMMS3330RZ,,,,,,,,,,WMMS3330RZ,WMMS3330RZ OTR Mocrowave SS - Display Only,,,,Appliance Dealers Cooperative (APPDE),Appliance Dealers Cooperative,Appliance Dealers Cooperative,,WMMS3330RZ,,Appliances & Consumer Electronics>Kitchen Appliances>Over-the-Range Microwaves,"Appliance Dealers Cooperative, Over-the-Range Microwave, WMMS3330RZ",OVER-THE-RANGE MICROWAVE WMMS3330RZ,"Appliance Dealers Cooperative WMMS3330RZ Over-the-Range Microwave With Display Only, Stainless Steel","Appliance Dealers Cooperative Over-the-Range Microwave With Display Only, WMMS3330RZ, Stainless Steel, Additional Information: Display Only","Over-the-Range Microwave, WMMS3330RZ, Stainless Steel","Over-the-Range Microwave, WMMS3330RZ, Stainless Steel",Display Only,,,,,,,,,,,,,,,,,,,,With Display Only,,,,,,Model Number,WMMS3330RZ,,Color,Stainless Steel,,,,,,,,,,,,,,,,,,,,,,,,,,,,,,,,,,,,,,,,,,,,,,,,,,,,,,,,,,,,,,,,,,,,,,,,,,,,,,,,,,,,,,,,,,,,,,,,,,,,,,,,,,,,,,,,,,,,,,,,,,,,,,,,,,,,,,,,,,,,,,,,,,,,,52141513,,,,,,,,,,,,,,,,,,,,,,,,,,,,,,,,,,,,,,,,,,,
https://appliance.com,https://www.appliance.com/search?q=KMMF530PBE,,,,,,,,,,KMMF530PBE,KMMF530PBE OTR Microwave BO Display Only,,,,Appliance Dealers Cooperative (APPDE),Appliance Dealers Cooperative,Appliance Dealers Cooperative,,KMMF530PBE,,Appliances & Consumer Electronics>Kitchen Appliances>Over-the-Range Microwaves,"Appliance Dealers Cooperative, Over-the-Range Microwave, KMMF530PBE",OVER-THE-RANGE MICROWAVE KMMF530PBE,"Appliance Dealers Cooperative KMMF530PBE Over-the-Range Microwave With Display Only, Black","Appliance Dealers Cooperative Over-the-Range Microwave With Display Only, KMMF530PBE, Black, Additional Information: Display Only","Over-the-Range Microwave, KMMF530PBE, Black","Over-the-Range Microwave, KMMF530PBE, Black",Display Only,,,,,,,,,,,,,,,,,,,,With Display Only,,,,,,Model Number,KMMF530PBE,,Color,Black,,,,,,,,,,,,,,,,,,,,,,,,,,,,,,,,,,,,,,,,,,,,,,,,,,,,,,,,,,,,,,,,,,,,,,,,,,,,,,,,,,,,,,,,,,,,,,,,,,,,,,,,,,,,,,,,,,,,,,,,,,,,,,,,,,,,,,,,,,,,,,,,,,,,,52141513,,,,,,,,,,,,,,,,,,,,,,,,,,,,,,,,,,,,,,,,,,,
https://,,,,,,,,,,,73002252,Black Gate Gravity Latch RDI,,,,,,RDI,RDI,73002252,,Hardware>Gate Hardware>Latches,"RDI, Gate Latch, 73002252, Black",GATE LATCH BLACK,"RDI 73002252 Gate Latch With Gravity Latch, Black","RDI Gate Latch With Gravity Latch, Black","Gate Latch, Black","Gate Latch, Black",Gravity Latch,,,,,,,,,,,,,,,,,,,,With Gravity Latch,,,,,,Color,Black,,,,,,,,,,,,,,,,,,,,,,,,,,,,,,,,,,,,,,,,,,,,,,,,,,,,,,,,,,,,,,,,,,,,,,,,,,,,,,,,,,,,,,,,,,,,,,,,,,,,,,,,,,,,,,,,,,,,,,,,,,,,,,,,,,,,,,,,,,,,,,,,,,,,,,,,31162800,,,,,,,,,,,,,,,,,,,,,,,,,,,,,,,,,,,,,,,,,,,
https://,,,,,,,,,,,1624157,TW52 Water Heater INSIDE CAS VIN WRAPPED,ANDERSEN,,,,,ANDERSEN,,1624157,,Plumbing>Water Heaters>Water Heater Parts,"ANDERSEN, water heater casing, 1624157, Vinyl wrapped",WATER HEATER CASING VINYLWRAPPED,ANDERSEN 1624157 water heater casing With Inside casing,"ANDERSEN water heater casing With Inside casing, Vinyl wrapped, Additional Information: TW52 Water Heater INSIDE CAS VIN WRAPPED","water heater casing, Vinyl wrapped","water heater casing, Vinyl wrapped",Inside casing,,,,,,,,,,,,,,,,,,,,With Inside casing,,,Water Heater,,,material,Vinyl wrapped,,,,,,,,,,,,,,,,,,,,,,,,,,,,,,,,,,,,,,,,,,,,,,,,,,,,,,,,,,,,,,,,,,,,,,,,,,,,,,,,,,,,,,,,,,,,,,,,,,,,,,,,,,,,,,,,,,,,,,,,,,,,,,,,,,,,,,,,,,,,,,,,,,,,,,,,40101800,,,,,,,,,,,,,,,,,,,,,,,,,,,,,,,,,,,,,,,,,,,
https://wera.com,,,,,,,,,,,133164,133164 950/9 Hex Plus Spks - Multicolor,,,,Wera Tools NA Inc (WERTO),Wera Tools NA Inc,Wera Tools NA Inc,,133164,,Hand Tools>Wrenches>Hex Key Sets,"Wera Tools NA Inc, Hex Key Set, Hex Plus, 133164, Multicolor",HEX KEY SET MULTICOLOR,"Wera Tools NA Inc Hex Plus 133164 Hex Key Set With Multicolor, Multicolor","Wera Tools NA Inc Hex Key Set With Multicolor, Hex Plus, Multicolor","Hex Plus Hex Key Set, Multicolor","Hex Plus Hex Key Set, Multicolor",Multicolor,,,,,,,,,,,,,,,,,,,,With Multicolor,,,,,,Color,Multicolor,,,,,,,,,,,,,,,,,,,,,,,,,,,,,,,,,,,,,,,,,,,,,,,,,,,,,,,,,,,,,,,,,,,,,,,,,,,,,,,,,,,,,,,,,,,,,,,,,,,,,,,,,,,,,,,,,,,,,,,,,,,,,,,,,,,,,,,,,,,,,,,,,,,,,,,,27111700,,,,,,,,,,,,,,,,,,,,,,,,,,,,,,,,,,,,,,,,,,,
https://black.com,,,,,,,,,,,DCK225D2,DCK225D2 Dewalt Impact/Drill - Kit,,,DEWALT,Black & Decker/dewlt (2585),Black & Decker/dewlt,Dewalt,Dewalt,DCK225D2,,Power Tools & Accessories>Power Tool Kits>Combo Kits,"Black & Decker/dewlt Dewalt, Combo Kit, DCK225D2, DCK225D2",COMBO KIT DCK225D2,Dewalt DCK225D2 Combo Kit,"Dewalt Combo Kit, DCK225D2","Combo Kit, DCK225D2","Combo Kit, DCK225D2",,,,,,,,,,,,,,,,,,,,,,,,,Impact/Drill,,Model Number,DCK225D2,,,,,,,,,,,,,,,,,,,,,,,,,,,,,,,,,,,,,,,,,,,,,,,,,,,,,,,,,,,,,,,,,,,,,,,,,,,,,,,,,,,,,,,,,,,,,,,,,,,,,,,,,,,,,,,,,,,,,,,,,,,,,,,,,,,,,,,,,,,,,,,,,,,,,,,,27112700,,,,,,,,,,,,,,,,,,,,,,,,,,,,,,,,,,,,,,,,,,,
https://oliver.com,,,,,,,,,,,4225.201,"4225.201 Oliver 6"" HH Jointer Paralleogram",,,,Oliver Machinery Company (OLIMA),Oliver Machinery Company,Oliver,Oliver,4225.201,,Machinery>Woodworking Machinery>Jointers,"Oliver Machinery Company Oliver, Jointer, 4225.201, 6 in, 4225.201, Parallelogram",JOINTER 6IN 4225.201 PARALLELOGRAM,"Oliver 4225.201 Jointer With 6"" HH Jointer Paralleogram","Oliver Jointer With 6"" HH Jointer Paralleogram, 6 in Capacity, 4225.201, Parallelogram","Jointer, 6 in, 4225.201, Parallelogram","Jointer, 6 in, 4225.201, Parallelogram","6"" HH Jointer Paralleogram",,,,,,,,,,,,,,,,,,,,"With 6"" HH Jointer Paralleogram",,,,,,Capacity,6,in,Model Number,4225.201,,Type,Parallelogram,,,,,,,,,,,,,,,,,,,,,,,,,,,,,,,,,,,,,,,,,,,,,,,,,,,,,,,,,,,,,,,,,,,,,,,,,,,,,,,,,,,,,,,,,,,,,,,,,,,,,,,,,,,,,,,,,,,,,,,,,,,,,,,,,,,,,,,,,,,,,,,,,,23101500,,,,,,,,,,,,,,,,,,,,,,,,,,,,,,,,,,,,,,,,,,,
https://phillips.com,,,,,,,,,,,565655,565655 25W LED A15 Med 20k,,,Philips,Phillips Lighting (5831),Phillips Lighting,Philips,,565655,,Lighting & Fans>Light Bulbs>LED Bulbs,"Phillips Lighting Philips, LED Bulb, 565655, 25 W, A15, 20000 K",LED BULB 25W A15 20000K,Philips 565655 LED Bulb With LED,"Philips LED Bulb With LED, 25 W Wattage, A15, 20000 K Color Temperature","LED Bulb, 25 W, A15, 20000 K","LED Bulb, 25 W, A15, 20000 K",LED,Med base,,,,,,,,,,,,,,,,,,,With LED,,,,,,Wattage,25,W,Shape,A15,,Color Temperature,20000,K,,,,,,,,,,,,,,,,,,,,,,,,,,,,,,,,,,,,,,,,,,,,,,,,,,,,,,,,,,,,,,,,,,,,,,,,,,,,,,,,,,,,,,,,,,,,,,,,,,,,,,,,,,,,,,,,,,,,,,,,,,,,,,,,,,,,,,,,,,,,,,,,,39101628,,,,,,,,,,,,,,,,,,,,,,,,,,,,,,,,,,,,,,,,,,,
https://makita.com,,,,,,,,,,,XTS02Z,"XTS02Z Makita 18V 1/4"" Narrow Crown Stapler 18GA",,,,Makita Usa Inc (5142),Makita Usa Inc,Makita,Makita,XTS02Z,,Tools & Equipment>Power Tools>Pneumatic & Cordless Staplers,"Makita Usa Inc Makita, Stapler, XTS02Z, 18 V, 1/4 in, 18 GA",STAPLER 18V 1/4IN 18GA,Makita XTS02Z Stapler With Narrow Crown Stapler,"Makita Stapler With Narrow Crown Stapler, 18 V Voltage Rating, 1/4 in Crown Width, 18 GA Gauge","Stapler, 1/4 in, 18 GA","Stapler, 1/4 in, 18 GA",Narrow Crown Stapler,,,,,,,,,,,,,,,,,,,,With Narrow Crown Stapler,,,,,,Voltage Rating,18,V,Crown Width,1/4,in,Gauge,18,GA,,,,,,,,,,,,,,,,,,,,,,,,,,,,,,,,,,,,,,,,,,,,,,,,,,,,,,,,,,,,,,,,,,,,,,,,,,,,,,,,,,,,,,,,,,,,,,,,,,,,,,,,,,,,,,,,,,,,,,,,,,,,,,,,,,,,,,,,,,,,,,,,,27111903,,,,,,,,,,,,,,,,,,,,,,,,,,,,,,,,,,,,,,,,,,,
https://black.com,,,,,,,,,,,DCF961B,"Dewalt DCF961B 20V 1/2"" Impact - Bare Tool",,,DEWALT,Black & Decker/dewlt (2585),Black & Decker,Dewalt,Dewalt,DCF961B,,Tools & Equipment>Power Tools>Impact Wrenches,"Black & Decker Dewalt, Impact Wrench, DCF961B, 20 V, 1/2 in, DCF961B",IMPACT WRENCH 20V 1/2IN DCF961B,Dewalt DCF961B Impact Wrench With Bare tool,"Dewalt Impact Wrench With Bare tool, 20 V Voltage Rating, 1/2 in Drive Size, DCF961B","Impact Wrench, 1/2 in, DCF961B","Impact Wrench, 1/2 in, DCF961B",Bare tool,,,,,,,,,,,,,,,,,,,,With Bare tool,,,,,,Voltage Rating,20,V,Drive Size,1/2,in,Model Number,DCF961B,,,,,,,,,,,,,,,,,,,,,,,,,,,,,,,,,,,,,,,,,,,,,,,,,,,,,,,,,,,,,,,,,,,,,,,,,,,,,,,,,,,,,,,,,,,,,,,,,,,,,,,,,,,,,,,,,,,,,,,,,,,,,,,,,,,,,,,,,,,,,,,,,,27111704,,,,,,,,,,,,,,,,,,,,,,,,,,,,,,,,,,,,,,,,,,,
https://black.com,,,,,,,,,,,DCF964B,"DCF964B Dewalt 20V 3/4"" Impact - Wrench (Bare)",,,DEWALT,Black & Decker/dewlt (2585),Black & Decker,Dewalt,Dewalt,DCF964B,,Tools & Equipment>Power Tools>Impact Wrenches,"Black & Decker Dewalt, Impact Wrench, DCF964B, 20 V, 3/4 in, DCF964B",IMPACT WRENCH 20V 3/4IN DCF964B,Dewalt DCF964B Impact Wrench With Bare tool,"Dewalt Impact Wrench With Bare tool, 20 V Voltage Rating, 3/4 in Drive Size, DCF964B","Impact Wrench, 3/4 in, DCF964B","Impact Wrench, 3/4 in, DCF964B",Bare tool,,,,,,,,,,,,,,,,,,,,With Bare tool,,,,,,Voltage Rating,20,V,Drive Size,3/4,in,Model Number,DCF964B,,,,,,,,,,,,,,,,,,,,,,,,,,,,,,,,,,,,,,,,,,,,,,,,,,,,,,,,,,,,,,,,,,,,,,,,,,,,,,,,,,,,,,,,,,,,,,,,,,,,,,,,,,,,,,,,,,,,,,,,,,,,,,,,,,,,,,,,,,,,,,,,,,27111704,,,,,,,,,,,,,,,,,,,,,,,,,,,,,,,,,,,,,,,,,,,
https://kichler.com,,,,,,,,,,,37418A,37418A Kichler Bath Light,,,,Kichler Lighting (KICLI),Kichler Lighting,Kichler,Kichler,37418A,,Lighting & Electrical>Indoor Lighting>Bathroom Vanity Lighting,"Kichler Lighting Kichler, Bath Light, 37418A, 37418A",BATH LIGHT 37418A,Kichler 37418A Bath Light,"Kichler Bath Light, 37418A","Bath Light, 37418A","Bath Light, 37418A",,,,,,,,,,,,,,,,,,,,,,,,Bathroom Vanity Lighting,,,Model Number,37418A,,,,,,,,,,,,,,,,,,,,,,,,,,,,,,,,,,,,,,,,,,,,,,,,,,,,,,,,,,,,,,,,,,,,,,,,,,,,,,,,,,,,,,,,,,,,,,,,,,,,,,,,,,,,,,,,,,,,,,,,,,,,,,,,,,,,,,,,,,,,,,,,,,,,,,,,39111500,,,,,,,,,,,,,,,,,,,,,,,,,,,,,,,,,,,,,,,,,,,
https://kichler.com,,,,,,,,,,,37423A,37423A Kichler Bath Light,,,,Kichler Lighting (KICLI),Kichler Lighting,Kichler,Kichler,37423A,,Lighting & Electrical>Indoor Lighting>Bathroom Vanity Lighting,"Kichler Lighting Kichler, Bath Light, 37423A, 37423A",BATH LIGHT 37423A,Kichler 37423A Bath Light,"Kichler Bath Light, 37423A","Bath Light, 37423A","Bath Light, 37423A",,,,,,,,,,,,,,,,,,,,,,,,Bathroom Vanity Lighting,,,Model Number,37423A,,,,,,,,,,,,,,,,,,,,,,,,,,,,,,,,,,,,,,,,,,,,,,,,,,,,,,,,,,,,,,,,,,,,,,,,,,,,,,,,,,,,,,,,,,,,,,,,,,,,,,,,,,,,,,,,,,,,,,,,,,,,,,,,,,,,,,,,,,,,,,,,,,,,,,,,39111500,,,,,,,,,,,,,,,,,,,,,,,,,,,,,,,,,,,,,,,,,,,
https://appliance.com,https://www.appliance.com/search?q=C7CDABS2RS3,,,,,,,,,,C7CDABS2RS3,C7CDABS2RS3 Cafe Coffee Maker,,,,Appliance Dealers Cooperative (APPDE),Appliance Dealers Cooperative,Cafe,Cafe,C7CDABS2RS3,,Appliances & Consumer Electronics>Kitchen Appliances>Coffee Makers,"Appliance Dealers Cooperative Cafe, Coffee Maker, Cafe, C7CDABS2RS3",COFFEE MAKER C7CDABS2RS3,Cafe Cafe C7CDABS2RS3 Coffee Maker,"Cafe Coffee Maker, Cafe, C7CDABS2RS3","Cafe Coffee Maker, C7CDABS2RS3","Cafe Coffee Maker, C7CDABS2RS3",,,,,,,,,,,,,,,,,,,,,,,,Coffee brewing,,,Model Number,C7CDABS2RS3,,,,,,,,,,,,,,,,,,,,,,,,,,,,,,,,,,,,,,,,,,,,,,,,,,,,,,,,,,,,,,,,,,,,,,,,,,,,,,,,,,,,,,,,,,,,,,,,,,,,,,,,,,,,,,,,,,,,,,,,,,,,,,,,,,,,,,,,,,,,,,,,,,,,,,,,52141527,,,,,,,,,,,,,,,,,,,,,,,,,,,,,,,,,,,,,,,,,,,
https://black.com,,,,,,,,,,,DCF6202,DCF6202 Dewalt Collated Attach,,,DEWALT,Black & Decker/dewlt (2585),Black & Decker/dewlt,Dewalt,Dewalt,DCF6202,,Hand & Power Tools>Power Tool Accessories>Fastening Tool Attachments,"Black & Decker/dewlt Dewalt, Collated Attachment, DCF6202, DCF6202",COLLATED ATTACHMENT DCF6202,Dewalt DCF6202 Collated Attachment,"Dewalt Collated Attachment, DCF6202","Collated Attachment, DCF6202","Collated Attachment, DCF6202",,,,,,,,,,,,,,,,,,,,,,,,Fastening,,,Model Number,DCF6202,,,,,,,,,,,,,,,,,,,,,,,,,,,,,,,,,,,,,,,,,,,,,,,,,,,,,,,,,,,,,,,,,,,,,,,,,,,,,,,,,,,,,,,,,,,,,,,,,,,,,,,,,,,,,,,,,,,,,,,,,,,,,,,,,,,,,,,,,,,,,,,,,,,,,,,,27112700,,,,,,,,,,,,,,,,,,,,,,,,,,,,,,,,,,,,,,,,,,,
https://,,,,,,,,,,,543340896,"4x4-37"" Black Alum Post Sleeve Select Alum Railing - w/Cap & Skirt",TREX,,,Boise Cascade Building Materials (BOICA),Boise Cascade Building Materials,TREX,,543340896,,Building Materials>Railing Systems>Railing Accessories,"Boise Cascade Building Materials TREX, post sleeve, Select Alum Railing, 543340896",POST SLEEVE 4X4 37IN BLACK ALUMINUM,TREX Select Alum Railing 543340896 post sleeve With w/Cap & Skirt,"TREX post sleeve With w/Cap & Skirt, Select Alum Railing, 4x4, 37 in length, Black, Aluminum","Select Alum Railing post sleeve, 4x4, 37 in, Black","Select Alum Railing post sleeve, 4x4, 37 in, Black",w/Cap & Skirt,,,,,,,,,,,,,,,,,,,,With w/Cap & Skirt,,,,Cap & Skirt,,size,4x4,,length,37,in,color,Black,,material,Aluminum,,,,,,,,,,,,,,,,,,,,,,,,,,,,,,,,,,,,,,,,,,,,,,,,,,,,,,,,,,,,,,,,,,,,,,,,,,,,,,,,,,,,,,,,,,,,,,,,,,,,,,,,,,,,,,,,,,,,,,,,,,,,,,,,,,,,,,,,,,,,,,,30152002,,,,,,,,,,,,,,,,,,,,,,,,,,,,,,,,,,,,,,,,,,,
https://,,,,,,,,,,,543340898,"4x4-43"" Black Alum Post Sleeve Select Alum Railing w/Cap & Skirt",TREX,,,Boise Cascade Building Materials (BOICA),Boise Cascade Building Materials,TREX,,543340898,,Building Materials>Railing Systems>Railing Accessories,"Boise Cascade Building Materials TREX, post sleeve, Select Alum Railing, 543340898",POST SLEEVE 4X4 43IN BLACK ALUMINUM,TREX Select Alum Railing 543340898 post sleeve With w/Cap & Skirt,"TREX post sleeve With w/Cap & Skirt, Select Alum Railing, 4x4, 43 in length, Black, Aluminum","Select Alum Railing post sleeve, 4x4, 43 in, Black","Select Alum Railing post sleeve, 4x4, 43 in, Black",w/Cap & Skirt,,,,,,,,,,,,,,,,,,,,With w/Cap & Skirt,,,,Cap & Skirt,,size,4x4,,length,43,in,color,Black,,material,Aluminum,,,,,,,,,,,,,,,,,,,,,,,,,,,,,,,,,,,,,,,,,,,,,,,,,,,,,,,,,,,,,,,,,,,,,,,,,,,,,,,,,,,,,,,,,,,,,,,,,,,,,,,,,,,,,,,,,,,,,,,,,,,,,,,,,,,,,,,,,,,,,,,30152002,,,,,,,,,,,,,,,,,,,,,,,,,,,,,,,,,,,,,,,,,,,
https://,,,,,,,,,,,S11828,"S11828 8"" LED Down Light",,,,Satco Prod Inc (5573),Satco Prod Inc,Satco,Satco,S11828,,Lighting & Electrical>Lighting Fixtures>Recessed Lighting,"Satco Prod Inc Satco, downlight, S11828, 8 in, LED",DOWNLIGHT 8IN LED,"Satco S11828 downlight With LED Down Light, 8 in","Satco downlight With LED Down Light, 8 in Size, LED","downlight, 8 in, LED","downlight, 8 in, LED",LED Down Light,,,,,,,,,,,,,,,,,,,,With LED Down Light,,,,,,Size,8,in,Lighting Technology,LED,,,,,,,,,,,,,,,,,,,,,,,,,,,,,,,,,,,,,,,,,,,,,,,,,,,,,,,,,,,,,,,,,,,,,,,,,,,,,,,,,,,,,,,,,,,,,,,,,,,,,,,,,,,,,,,,,,,,,,,,,,,,,,,,,,,,,,,,,,,,,,,,,,,,,39111500,,,,,,,,,,,,,,,,,,,,,,,,,,,,,,,,,,,,,,,,,,,
https://,,,,,,,,,,,S11801R1,"S11801R1 6"" LED Downlight Water Heater",,,,Satco Prod Inc (5573),Satco Prod Inc,Satco,Satco,S11801R1,,Lighting & Electrical>Lighting Fixtures>Recessed Lighting,"Satco Prod Inc Satco, downlight, S11801R1, 6 in, LED",DOWNLIGHT 6IN LED,"Satco S11801R1 downlight With Water Heater, 6 in","Satco downlight With Water Heater, 6 in Size, LED","downlight, 6 in, LED","downlight, 6 in, LED",Water Heater,,,,,,,,,,,,,,,,,,,,With Water Heater,,,,,,Size,6,in,Lighting Technology,LED,,,,,,,,,,,,,,,,,,,,,,,,,,,,,,,,,,,,,,,,,,,,,,,,,,,,,,,,,,,,,,,,,,,,,,,,,,,,,,,,,,,,,,,,,,,,,,,,,,,,,,,,,,,,,,,,,,,,,,,,,,,,,,,,,,,,,,,,,,,,,,,,,,,,,39111500,,,,,,,,,,,,,,,,,,,,,,,,,,,,,,,,,,,,,,,,,,,
https://streamlight.com,,,,,,,,,,,73020,73020 Nano Clip Light Black,,,,Streamlight (7277),Streamlight,Streamlight,Streamlight,73020,,Tools & Hardware>Lighting & Electrical>Flashlights,"Streamlight, Clip Light, Nano, 73020, 73020, Black",CLIP LIGHT 73020 BLACK,"Streamlight Nano 73020 Clip Light With Clip light, Black","Streamlight Clip Light With Clip light, Nano, 73020, Black","Nano Clip Light, 73020, Black","Nano Clip Light, 73020, Black",Clip light,,,,,,,,,,,,,,,,,,,,With Clip light,,,,,,Model Number,73020,,Color,Black,,,,,,,,,,,,,,,,,,,,,,,,,,,,,,,,,,,,,,,,,,,,,,,,,,,,,,,,,,,,,,,,,,,,,,,,,,,,,,,,,,,,,,,,,,,,,,,,,,,,,,,,,,,,,,,,,,,,,,,,,,,,,,,,,,,,,,,,,,,,,,,,,,,,,39111609,,,,,,,,,,,,,,,,,,,,,,,,,,,,,,,,,,,,,,,,,,,
https://acg.com,,,,,,,,,,,NEB-FLT-0053,NEBFLT0053 2600L Flash Light,,,,ACG Brands (1154),ACG Brands,NEBO,NEBO,NEB-FLT-0053,,Tools & Hardware>Lighting & Electrical>Flashlights,"ACG Brands NEBO, Flashlight, NEB-FLT-0053, NEBFLT0053, 2600 L",FLASHLIGHT NEBFLT0053 2600L,NEBO NEB-FLT-0053 Flashlight With 2600 Lumen output,"NEBO Flashlight With 2600 Lumen output, NEBFLT0053, 2600 L Brightness","Flashlight, NEBFLT0053, 2600 L","Flashlight, NEBFLT0053, 2600 L",2600 Lumen output,,,,,,,,,,,,,,,,,,,,With 2600 Lumen output,,,,,,Model Number,NEBFLT0053,,Brightness,2600,L,,,,,,,,,,,,,,,,,,,,,,,,,,,,,,,,,,,,,,,,,,,,,,,,,,,,,,,,,,,,,,,,,,,,,,,,,,,,,,,,,,,,,,,,,,,,,,,,,,,,,,,,,,,,,,,,,,,,,,,,,,,,,,,,,,,,,,,,,,,,,,,,,,,,39111609,,,,,,,,,,,,,,,,,,,,,,,,,,,,,,,,,,,,,,,,,,,
https://southwire.com,,,,,,,,,,,13093005,4/0 Aluminum Entrance Cable (Linear Foot),,,,Southwire/g Turner (6603),Southwire/g Turner,Southwire/g Turner,,13093005,,Electrical>Building Wire>Service Entrance Cable,"Southwire/g Turner, Cable, 13093005, 4/0, Aluminum",CABLE 4/0 ALUMINUM,"Southwire/g Turner 13093005 Cable With Entrance cable, Aluminum","Southwire/g Turner Cable With Entrance cable, 4/0, Aluminum, Additional Information: Sold by the linear foot.","Cable, 4/0, Aluminum","Cable, 4/0, Aluminum",Entrance cable,,,,,,,,,,,,,,,,,,,,With Entrance cable,,,Service Entrance,,,Conductor size,4/0,,Material,Aluminum,,,,,,,,,,,,,,,,,,,,,,,,,,,,,,,,,,,,,,,,,,,,,,,,,,,,,,,,,,,,,,,,,,,,,,,,,,,,,,,,,,,,,,,,,,,,,,,,,,,,,,,,,,,,,,,,,,,,,,,,,,,,,,,,,,,,,,,,,,,,,,,,,,,,,26121629,,,,,,,,,,,,,,,,,,,,,,,,,,,,,,,,,,,,,,,,,,,
https://leviton.com,,,,,,,,,,,R52-0PJ13-00W,R520PJ1300W 1G Wallplate Water Heater - Blank,,,Leviton,Leviton Mfg Co (4927),Leviton Mfg Co,Leviton,,R52-0PJ13-00W,,Electrical>Wiring Devices>Wallplates,"Leviton Mfg Co Leviton, Wallplate, R52-0PJ13-00W, 1, Blank",WALLPLATE 1 BLANK,Leviton R52-0PJ13-00W Wallplate With Water Heater,"Leviton Wallplate With Water Heater, 1, Blank","Wallplate, 1, Blank","Wallplate, 1, Blank",Water Heater,,,,,,,,,,,,,,,,,,,,With Water Heater,,,Water Heater,,,Gang,1,,Configuration,Blank,,,,,,,,,,,,,,,,,,,,,,,,,,,,,,,,,,,,,,,,,,,,,,,,,,,,,,,,,,,,,,,,,,,,,,,,,,,,,,,,,,,,,,,,,,,,,,,,,,,,,,,,,,,,,,,,,,,,,,,,,,,,,,,,,,,,,,,,,,,,,,,,,,,,,39121704,,,,,,,,,,,,,,,,,,,,,,,,,,,,,,,,,,,,,,,,,,,
https://appliance.com,https://www.appliance.com/search?q=GDE21EMKES,,,,,,,,,,GDE21EMKES,GDE21EMKES GE 21CF Fridge SL Display Only,,,,Appliance Dealers Cooperative (APPDE),GE,GE,GE,GDE21EMKES,,Appliances & Consumer Electronics>Kitchen Appliances>Refrigerators,"GE, Refrigerator, GDE21EMKES, GDE21EMKES, 21 CF",REFRIGERATOR GDE21EMKES 21CF,GE GDE21EMKES Refrigerator With Display Only,"GE Refrigerator With Display Only, GDE21EMKES, 21 CF Capacity","Refrigerator, GDE21EMKES, 21 CF","Refrigerator, GDE21EMKES, 21 CF",Display Only,,,,,,,,,,,,,,,,,,,,With Display Only,,,,,,Model Number,GDE21EMKES,,Capacity,21,CF,,,,,,,,,,,,,,,,,,,,,,,,,,,,,,,,,,,,,,,,,,,,,,,,,,,,,,,,,,,,,,,,,,,,,,,,,,,,,,,,,,,,,,,,,,,,,,,,,,,,,,,,,,,,,,,,,,,,,,,,,,,,,,,,,,,,,,,,,,,,,,,,,,,,52141511,,,,,,,,,,,,,,,,,,,,,,,,,,,,,,,,,,,,,,,,,,,
https://,,,,,,,,,,,48-22-8396R,48-22-8396R Milwaukee 24oz Bottle - Insulated,,,,Milwaukee Accessory (4031),Milwaukee Accessory,Milwaukee,Milwaukee,48-22-8396R,,Tools>Hand Tools>Accessories,"Milwaukee Accessory Milwaukee, bottle, 48-22-8396R, 24 oz, Insulated",BOTTLE 24OZ INSULATED,Milwaukee 48-22-8396R bottle With Insulated,"Milwaukee bottle With Insulated, 24 oz capacity, Insulated, Additional Information: 48-22-8396R Milwaukee 24oz Bottle - Insulated","bottle, 24 oz, Insulated","bottle, 24 oz, Insulated",Insulated,,,,,,,,,,,,,,,,,,,,With Insulated,,,,,,capacity,24,oz,insulation,Insulated,,,,,,,,,,,,,,,,,,,,,,,,,,,,,,,,,,,,,,,,,,,,,,,,,,,,,,,,,,,,,,,,,,,,,,,,,,,,,,,,,,,,,,,,,,,,,,,,,,,,,,,,,,,,,,,,,,,,,,,,,,,,,,,,,,,,,,,,,,,,,,,,,,,,,24111500,,,,,,,,,,,,,,,,,,,,,,,,,,,,,,,,,,,,,,,,,,,
https://,,,,,,,,,,,48-22-8397R,48-22-8397R Milwaukee 36oz Bottle - Insulated,,,,Milwaukee Accessory (4031),Milwaukee Accessory,Milwaukee,Milwaukee,48-22-8397R,,Tools>Hand Tools>Accessories,"Milwaukee Accessory Milwaukee, bottle, 48-22-8397R, 36 oz, Insulated",BOTTLE 36OZ INSULATED,Milwaukee 48-22-8397R bottle With Insulated,"Milwaukee bottle With Insulated, 36 oz capacity, Insulated, Additional Information: 48-22-8397R Milwaukee 36oz Bottle - Insulated","bottle, 36 oz, Insulated","bottle, 36 oz, Insulated",Insulated,,,,,,,,,,,,,,,,,,,,With Insulated,,,,,,capacity,36,oz,insulation,Insulated,,,,,,,,,,,,,,,,,,,,,,,,,,,,,,,,,,,,,,,,,,,,,,,,,,,,,,,,,,,,,,,,,,,,,,,,,,,,,,,,,,,,,,,,,,,,,,,,,,,,,,,,,,,,,,,,,,,,,,,,,,,,,,,,,,,,,,,,,,,,,,,,,,,,,24111500,,,,,,,,,,,,,,,,,,,,,,,,,,,,,,,,,,,,,,,,,,,
https://black.com,,,,,,,,,,,DWST41092,"DWST41092 Dewalt Tool Chest 41"" Bottom",,,,Black & Decker/dewlt (2585),Black & Decker/dewlt,Dewalt,Dewalt,DWST41092,,Tools>Tool Storage>Tool Chests,"Black & Decker/dewlt Dewalt, tool chest, DWST41092, 41 in, Bottom",TOOL CHEST 41IN BOTTOM,Dewalt DWST41092 tool chest With Bottom tool chest,"Dewalt tool chest With Bottom tool chest, 41 in width, Bottom, Additional Information: DWST41092 Dewalt Tool Chest 41"" Bottom","tool chest, 41 in, Bottom","tool chest, 41 in, Bottom",Bottom tool chest,,,,,,,,,,,,,,,,,,,,With Bottom tool chest,,,,,,width,41,in,position,Bottom,,,,,,,,,,,,,,,,,,,,,,,,,,,,,,,,,,,,,,,,,,,,,,,,,,,,,,,,,,,,,,,,,,,,,,,,,,,,,,,,,,,,,,,,,,,,,,,,,,,,,,,,,,,,,,,,,,,,,,,,,,,,,,,,,,,,,,,,,,,,,,,,,,,,,24112401,,,,,,,,,,,,,,,,,,,,,,,,,,,,,,,,,,,,,,,,,,,
https://,,,,,,,,,,,173952TBK,"6""x10' DSI SQ Black Alum Post Wrap",,,,Palmer Donavin Mfg Company (PALDO),Palmer Donavin Mfg Company,DSI,DSI,173952TBK,,Building Materials>Structural Materials>Columns & Posts,"Palmer Donavin Mfg Company DSI, post wrap, 173952TBK, 6 in, 10 ft, Alum",POST WRAP 6IN 10FT ALUM BLACK,DSI 173952TBK post wrap With Square profile,"DSI post wrap With Square profile, 6 in width, 10 ft length, Alum, Black, Additional Information: 6""x10' DSI SQ Black Alum Post Wrap","post wrap, 6 in, 10 ft, Alum","post wrap, 6 in, 10 ft, Alum",Square profile,,,,,,,,,,,,,,,,,,,,With Square profile,,,,,,width,6,in,length,10,ft,material,Alum,,color,Black,,,,,,,,,,,,,,,,,,,,,,,,,,,,,,,,,,,,,,,,,,,,,,,,,,,,,,,,,,,,,,,,,,,,,,,,,,,,,,,,,,,,,,,,,,,,,,,,,,,,,,,,,,,,,,,,,,,,,,,,,,,,,,,,,,,,,,,,,,,,,,,30171600,,,,,,,,,,,,,,,,,,,,,,,,,,,,,,,,,,,,,,,,,,,
https://black.com,,,,,,,,,,,DW08302CG,DW08302CG Dewalt Laser - Green 3 Spot,,,DEWALT,Black & Decker/dewlt (2585),Black & Decker/dewlt,Dewalt,Dewalt,DW08302CG,,Tools & Equipment>Test & Measurement>Laser Levels,"Black & Decker/dewlt Dewalt, laser, DW08302CG, Green, 3",LASER GREEN 3,Dewalt DW08302CG laser With 3 Spot laser,"Dewalt laser With 3 Spot laser, Green, 3","laser, Green, 3","laser, Green, 3",3 Spot laser,,,,,,,,,,,,,,,,,,,,With 3 Spot laser,,,,,,color,Green,,spot count,3,,,,,,,,,,,,,,,,,,,,,,,,,,,,,,,,,,,,,,,,,,,,,,,,,,,,,,,,,,,,,,,,,,,,,,,,,,,,,,,,,,,,,,,,,,,,,,,,,,,,,,,,,,,,,,,,,,,,,,,,,,,,,,,,,,,,,,,,,,,,,,,,,,,,,41113904,,,,,,,,,,,,,,,,,,,,,,,,,,,,,,,,,,,,,,,,,,,
https://,,,,,,,,,,,25459,25459 Mason Line Brd Orange - 500',,,,U S Tape Company (6694),U S Tape Company,U S Tape Company,,25459,,Tools>Hand Tools>Masonry Tools,"U S Tape Company, mason line, 25459, Orange, 500 ft",MASON LINE ORANGE 500FT,U S Tape Company 25459 mason line With Mason line board,"U S Tape Company mason line With Mason line board, Orange, 500 ft length","mason line, Orange, 500 ft","mason line, Orange, 500 ft",Mason line board,,,,,,,,,,,,,,,,,,,,With Mason line board,,,Masonry,,,color,Orange,,length,500,ft,,,,,,,,,,,,,,,,,,,,,,,,,,,,,,,,,,,,,,,,,,,,,,,,,,,,,,,,,,,,,,,,,,,,,,,,,,,,,,,,,,,,,,,,,,,,,,,,,,,,,,,,,,,,,,,,,,,,,,,,,,,,,,,,,,,,,,,,,,,,,,,,,,,,27111900,,,,,,,,,,,,,,,,,,,,,,,,,,,,,,,,,,,,,,,,,,,
https://,,,,,,,,,,,35459,35459 Mason Line Brd Orange - 500' Replacement,,,,U S Tape Company (6694),U S Tape Company,U S Tape Company,,35459,,Tools>Hand Tools>Masonry Tools,"U S Tape Company, mason line, 35459, Orange, 500 ft",MASON LINE ORANGE 500FT,U S Tape Company 35459 mason line With Replacement line,"U S Tape Company mason line With Replacement line, Orange, 500 ft length, Additional Information: Replacement","mason line, Orange, 500 ft","mason line, Orange, 500 ft",Replacement line,,,,,,,,,,,,,,,,,,,,With Replacement line,,,Masonry,,,color,Orange,,length,500,ft,,,,,,,,,,,,,,,,,,,,,,,,,,,,,,,,,,,,,,,,,,,,,,,,,,,,,,,,,,,,,,,,,,,,,,,,,,,,,,,,,,,,,,,,,,,,,,,,,,,,,,,,,,,,,,,,,,,,,,,,,,,,,,,,,,,,,,,,,,,,,,,,,,,,27111900,,,,,,,,,,,,,,,,,,,,,,,,,,,,,,,,,,,,,,,,,,,
https://irwin.com,,,,,,,,,,,IWHT48441RC,IWHT48441RC Irwin 100ft - Red Chalk & Reel Set,,,Irwin,Irwin Industrial Tools (5863),Irwin Industrial Tools,Irwin,Irwin,IWHT48441RC,,Hand Tools>Measuring & Layout Tools>Chalk Lines,"Irwin Industrial Tools Irwin, Chalk & Reel Set, IWHT48441RC, 100 ft, Red",CHALK & REEL SET 100FT RED,"Irwin IWHT48441RC Chalk & Reel Set With Red Chalk & Reel Set, Red","Irwin Chalk & Reel Set With Red Chalk & Reel Set, 100 ft Length, Red","Chalk & Reel Set, 100 ft, Red","Chalk & Reel Set, 100 ft, Red",Red Chalk & Reel Set,,,,,,,,,,,,,,,,,,,,With Red Chalk & Reel Set,,,,,,Length,100,ft,Color,Red,,,,,,,,,,,,,,,,,,,,,,,,,,,,,,,,,,,,,,,,,,,,,,,,,,,,,,,,,,,,,,,,,,,,,,,,,,,,,,,,,,,,,,,,,,,,,,,,,,,,,,,,,,,,,,,,,,,,,,,,,,,,,,,,,,,,,,,,,,,,,,,,,,,,,27111900,,,,,,,,,,,,,,,,,,,,,,,,,,,,,,,,,,,,,,,,,,,
https://,,,,,,,,,,,DT402B,"DT402B 2"" #40 Torx Drive Bit",,,Diablo,Freud Inc (2435),Freud Inc,Freud,Freud,DT402B,,Tools & Equipment>Power Tool Accessories>Screwdriver Bits,"Freud Inc Freud, drive bit, DT402B, 2 in, #40 Torx",DRIVE BIT 2IN #40TORX,"Freud DT402B drive bit With Torx Drive Bit, 2 in","Freud drive bit With Torx Drive Bit, 2 in Size, #40 Torx","drive bit, 2 in, #40 Torx","drive bit, 2 in, #40 Torx",Torx Drive Bit,,,,,,,,,,,,,,,,,,,,With Torx Drive Bit,,,,,,Size,2,in,Drive Type,#40 Torx,,,,,,,,,,,,,,,,,,,,,,,,,,,,,,,,,,,,,,,,,,,,,,,,,,,,,,,,,,,,,,,,,,,,,,,,,,,,,,,,,,,,,,,,,,,,,,,,,,,,,,,,,,,,,,,,,,,,,,,,,,,,,,,,,,,,,,,,,,,,,,,,,,,,,27112800,,,,,,,,,,,,,,,,,,,,,,,,,,,,,,,,,,,,,,,,,,,
https://makita.com,,,,,,,,,,,191V02-0,191V02-0 Makita #2 Phillips Bit 5pk,,,,Makita Usa Inc (5142),Makita Usa Inc,Makita,Makita,191V02-0,,Tools & Equipment>Power Tool Accessories>Screwdriver Bits,"Makita Usa Inc Makita, bit, 191V02-0, #2 Phillips, 5 pk",BIT #2PHILLIPS 5PK,Makita 191V02-0 bit With #2 Phillips Bit,"Makita bit With #2 Phillips Bit, #2 Phillips, 5 pk Quantity","bit, #2 Phillips, 5 pk","bit, #2 Phillips, 5 pk",#2 Phillips Bit,,,,,,,,,,,,,,,,,,,,With #2 Phillips Bit,,,,,,Drive Type,#2 Phillips,,Quantity,5,pk,,,,,,,,,,,,,,,,,,,,,,,,,,,,,,,,,,,,,,,,,,,,,,,,,,,,,,,,,,,,,,,,,,,,,,,,,,,,,,,,,,,,,,,,,,,,,,,,,,,,,,,,,,,,,,,,,,,,,,,,,,,,,,,,,,,,,,,,,,,,,,,,,,,,27112800,,,,,,,,,,,,,,,,,,,,,,,,,,,,,,,,,,,,,,,,,,,
https://,,,,,,,,,,,2761-20,"2761-20 Milwaukee M18 1/4"" Hex Hydraulic Driver",,,,Milwaukee Accessory (4031),Milwaukee Accessory,Milwaukee,Milwaukee,2761-20,,Tools & Equipment>Power Tools>Impact Drivers,"Milwaukee Accessory Milwaukee, hydraulic driver, M18, 2761-20",HYDRAULIC DRIVER 1/4IN HEX,"Milwaukee M18 2761-20 hydraulic driver With M18 1/4"" Hex Hydraulic Driver","Milwaukee hydraulic driver With M18 1/4"" Hex Hydraulic Driver, M18, 1/4 in Drive Size, Hex","M18 hydraulic driver, 1/4 in, Hex","M18 hydraulic driver, 1/4 in, Hex","M18 1/4"" Hex Hydraulic Driver",,,,,,,,,,,,,,,,,,,,"With M18 1/4"" Hex Hydraulic Driver",,,,,,Drive Size,1/4,in,Drive Type,Hex,,,,,,,,,,,,,,,,,,,,,,,,,,,,,,,,,,,,,,,,,,,,,,,,,,,,,,,,,,,,,,,,,,,,,,,,,,,,,,,,,,,,,,,,,,,,,,,,,,,,,,,,,,,,,,,,,,,,,,,,,,,,,,,,,,,,,,,,,,,,,,,,,,,,,27112711,,,,,,,,,,,,,,,,,,,,,,,,,,,,,,,,,,,,,,,,,,,
https://,,,,,,,,,,,3048-20,"3048-20 Milwaukee M12 1/4"" Impact Wrench w/Friction Ring",,,,Milwaukee Accessory (4031),Milwaukee Accessory,Milwaukee,Milwaukee,3048-20,,Tools & Equipment>Power Tools>Impact Wrenches,"Milwaukee Accessory Milwaukee, impact wrench, M12, 3048-20, 1/4 in, Friction Ring",IMPACT WRENCH 1/4IN FRICTIONRING,"Milwaukee M12 3048-20 impact wrench With 1/4"" Impact Wrench w/Friction Ring","Milwaukee impact wrench With 1/4"" Impact Wrench w/Friction Ring, M12, 1/4 in Drive Size, Friction Ring","M12 impact wrench, 1/4 in, Friction Ring","M12 impact wrench, 1/4 in, Friction Ring","1/4"" Impact Wrench w/Friction Ring",,,,,,,,,,,,,,,,,,,,"With 1/4"" Impact Wrench w/Friction Ring",,,,,,Drive Size,1/4,in,Anvil Type,Friction Ring,,,,,,,,,,,,,,,,,,,,,,,,,,,,,,,,,,,,,,,,,,,,,,,,,,,,,,,,,,,,,,,,,,,,,,,,,,,,,,,,,,,,,,,,,,,,,,,,,,,,,,,,,,,,,,,,,,,,,,,,,,,,,,,,,,,,,,,,,,,,,,,,,,,,,27112711,,,,,,,,,,,,,,,,,,,,,,,,,,,,,,,,,,,,,,,,,,,
https://,,,,,,,,,,,3049-20,"3049-20 Milwaukee M12 3/8"" Impact Wrench w/Friction Ring",,,,Milwaukee Accessory (4031),Milwaukee Accessory,Milwaukee,Milwaukee,3049-20,,Tools & Equipment>Power Tools>Impact Wrenches,"Milwaukee Accessory Milwaukee, impact wrench, M12, 3049-20, 3/8 in, Friction Ring",IMPACT WRENCH 3/8IN FRICTIONRING,"Milwaukee M12 3049-20 impact wrench With 3/8"" Impact Wrench w/Friction Ring","Milwaukee impact wrench With 3/8"" Impact Wrench w/Friction Ring, M12, 3/8 in Drive Size, Friction Ring","M12 impact wrench, 3/8 in, Friction Ring","M12 impact wrench, 3/8 in, Friction Ring","3/8"" Impact Wrench w/Friction Ring",,,,,,,,,,,,,,,,,,,,"With 3/8"" Impact Wrench w/Friction Ring",,,,,,Drive Size,3/8,in,Anvil Type,Friction Ring,,,,,,,,,,,,,,,,,,,,,,,,,,,,,,,,,,,,,,,,,,,,,,,,,,,,,,,,,,,,,,,,,,,,,,,,,,,,,,,,,,,,,,,,,,,,,,,,,,,,,,,,,,,,,,,,,,,,,,,,,,,,,,,,,,,,,,,,,,,,,,,,,,,,,27112711,,,,,,,,,,,,,,,,,,,,,,,,,,,,,,,,,,,,,,,,,,,
https://,,,,,,,,,,,3054-20,"3054-20 Milwaukee M12 1/2"" Ratchet (Bare)",,,,Milwaukee Accessory (4031),Milwaukee Accessory,Milwaukee,Milwaukee,3054-20,,Tools & Equipment>Power Tools>Cordless Ratchets,"Milwaukee Accessory Milwaukee, Ratchet, M12, 3054-20, 1/2 in, 3054-20",RATCHET 1/2IN 3054-20,Milwaukee M12 3054-20 Ratchet With Bare,"Milwaukee Ratchet With Bare, M12, 1/2 in Drive Size, 3054-20","M12 Ratchet, 1/2 in, 3054-20","M12 Ratchet, 1/2 in, 3054-20",Bare,,,,,,,,,,,,,,,,,,,,With Bare,,,,,,Drive Size,1/2,in,Model Number,3054-20,,,,,,,,,,,,,,,,,,,,,,,,,,,,,,,,,,,,,,,,,,,,,,,,,,,,,,,,,,,,,,,,,,,,,,,,,,,,,,,,,,,,,,,,,,,,,,,,,,,,,,,,,,,,,,,,,,,,,,,,,,,,,,,,,,,,,,,,,,,,,,,,,,,,,27112700,,,,,,,,,,,,,,,,,,,,,,,,,,,,,,,,,,,,,,,,,,,
https://black.com,,,,,,,,,,,DCF513EB,"DCF513EB Dewalt 3/8"" Open Head Rachet",,,,Black & Decker/dewlt (2585),Black & Decker/dewlt,Dewalt,Dewalt,DCF513EB,,Tools & Equipment>Power Tools>Cordless Ratchets,"Black & Decker/dewlt Dewalt, Ratchet, DCF513EB, 3/8 in, DCF513EB",RATCHET 3/8IN DCF513EB,Dewalt DCF513EB Ratchet With Open Head,"Dewalt Ratchet With Open Head, 3/8 in Drive Size, DCF513EB","Ratchet, 3/8 in, DCF513EB","Ratchet, 3/8 in, DCF513EB",Open Head,,,,,,,,,,,,,,,,,,,,With Open Head,,,,,,Drive Size,3/8,in,Model Number,DCF513EB,,,,,,,,,,,,,,,,,,,,,,,,,,,,,,,,,,,,,,,,,,,,,,,,,,,,,,,,,,,,,,,,,,,,,,,,,,,,,,,,,,,,,,,,,,,,,,,,,,,,,,,,,,,,,,,,,,,,,,,,,,,,,,,,,,,,,,,,,,,,,,,,,,,,,27112700,,,,,,,,,,,,,,,,,,,,,,,,,,,,,,,,,,,,,,,,,,,
https://,,,,,,,,,,,3485-20,"3485-20 Milwaukee M12 1/4"" Right Angle Die Grinder",,,,Milwaukee Accessory (4031),Milwaukee Accessory,Milwaukee,Milwaukee,3485-20,,Tools & Equipment>Power Tools>Grinders,"Milwaukee Accessory Milwaukee, Die Grinder, M12, 3485-20, 1/4 in, 3485-20",DIE GRINDER 1/4IN 3485-20,Milwaukee M12 3485-20 Die Grinder With Right Angle,"Milwaukee Die Grinder With Right Angle, M12, 1/4 in Collet Size, 3485-20","M12 Die Grinder, 1/4 in, 3485-20","M12 Die Grinder, 1/4 in, 3485-20",Right Angle,,,,,,,,,,,,,,,,,,,,With Right Angle,,,,,,Collet Size,1/4,in,Model Number,3485-20,,,,,,,,,,,,,,,,,,,,,,,,,,,,,,,,,,,,,,,,,,,,,,,,,,,,,,,,,,,,,,,,,,,,,,,,,,,,,,,,,,,,,,,,,,,,,,,,,,,,,,,,,,,,,,,,,,,,,,,,,,,,,,,,,,,,,,,,,,,,,,,,,,,,,27112706,,,,,,,,,,,,,,,,,,,,,,,,,,,,,,,,,,,,,,,,,,,
https://black.com,,,,,,,,,,,DWA47421,"DWA47421 Dewalt 14"" Segmented - Rim Diamond Blade",,,DEWALT,Black & Decker/dewlt (2585),Black & Decker/dewlt,Dewalt,Dewalt,DWA47421,,Power Tool Accessories>Saw Blades>Diamond Blades,"Black & Decker/dewlt Dewalt, diamond blade, DWA47421, 14 in, Segmented Rim",DIAMOND BLADE 14IN SEGMENTEDRIM,Dewalt DWA47421 diamond blade With Segmented Rim Diamond Blade,"Dewalt diamond blade With Segmented Rim Diamond Blade, 14 in diameter, Segmented Rim","diamond blade, 14 in, Segmented Rim","diamond blade, 14 in, Segmented Rim",Segmented Rim Diamond Blade,,,,,,,,,,,,,,,,,,,,With Segmented Rim Diamond Blade,,,,,,diameter,14,in,type,Segmented Rim,,,,,,,,,,,,,,,,,,,,,,,,,,,,,,,,,,,,,,,,,,,,,,,,,,,,,,,,,,,,,,,,,,,,,,,,,,,,,,,,,,,,,,,,,,,,,,,,,,,,,,,,,,,,,,,,,,,,,,,,,,,,,,,,,,,,,,,,,,,,,,,,,,,,,27112706,,,,,,,,,,,,,,,,,,,,,,,,,,,,,,,,,,,,,,,,,,,
https://,,,,,,,,,,,49-22-4702,49-22-4702 Milwaukee 13pc Quik-Lock Hole Dozer Kit,,,,Milwaukee Accessory (4031),Milwaukee Accessory,Milwaukee,Milwaukee,49-22-4702,,Power Tool Accessories>Drill & Hole Saw Bits>Hole Saw Kits,"Milwaukee Accessory Milwaukee, Hole Saw Kit, Hole Dozer, 49-22-4702",HOLE SAW KIT 13PC 49-22-4702,Milwaukee Hole Dozer 49-22-4702 Hole Saw Kit With Quik-Lock,"Milwaukee Hole Saw Kit With Quik-Lock, Hole Dozer, 13 pc Piece Count, 49-22-4702","Hole Dozer Hole Saw Kit, 13 pc, 49-22-4702","Hole Dozer Hole Saw Kit, 13 pc, 49-22-4702",Quik-Lock,,,,,,,,,,,,,,,,,,,,With Quik-Lock,,,,,,Piece Count,13,pc,Part Number,49-22-4702,,,,,,,,,,,,,,,,,,,,,,,,,,,,,,,,,,,,,,,,,,,,,,,,,,,,,,,,,,,,,,,,,,,,,,,,,,,,,,,,,,,,,,,,,,,,,,,,,,,,,,,,,,,,,,,,,,,,,,,,,,,,,,,,,,,,,,,,,,,,,,,,,,,,,27112822,,,,,,,,,,,,,,,,,,,,,,,,,,,,,,,,,,,,,,,,,,,
https://jgmachinery.com,,,,,,,,,,,MAG:2044-230-1,2044-230-1 Stock Feeder 4-Roll - Steff,,,,J&G Machinery (JGMAC),J&G Machinery,Steff,Steff,MAG:2044-230-1,,Machinery>Woodworking Machinery>Power Feeders,"J&G Machinery Steff, Stock Feeder, MAG:2044-230-1, 4, 2044-230-1",STOCK FEEDER 4 2044-230-1,Steff MAG:2044-230-1 Stock Feeder With 4-Roll,"Steff Stock Feeder With 4-Roll, 4, 2044-230-1","Stock Feeder, 4, 2044-230-1","Stock Feeder, 4, 2044-230-1",4-Roll,,,,,,,,,,,,,,,,,,,,With 4-Roll,,,,,,Rollers,4,,Model Number,2044-230-1,,,,,,,,,,,,,,,,,,,,,,,,,,,,,,,,,,,,,,,,,,,,,,,,,,,,,,,,,,,,,,,,,,,,,,,,,,,,,,,,,,,,,,,,,,,,,,,,,,,,,,,,,,,,,,,,,,,,,,,,,,,,,,,,,,,,,,,,,,,,,,,,,,,,,23101500,,,,,,,,,,,,,,,,,,,,,,,,,,,,,,,,,,,,,,,,,,,
https://king.com,,,,,,,,,,,KC-426C,"KC-426C 12"" Portable Planer",,,,King Canada Inc (KINCA),King Canada Inc,King Canada,King Canada,KC-426C,,Machinery>Woodworking Machinery>Thickness Planers,"King Canada Inc King Canada, Portable Planer, KC-426C, 12 in, KC-426C",PORTABLE PLANER 12IN KC-426C,"King Canada KC-426C Portable Planer With 12"" Portable Planer","King Canada Portable Planer With 12"" Portable Planer, 12 in Capacity, KC-426C","Portable Planer, 12 in, KC-426C","Portable Planer, 12 in, KC-426C","12"" Portable Planer",,,,,,,,,,,,,,,,,,,,"With 12"" Portable Planer",,,,,,Capacity,12,in,Model Number,KC-426C,,,,,,,,,,,,,,,,,,,,,,,,,,,,,,,,,,,,,,,,,,,,,,,,,,,,,,,,,,,,,,,,,,,,,,,,,,,,,,,,,,,,,,,,,,,,,,,,,,,,,,,,,,,,,,,,,,,,,,,,,,,,,,,,,,,,,,,,,,,,,,,,,,,,,23101500,,,,,,,,,,,,,,,,,,,,,,,,,,,,,,,,,,,,,,,,,,,
https://leviton.com,,,,,,,,,,,R56-CBR15-00T,R56CBR1500T 15A Outlet LA,,,Leviton,Leviton Mfg Co (4927),Leviton Mfg Co,Leviton,Leviton,R56-CBR15-00T,,Electrical>Wiring Devices>Electrical Receptacles,"Leviton Mfg Co Leviton, Outlet, R56-CBR15-00T, 15 A, R56CBR1500T",OUTLET 15A R56CBR1500T,Leviton R56-CBR15-00T Outlet With LA,"Leviton Outlet With LA, 15 A Amperage Rating, R56CBR1500T","Outlet, R56CBR1500T","Outlet, R56CBR1500T",LA,,,,,,,,,,,,,,,,,,,,With LA,,,,,,Amperage Rating,15,A,Part Number,R56CBR1500T,,,,,,,,,,,,,,,,,,,,,,,,,,,,,,,,,,,,,,,,,,,,,,,,,,,,,,,,,,,,,,,,,,,,,,,,,,,,,,,,,,,,,,,,,,,,,,,,,,,,,,,,,,,,,,,,,,,,,,,,,,,,,,,,,,,,,,,,,,,,,,,,,,,,,39121406,,,,,,,,,,,,,,,,,,,,,,,,,,,,,,,,,,,,,,,,,,,
https://kreg.com,,,,,,,,,,,KPTDV025A,KPTDV025A Kreg 20V Ionic Compact Impact Driver,,,,Kreg Tool Company (KRETO),Kreg Tool Company,Kreg,Kreg,KPTDV025A,,Tools & Equipment>Power Tools>Cordless Drills & Drivers,"Kreg Tool Company Kreg, Impact Driver, Ionic, KPTDV025A, 20 V, KPTDV025A",IMPACT DRIVER 20V KPTDV025A,Kreg Ionic KPTDV025A Impact Driver With Compact design,"Kreg Impact Driver With Compact design, Ionic, 20 V Voltage Rating, KPTDV025A","Ionic Impact Driver, KPTDV025A","Ionic Impact Driver, KPTDV025A",Compact design,,,,,,,,,,,,,,,,,,,,With Compact design,,,,,,Voltage Rating,20,V,Model Number,KPTDV025A,,,,,,,,,,,,,,,,,,,,,,,,,,,,,,,,,,,,,,,,,,,,,,,,,,,,,,,,,,,,,,,,,,,,,,,,,,,,,,,,,,,,,,,,,,,,,,,,,,,,,,,,,,,,,,,,,,,,,,,,,,,,,,,,,,,,,,,,,,,,,,,,,,,,,27112703,,,,,,,,,,,,,,,,,,,,,,,,,,,,,,,,,,,,,,,,,,,
https://,,,,,,,,,,,40503,"3/8"" 16""x16' Smart Pan Cedar - No-Groove Sq Edge B&B",LP SMARTSIDE,,,U S Lumber (3073),U S Lumber,LP SMARTSIDE,,40503,,Building Materials>Siding>Panel Siding,"U S Lumber LP SMARTSIDE, Panel Siding, 40503, 3/8 in, 16x16 in, 16 ft",PANEL SIDING 3/8IN 16X16IN 16FT,LP SMARTSIDE 40503 Panel Siding With Smart Pan Cedar,"LP SMARTSIDE Panel Siding With Smart Pan Cedar, 3/8 in Thickness, 16x16 in Dimensions, 16 ft Length, No-Groove Sq Edge B&B","Panel Siding, 3/8 in, 16x16 in, 16 ft","Panel Siding, 3/8 in, 16x16 in, 16 ft",Smart Pan Cedar,No-Groove Square Edge,,,,,,,,,,,,,,,,,,,With Smart Pan Cedar,,,,,,Thickness,3/8,in,Dimensions,16x16,in,Length,16,ft,Style,No-Groove Sq Edge B&B,,,,,,,,,,,,,,,,,,,,,,,,,,,,,,,,,,,,,,,,,,,,,,,,,,,,,,,,,,,,,,,,,,,,,,,,,,,,,,,,,,,,,,,,,,,,,,,,,,,,,,,,,,,,,,,,,,,,,,,,,,,,,,,,,,,,,,,,,,,,,,,30151600,,,,,,,,,,,,,,,,,,,,,,,,,,,,,,,,,,,,,,,,,,,
https://jam.com,,,,,,,,,,,3MABR-7100145365,3M 775L Stikit Film P320 - Cubitron II 50 Disc/Box,,,,Jam Industrial Supply LLC (JAMIN),3M,3M,3M,3MABR-7100145365,,Abrasives>Coated Abrasives>Abrasive Discs,"Jam Industrial Supply LLC, Abrasive Disc, Cubitron II, 3MABR-7100145365",ABRASIVE DISC 320 775L STIKIT,Jam Industrial Supply LLC Cubitron II 3MABR-7100145365 Abrasive Disc With Cubitron II abrasive technology,"Jam Industrial Supply LLC Abrasive Disc With Cubitron II abrasive technology, Cubitron II, 320, 775L, Stikit, 50 Disc/Box Quantity, Film","Cubitron II Abrasive Disc, 320, 775L, Stikit","Cubitron II Abrasive Disc, 320, 775L, Stikit",Cubitron II abrasive technology,,,,,,,,,,,,,,,,,,,,With Cubitron II abrasive technology,,,,,,Grit,320,,Model Number,775L,,Attachment Type,Stikit,,Quantity,50,Disc/Box,Backing Material,Film,,,,,,,,,,,,,,,,,,,,,,,,,,,,,,,,,,,,,,,,,,,,,,,,,,,,,,,,,,,,,,,,,,,,,,,,,,,,,,,,,,,,,,,,,,,,,,,,,,,,,,,,,,,,,,,,,,,,,,,,,,,,,,,,,,,,,,,,,,,,31191505,,,,,,,,,,,,,,,,,,,,,,,,,,,,,,,,,,,,,,,,,,,
https://,,,,,,,,,,,543302126,6' Water Heater Select T-Rail Kit Horiz - w/Sq Composite Balusters,TREX,,,U S Lumber (3073),U S Lumber,TREX,,543302126,,Building Materials>Decking & Railing>Railing Systems,"U S Lumber TREX, Railing kit, Water Heater Select, 543302126",RAILING KIT 6FT,TREX Water Heater Select 543302126 Railing kit With T-Rail,"TREX Railing kit With T-Rail, Water Heater Select, 6 ft Length","Water Heater Select Railing kit, 6 ft","Water Heater Select Railing kit, 6 ft",T-Rail,Horiz,Sq Composite Balusters,,,,,,,,,,,,,,,,,,With T-Rail,,,,,,Length,6,ft,,,,,,,,,,,,,,,,,,,,,,,,,,,,,,,,,,,,,,,,,,,,,,,,,,,,,,,,,,,,,,,,,,,,,,,,,,,,,,,,,,,,,,,,,,,,,,,,,,,,,,,,,,,,,,,,,,,,,,,,,,,,,,,,,,,,,,,,,,,,,,,,,,,,,,,30263600,,,,,,,,,,,,,,,,,,,,,,,,,,,,,,,,,,,,,,,,,,,
https://,,,,,,,,,,,543302146,8' Water Heater Select T-Rail Kit Horiz - w/Sq Composite Balusters,TREX,,,U S Lumber (3073),U S Lumber,TREX,,543302146,,Building Materials>Decking & Railing>Railing Systems,"U S Lumber TREX, Railing kit, Water Heater Select, 543302146",RAILING KIT 8FT,TREX Water Heater Select 543302146 Railing kit With T-Rail,"TREX Railing kit With T-Rail, Water Heater Select, 8 ft Length","Water Heater Select Railing kit, 8 ft","Water Heater Select Railing kit, 8 ft",T-Rail,Horiz,Sq Composite Balusters,,,,,,,,,,,,,,,,,,With T-Rail,,,,,,Length,8,ft,,,,,,,,,,,,,,,,,,,,,,,,,,,,,,,,,,,,,,,,,,,,,,,,,,,,,,,,,,,,,,,,,,,,,,,,,,,,,,,,,,,,,,,,,,,,,,,,,,,,,,,,,,,,,,,,,,,,,,,,,,,,,,,,,,,,,,,,,,,,,,,,,,,,,,,30263600,,,,,,,,,,,,,,,,,,,,,,,,,,,,,,,,,,,,,,,,,,,
https://,,,,,,,,,,,543300257,6' Black Select Classic Stair - Rail w/Rnd Black Alum Baluster,TREX,,,Boise Cascade Building Materials (BOICA),Boise Cascade Building Materials,TREX,,543300257,,Building Materials>Decking & Railing>Stair Railing Systems,"Boise Cascade Building Materials TREX, stair rail, Select Classic, 543300257",STAIR RAIL 6FT BLACK ALUMINUM,TREX Select Classic 543300257 stair rail With Rnd Black Alum Baluster,"TREX stair rail With Rnd Black Alum Baluster, Select Classic, 6 ft length, Black, Aluminum","Select Classic stair rail, 6 ft, Black, Aluminum","Select Classic stair rail, 6 ft, Black, Aluminum",Rnd Black Alum Baluster,,,,,,,,,,,,,,,,,,,,With Rnd Black Alum Baluster,,,Stair,,,length,6,ft,color,Black,,material,Aluminum,,,,,,,,,,,,,,,,,,,,,,,,,,,,,,,,,,,,,,,,,,,,,,,,,,,,,,,,,,,,,,,,,,,,,,,,,,,,,,,,,,,,,,,,,,,,,,,,,,,,,,,,,,,,,,,,,,,,,,,,,,,,,,,,,,,,,,,,,,,,,,,,,,30151801,,,,,,,,,,,,,,,,,,,,,,,,,,,,,,,,,,,,,,,,,,,
https://,,,,,,,,,,,543300277,8' Black Select Classic Stair - Rail w/Rnd Black Alum Baluster,TREX,,,Boise Cascade Building Materials (BOICA),Boise Cascade Building Materials,TREX,,543300277,,Building Materials>Decking & Railing>Stair Railing Systems,"Boise Cascade Building Materials TREX, stair rail, Select Classic, 543300277",STAIR RAIL 8FT BLACK ALUMINUM,TREX Select Classic 543300277 stair rail With Rnd Black Alum Baluster,"TREX stair rail With Rnd Black Alum Baluster, Select Classic, 8 ft length, Black, Aluminum","Select Classic stair rail, 8 ft, Black, Aluminum","Select Classic stair rail, 8 ft, Black, Aluminum",Rnd Black Alum Baluster,,,,,,,,,,,,,,,,,,,,With Rnd Black Alum Baluster,,,Stair,,,length,8,ft,color,Black,,material,Aluminum,,,,,,,,,,,,,,,,,,,,,,,,,,,,,,,,,,,,,,,,,,,,,,,,,,,,,,,,,,,,,,,,,,,,,,,,,,,,,,,,,,,,,,,,,,,,,,,,,,,,,,,,,,,,,,,,,,,,,,,,,,,,,,,,,,,,,,,,,,,,,,,,,,30151801,,,,,,,,,,,,,,,,,,,,,,,,,,,,,,,,,,,,,,,,,,,
https://,,,,,,,,,,,925219,"2""x50' Deck Joist Tape - Protecto Wrap",,,,Palmer Donavin Mfg Company (PALDO),Palmer Donavin Mfg Company,Protecto Wrap,Protecto Wrap,925219,,Building Materials>Decking & Railing>Decking Accessories,"Palmer Donavin Mfg Company Protecto Wrap, joist tape, 925219",JOIST TAPE 2IN 50FT,Protecto Wrap 925219 joist tape With Deck Joist Tape,"Protecto Wrap joist tape With Deck Joist Tape, 2 in width, 50 ft length","joist tape, 2 in, 50 ft","joist tape, 2 in, 50 ft",Deck Joist Tape,,,,,,,,,,,,,,,,,,,,With Deck Joist Tape,,,Deck,,,width,2,in,length,50,ft,,,,,,,,,,,,,,,,,,,,,,,,,,,,,,,,,,,,,,,,,,,,,,,,,,,,,,,,,,,,,,,,,,,,,,,,,,,,,,,,,,,,,,,,,,,,,,,,,,,,,,,,,,,,,,,,,,,,,,,,,,,,,,,,,,,,,,,,,,,,,,,,,,,,31201503,,,,,,,,,,,,,,,,,,,,,,,,,,,,,,,,,,,,,,,,,,,
https://appliance.com,https://www.appliance.com/search?q=CES700P3MD1,,,,,,,,,,CES700P3MD1,"CES700P3MD1 Cafe 30"" Range Black - Display",,,,Appliance Dealers Cooperative (APPDE),Cafe,Cafe,Cafe,CES700P3MD1,,Appliances & Consumer Electronics>Kitchen Appliances>Ranges,"Cafe, range, CES700P3MD1, CES700P3MD1, 30 "", Black","RANGE CES700P3MD1 30"" BLACK","Cafe CES700P3MD1 range With Display, 30 "", Black","Cafe range With Display, CES700P3MD1, 30 "" Size, Black, Additional Information: Display","range, CES700P3MD1, 30 "", Black","range, CES700P3MD1, 30 "", Black",Display,,,,,,,,,,,,,,,,,,,,With Display,,,,,,Model Number,CES700P3MD1,,Size,30,"""",Color,Black,,,,,,,,,,,,,,,,,,,,,,,,,,,,,,,,,,,,,,,,,,,,,,,,,,,,,,,,,,,,,,,,,,,,,,,,,,,,,,,,,,,,,,,,,,,,,,,,,,,,,,,,,,,,,,,,,,,,,,,,,,,,,,,,,,,,,,,,,,,,,,,,,,52141505,,,,,,,,,,,,,,,,,,,,,,,,,,,,,,,,,,,,,,,,,,,
https://appliance.com,https://www.appliance.com/search?q=PS960YPFS,,,,,,,,,,PS960YPFS,"PS960YPFS 30"" GE Electric Range SS - Display Only",,,,Appliance Dealers Cooperative (APPDE),GE,GE,GE,PS960YPFS,,Appliances & Consumer Electronics>Kitchen Appliances>Ranges,"GE, electric range, PS960YPFS, PS960YPFS, 30 "", SS","ELECTRIC RANGE PS960YPFS 30"" SS","GE PS960YPFS electric range With Display Only, 30 ""","GE electric range With Display Only, PS960YPFS, 30 "" Size, SS, Additional Information: Display Only","electric range, PS960YPFS, 30 "", SS","electric range, PS960YPFS, 30 "", SS",Display Only,,,,,,,,,,,,,,,,,,,,With Display Only,,,,,,Model Number,PS960YPFS,,Size,30,"""",Finish,SS,,,,,,,,,,,,,,,,,,,,,,,,,,,,,,,,,,,,,,,,,,,,,,,,,,,,,,,,,,,,,,,,,,,,,,,,,,,,,,,,,,,,,,,,,,,,,,,,,,,,,,,,,,,,,,,,,,,,,,,,,,,,,,,,,,,,,,,,,,,,,,,,,,52141505,,,,,,,,,,,,,,,,,,,,,,,,,,,,,,,,,,,,,,,,,,,
https://appliance.com,https://www.appliance.com/search?q=LSEL6333ZE,,,,,,,,,,LSEL6333ZE,"LSEL6333ZE LG 30"" Elec Range BS-Display Only",,,,Appliance Dealers Cooperative (APPDE),LG,LG,LG,LSEL6333ZE,,Appliances & Consumer Electronics>Kitchen Appliances>Ranges,"LG, electric range, LSEL6333ZE, LSEL6333ZE, 30 "", BS","ELECTRIC RANGE LSEL6333ZE 30"" BS","LG LSEL6333ZE electric range With Display Only, 30 ""","LG electric range With Display Only, LSEL6333ZE, 30 "" Size, BS, Additional Information: Display Only","electric range, LSEL6333ZE, 30 "", BS","electric range, LSEL6333ZE, 30 "", BS",Display Only,,,,,,,,,,,,,,,,,,,,With Display Only,,,,,,Model Number,LSEL6333ZE,,Size,30,"""",Finish,BS,,,,,,,,,,,,,,,,,,,,,,,,,,,,,,,,,,,,,,,,,,,,,,,,,,,,,,,,,,,,,,,,,,,,,,,,,,,,,,,,,,,,,,,,,,,,,,,,,,,,,,,,,,,,,,,,,,,,,,,,,,,,,,,,,,,,,,,,,,,,,,,,,,52141505,,,,,,,,,,,,,,,,,,,,,,,,,,,,,,,,,,,,,,,,,,,
https://black.com,,,,,,,,,,,DZN930,DZN930 Dewalt 30 Degree - Framing Magazine,,,,Black & Decker/dewlt (2585),Black & Decker/dewlt,Dewalt,Dewalt,DZN930,,Tools & Equipment>Tool Accessories>Nailer Accessories,"Black & Decker/dewlt Dewalt, Framing Magazine, DZN930, 30 deg",FRAMING MAGAZINE 30DEG,Dewalt DZN930 Framing Magazine With 30 Degree - Framing Magazine,"Dewalt Framing Magazine With 30 Degree - Framing Magazine, 30 deg Degree, Additional Information: DZN930 Dewalt 30 Degree - Framing Magazine","Framing Magazine, 30 deg","Framing Magazine, 30 deg",30 Degree - Framing Magazine,,,,,,,,,,,,,,,,,,,,With 30 Degree - Framing Magazine,,,Framing,,,Degree,30,deg,,,,,,,,,,,,,,,,,,,,,,,,,,,,,,,,,,,,,,,,,,,,,,,,,,,,,,,,,,,,,,,,,,,,,,,,,,,,,,,,,,,,,,,,,,,,,,,,,,,,,,,,,,,,,,,,,,,,,,,,,,,,,,,,,,,,,,,,,,,,,,,,,,,,,,,27111900,,,,,,,,,,,,,,,,,,,,,,,,,,,,,,,,,,,,,,,,,,,
https://vessel.com,,,,,,,,,,,220USB25U,220USB25U Vessel Screwdriver w/25pc Bit Set,,,,Vessel Tools USA Inc (VESTO),Vessel Tools USA Inc,Vessel,Vessel,220USB25U,,Tools & Equipment>Hand Tools>Screwdrivers,"Vessel Tools USA Inc Vessel, Screwdriver, 220USB25U, 25 pc",SCREWDRIVER 25PC,Vessel 220USB25U Screwdriver With w/25pc Bit Set,"Vessel Screwdriver With w/25pc Bit Set, 25 pc Bit Count, Additional Information: 220USB25U Vessel Screwdriver w/25pc Bit Set","Screwdriver, 25 pc","Screwdriver, 25 pc",w/25pc Bit Set,,,,,,,,,,,,,,,,,,,,With w/25pc Bit Set,,,,25pc Bit Set,,Bit Count,25,pc,,,,,,,,,,,,,,,,,,,,,,,,,,,,,,,,,,,,,,,,,,,,,,,,,,,,,,,,,,,,,,,,,,,,,,,,,,,,,,,,,,,,,,,,,,,,,,,,,,,,,,,,,,,,,,,,,,,,,,,,,,,,,,,,,,,,,,,,,,,,,,,,,,,,,,,27111701,,,,,,,,,,,,,,,,,,,,,,,,,,,,,,,,,,,,,,,,,,,
https://,,,,,,,,,,,49-66-4567,"49-66-4567 Milwaukee 6"" Magnetic - Impact Driver Set 6pc",,,,Milwaukee Accessory (4031),Milwaukee Accessory,Milwaukee,Milwaukee,49-66-4567,,Tools & Equipment>Tool Accessories>Driver Bits,"Milwaukee Accessory Milwaukee, Driver Set, 49-66-4567, 6 in, 6 pc",DRIVER SET 6IN 6PC,Milwaukee 49-66-4567 Driver Set With Magnetic,"Milwaukee Driver Set With Magnetic, 6 in Length, 6 pc Piece Count, Additional Information: 49-66-4567 Milwaukee 6"" Magnetic - Impact Driver Set 6pc","Driver Set, 6 in, 6 pc","Driver Set, 6 in, 6 pc",Magnetic,Impact Driver Set,,,,,,,,,,,,,,,,,,,With Magnetic,,,,,,Length,6,in,Piece Count,6,pc,,,,,,,,,,,,,,,,,,,,,,,,,,,,,,,,,,,,,,,,,,,,,,,,,,,,,,,,,,,,,,,,,,,,,,,,,,,,,,,,,,,,,,,,,,,,,,,,,,,,,,,,,,,,,,,,,,,,,,,,,,,,,,,,,,,,,,,,,,,,,,,,,,,,27112801,,,,,,,,,,,,,,,,,,,,,,,,,,,,,,,,,,,,,,,,,,,
https://,,,,,,,,,,,D0708LF,"D0708LF Saw Blade 7-1/4""x8 - Laminate & Wood Flooring",,,,Freud Inc (2435),Freud Inc,Diablo,Diablo,D0708LF,,Tools & Equipment>Power Tool Accessories>Circular Saw Blades,"Freud Inc Diablo, saw blade, D0708LF, 7-1/4 in, 8",SAW BLADE 7-1/4IN 8,Diablo D0708LF saw blade With Laminate & Wood Flooring blade,"Diablo saw blade With Laminate & Wood Flooring blade, 7-1/4 in diameter, 8","saw blade, 7-1/4 in, 8","saw blade, 7-1/4 in, 8",Laminate & Wood Flooring blade,,,,,,,,,,,,,,,,,,,,With Laminate & Wood Flooring blade,,,Laminate & Wood Flooring,,,diameter,7-1/4,in,tooth count,8,,,,,,,,,,,,,,,,,,,,,,,,,,,,,,,,,,,,,,,,,,,,,,,,,,,,,,,,,,,,,,,,,,,,,,,,,,,,,,,,,,,,,,,,,,,,,,,,,,,,,,,,,,,,,,,,,,,,,,,,,,,,,,,,,,,,,,,,,,,,,,,,,,,,,27112706,,,,,,,,,,,,,,,,,,,,,,,,,,,,,,,,,,,,,,,,,,,
https://,,,,,,,,,,,D1012LF,"D1012LF Saw Blade 10""x12Teeth - Laminate & Wood Flooring",,,,Freud Inc (2435),Freud Inc,Diablo,Diablo,D1012LF,,Tools & Equipment>Power Tool Accessories>Circular Saw Blades,"Freud Inc Diablo, saw blade, D1012LF, 10 in, 12",SAW BLADE 10IN 12,Diablo D1012LF saw blade With Laminate & Wood Flooring blade,"Diablo saw blade With Laminate & Wood Flooring blade, 10 in diameter, 12","saw blade, 10 in, 12","saw blade, 10 in, 12",Laminate & Wood Flooring blade,,,,,,,,,,,,,,,,,,,,With Laminate & Wood Flooring blade,,,Laminate & Wood Flooring,,,diameter,10,in,tooth count,12,,,,,,,,,,,,,,,,,,,,,,,,,,,,,,,,,,,,,,,,,,,,,,,,,,,,,,,,,,,,,,,,,,,,,,,,,,,,,,,,,,,,,,,,,,,,,,,,,,,,,,,,,,,,,,,,,,,,,,,,,,,,,,,,,,,,,,,,,,,,,,,,,,,,,27112706,,,,,,,,,,,,,,,,,,,,,,,,,,,,,,,,,,,,,,,,,,,
https://,,,,,,,,,,,D1216LF,"D1216LF Saw Blade 12""x16Teeth - Laminate & Wood Flooring",,,,Freud Inc (2435),Freud Inc,Diablo,Diablo,D1216LF,,Power Tool Accessories>Saw Blades>Circular Saw Blades,"Freud Inc Diablo, saw blade, D1216LF, 12 in, 16",SAW BLADE 12IN 16,Diablo D1216LF saw blade With Laminate & Wood Flooring blade,"Diablo saw blade With Laminate & Wood Flooring blade, 12 in diameter, 16","saw blade, 12 in, 16","saw blade, 12 in, 16",Laminate & Wood Flooring blade,,,,,,,,,,,,,,,,,,,,With Laminate & Wood Flooring blade,,,Laminate & Wood Flooring,,,diameter,12,in,tooth count,16,,,,,,,,,,,,,,,,,,,,,,,,,,,,,,,,,,,,,,,,,,,,,,,,,,,,,,,,,,,,,,,,,,,,,,,,,,,,,,,,,,,,,,,,,,,,,,,,,,,,,,,,,,,,,,,,,,,,,,,,,,,,,,,,,,,,,,,,,,,,,,,,,,,,,27112801,,,,,,,,,,,,,,,,,,,,,,,,,,,,,,,,,,,,,,,,,,,
https://,,,,,,,,,,,49-94-0048,"49-94-0048 Milwaukee 12""x7/64""x1"" Metal Cut Off Disc General Purpose",,,,Milwaukee Accessory (4031),Milwaukee Accessory,Milwaukee,Milwaukee,49-94-0048,,Tools & Equipment>Abrasives>Cut-Off Wheels,"Milwaukee Accessory Milwaukee, cut off disc, 49-94-0048, 12 in, 7/64 in, 1 in",CUT OFF DISC 12IN 7/64IN 1IN,Milwaukee 49-94-0048 cut off disc With General Purpose,"Milwaukee cut off disc With General Purpose, 12 in Diameter, 7/64 in Thickness, 1 in Arbor","cut off disc, 12 in, 7/64 in, 1 in","cut off disc, 12 in, 7/64 in, 1 in",General Purpose,,,,,,,,,,,,,,,,,,,,With General Purpose,,,Metal,,,Diameter,12,in,Thickness,7/64,in,Arbor,1,in,,,,,,,,,,,,,,,,,,,,,,,,,,,,,,,,,,,,,,,,,,,,,,,,,,,,,,,,,,,,,,,,,,,,,,,,,,,,,,,,,,,,,,,,,,,,,,,,,,,,,,,,,,,,,,,,,,,,,,,,,,,,,,,,,,,,,,,,,,,,,,,,,31191506,,,,,,,,,,,,,,,,,,,,,,,,,,,,,,,,,,,,,,,,,,,
https://,,,,,,,,,,,49-94-0063,"49-94-0063 Milwaukee 14""x7/64""x1"" Metal Cut Off Disc General Purpose",,,,Milwaukee Accessory (4031),Milwaukee Accessory,Milwaukee,Milwaukee,49-94-0063,,Tools & Equipment>Abrasives>Cut-Off Wheels,"Milwaukee Accessory Milwaukee, cut off disc, 49-94-0063, 14 in, 7/64 in, 1 in",CUT OFF DISC 14IN 7/64IN 1IN,Milwaukee 49-94-0063 cut off disc With General Purpose,"Milwaukee cut off disc With General Purpose, 14 in Diameter, 7/64 in Thickness, 1 in Arbor","cut off disc, 14 in, 7/64 in, 1 in","cut off disc, 14 in, 7/64 in, 1 in",General Purpose,,,,,,,,,,,,,,,,,,,,With General Purpose,,,Metal,,,Diameter,14,in,Thickness,7/64,in,Arbor,1,in,,,,,,,,,,,,,,,,,,,,,,,,,,,,,,,,,,,,,,,,,,,,,,,,,,,,,,,,,,,,,,,,,,,,,,,,,,,,,,,,,,,,,,,,,,,,,,,,,,,,,,,,,,,,,,,,,,,,,,,,,,,,,,,,,,,,,,,,,,,,,,,,,31191506,,,,,,,,,,,,,,,,,,,,,,,,,,,,,,,,,,,,,,,,,,,
https://,,,,,,,,,,,49-94-0101,"49-94-0101 Milwaukee 4-1/2""x.045""x7/8"" Perform+ Metal Cut Off Disc 10pc",,,,Milwaukee Accessory (4031),Milwaukee Accessory,Milwaukee,Milwaukee,49-94-0101,,Tools & Equipment>Abrasives>Cut-Off Wheels,"Milwaukee Accessory Milwaukee, cut off disc, Perform+, 49-94-0101",CUT OFF DISC 4-1/2IN .045IN 7/8IN,Milwaukee Perform+ 49-94-0101 cut off disc With 10pc,"Milwaukee cut off disc With 10pc, Perform+, 4-1/2 in Diameter, .045 in Thickness, 7/8 in Arbor","Perform+ cut off disc, 4-1/2 in, .045 in, 7/8 in","Perform+ cut off disc, 4-1/2 in, .045 in, 7/8 in",10pc,,,,,,,,,,,,,,,,,,,,With 10pc,,,Metal,,,Diameter,4-1/2,in,Thickness,.045,in,Arbor,7/8,in,,,,,,,,,,,,,,,,,,,,,,,,,,,,,,,,,,,,,,,,,,,,,,,,,,,,,,,,,,,,,,,,,,,,,,,,,,,,,,,,,,,,,,,,,,,,,,,,,,,,,,,,,,,,,,,,,,,,,,,,,,,,,,,,,,,,,,,,,,,,,,,,,31191506,,,,,,,,,,,,,,,,,,,,,,,,,,,,,,,,,,,,,,,,,,,
https://,,,,,,,,,,,49-94-1965,"49-94-1965 Milwaukee 7""x1/4""x7/8"" Masonry Grinding Wheel",,,,Milwaukee Accessory (4031),Milwaukee Accessory,Milwaukee,Milwaukee,49-94-1965,,Tools & Equipment>Power Tool Accessories>Abrasive Wheels,"Milwaukee Accessory Milwaukee, grinding wheel, 49-94-1965, 7 in, 1/4 in, 7/8 in",GRINDING WHEEL 7IN 1/4IN 7/8IN,Milwaukee 49-94-1965 grinding wheel With Masonry grinding wheel,"Milwaukee grinding wheel With Masonry grinding wheel, 7 in Diameter, 1/4 in Thickness, 7/8 in Arbor","grinding wheel, 7 in, 1/4 in, 7/8 in","grinding wheel, 7 in, 1/4 in, 7/8 in",Masonry grinding wheel,,,,,,,,,,,,,,,,,,,,With Masonry grinding wheel,,,Masonry,,,Diameter,7,in,Thickness,1/4,in,Arbor,7/8,in,,,,,,,,,,,,,,,,,,,,,,,,,,,,,,,,,,,,,,,,,,,,,,,,,,,,,,,,,,,,,,,,,,,,,,,,,,,,,,,,,,,,,,,,,,,,,,,,,,,,,,,,,,,,,,,,,,,,,,,,,,,,,,,,,,,,,,,,,,,,,,,,,31191500,,,,,,,,,,,,,,,,,,,,,,,,,,,,,,,,,,,,,,,,,,,
https://,,,,,,,,,,,49-94-0513,"49-94-0513 Milwaukee 5""x1/4""x7/8"" Metal Grinding Wheel",,,,Milwaukee Accessory (4031),Milwaukee Accessory,Milwaukee,Milwaukee,49-94-0513,,Tools & Equipment>Power Tool Accessories>Abrasive Wheels,"Milwaukee Accessory Milwaukee, grinding wheel, 49-94-0513, 5 in, 1/4 in, 7/8 in",GRINDING WHEEL 5IN 1/4IN 7/8IN,Milwaukee 49-94-0513 grinding wheel With Metal grinding wheel,"Milwaukee grinding wheel With Metal grinding wheel, 5 in Diameter, 1/4 in Thickness, 7/8 in Arbor","grinding wheel, 5 in, 1/4 in, 7/8 in","grinding wheel, 5 in, 1/4 in, 7/8 in",Metal grinding wheel,,,,,,,,,,,,,,,,,,,,With Metal grinding wheel,,,Metal,,,Diameter,5,in,Thickness,1/4,in,Arbor,7/8,in,,,,,,,,,,,,,,,,,,,,,,,,,,,,,,,,,,,,,,,,,,,,,,,,,,,,,,,,,,,,,,,,,,,,,,,,,,,,,,,,,,,,,,,,,,,,,,,,,,,,,,,,,,,,,,,,,,,,,,,,,,,,,,,,,,,,,,,,,,,,,,,,,31191500,,,,,,,,,,,,,,,,,,,,,,,,,,,,,,,,,,,,,,,,,,,
https://,,,,,,,,,,,49-94-0533,"49-94-0533 Milwaukee 7""x1/4""x7/8"" Metal Grinding Wheel",,,,Milwaukee Accessory (4031),Milwaukee Accessory,Milwaukee,Milwaukee,49-94-0533,,Tools & Equipment>Power Tool Accessories>Abrasive Wheels,"Milwaukee Accessory Milwaukee, grinding wheel, 49-94-0533, 7 in, 1/4 in, 7/8 in",GRINDING WHEEL 7IN 1/4IN 7/8IN,Milwaukee 49-94-0533 grinding wheel With Metal grinding wheel,"Milwaukee grinding wheel With Metal grinding wheel, 7 in Diameter, 1/4 in Thickness, 7/8 in Arbor","grinding wheel, 7 in, 1/4 in, 7/8 in","grinding wheel, 7 in, 1/4 in, 7/8 in",Metal grinding wheel,,,,,,,,,,,,,,,,,,,,With Metal grinding wheel,,,Metal,,,Diameter,7,in,Thickness,1/4,in,Arbor,7/8,in,,,,,,,,,,,,,,,,,,,,,,,,,,,,,,,,,,,,,,,,,,,,,,,,,,,,,,,,,,,,,,,,,,,,,,,,,,,,,,,,,,,,,,,,,,,,,,,,,,,,,,,,,,,,,,,,,,,,,,,,,,,,,,,,,,,,,,,,,,,,,,,,,31191500,,,,,,,,,,,,,,,,,,,,,,,,,,,,,,,,,,,,,,,,,,,
https://leviton.com,,,,,,,,,,,R02-D215P-1RW,R02D215P1RW 15A Mini Outlet Water Heater,,,Leviton,Leviton Mfg Co (4927),Leviton Mfg Co,Leviton,Leviton,R02-D215P-1RW,,Electrical>Wiring Devices>Electrical Receptacles,"Leviton Mfg Co Leviton, Outlet, R02-D215P-1RW, 15 A",OUTLET 15A,Leviton R02-D215P-1RW Outlet With Mini Outlet,"Leviton Outlet With Mini Outlet, 15 A Amperage Rating, Additional Information: R02D215P1RW",Outlet,Outlet,Mini Outlet,,,,,,,,,,,,,,,,,,,,With Mini Outlet,,,Water Heater,,,Amperage Rating,15,A,,,,,,,,,,,,,,,,,,,,,,,,,,,,,,,,,,,,,,,,,,,,,,,,,,,,,,,,,,,,,,,,,,,,,,,,,,,,,,,,,,,,,,,,,,,,,,,,,,,,,,,,,,,,,,,,,,,,,,,,,,,,,,,,,,,,,,,,,,,,,,,,,,,,,,,39121406,,,,,,,,,,,,,,,,,,,,,,,,,,,,,,,,,,,,,,,,,,,
https://leviton.com,,,,,,,,,,,R62-CBR15-00W,R62CBR1500W 15A Outlet Water Heater,,,Leviton,Leviton Mfg Co (4927),Leviton Mfg Co,Leviton,Leviton,R62-CBR15-00W,,Electrical>Wiring Devices>Electrical Receptacles,"Leviton Mfg Co Leviton, Outlet, R62-CBR15-00W, 15 A",OUTLET 15A,Leviton R62-CBR15-00W Outlet With Water heater outlet,"Leviton Outlet With Water heater outlet, 15 A Amperage Rating",Outlet,Outlet,Water heater outlet,,,,,,,,,,,,,,,,,,,,With Water heater outlet,,,Water Heater,,,Amperage Rating,15,A,,,,,,,,,,,,,,,,,,,,,,,,,,,,,,,,,,,,,,,,,,,,,,,,,,,,,,,,,,,,,,,,,,,,,,,,,,,,,,,,,,,,,,,,,,,,,,,,,,,,,,,,,,,,,,,,,,,,,,,,,,,,,,,,,,,,,,,,,,,,,,,,,,,,,,,39121406,,,,,,,,,,,,,,,,,,,,,,,,,,,,,,,,,,,,,,,,,,,
https://makita.com,,,,,,,,,,,XLC10ZW,XLC10ZW Makita 18V Cordless Vacuum (Bare),,,,Makita Usa Inc (5142),Makita Usa Inc,Makita,Makita,XLC10ZW,,Power Tools>Cordless Tools>Cordless Vacuums,"Makita Usa Inc Makita, Vacuum, XLC10ZW, 18 V",VACUUM 18V,Makita XLC10ZW Vacuum With Cordless,"Makita Vacuum With Cordless, 18 V Voltage Rating",Vacuum,Vacuum,Cordless,Bare tool,,,,,,,,,,,,,,,,,,,With Cordless,,,,,,Voltage Rating,18,V,,,,,,,,,,,,,,,,,,,,,,,,,,,,,,,,,,,,,,,,,,,,,,,,,,,,,,,,,,,,,,,,,,,,,,,,,,,,,,,,,,,,,,,,,,,,,,,,,,,,,,,,,,,,,,,,,,,,,,,,,,,,,,,,,,,,,,,,,,,,,,,,,,,,,,,27112803,,,,,,,,,,,,,,,,,,,,,,,,,,,,,,,,,,,,,,,,,,,
https://black.com,,,,,,,,,,,DCGG581GD1,DCGG581GD1 Dewalt 20V Grease Gun 2-Speed Kit,,,,Black & Decker/dewlt (2585),Black & Decker/dewlt,Dewalt,Dewalt,DCGG581GD1,,Tools & Equipment>Power Tools>Cordless Grease Guns,"Black & Decker/dewlt Dewalt, grease gun, DCGG581GD1, 20 V, 2",GREASE GUN 20V 2,Dewalt DCGG581GD1 grease gun With 2-Speed,"Dewalt grease gun With 2-Speed, 20 V Voltage Rating, 2, Additional Information: DCGG581GD1 Dewalt 20V Grease Gun 2-Speed Kit","grease gun, 2","grease gun, 2",2-Speed,,,,,,,,,,,,,,,,,,,,With 2-Speed,,,,Kit,,Voltage Rating,20,V,Speed,2,,,,,,,,,,,,,,,,,,,,,,,,,,,,,,,,,,,,,,,,,,,,,,,,,,,,,,,,,,,,,,,,,,,,,,,,,,,,,,,,,,,,,,,,,,,,,,,,,,,,,,,,,,,,,,,,,,,,,,,,,,,,,,,,,,,,,,,,,,,,,,,,,,,,,27112201,,,,,,,,,,,,,,,,,,,,,,,,,,,,,,,,,,,,,,,,,,,
https://black.com,,,,,,,,,,,DCLE34031B,DCLE34031B Dewalt Line Laser - 20V Self-Leveling (Bare),,,DEWALT,Black & Decker/dewlt (2585),Black & Decker/dewlt,Dewalt,Dewalt,DCLE34031B,,Tools & Equipment>Measuring & Layout>Laser Levels,"Black & Decker/dewlt Dewalt, line laser, DCLE34031B, 20 V",LINE LASER 20V,Dewalt DCLE34031B line laser With Self-Leveling,"Dewalt line laser With Self-Leveling, 20 V Voltage Rating, Additional Information: DCLE34031B Dewalt Line Laser - 20V Self-Leveling (Bare)",line laser,line laser,Self-Leveling,,,,,,,,,,,,,,,,,,,,With Self-Leveling,,,,Bare,,Voltage Rating,20,V,,,,,,,,,,,,,,,,,,,,,,,,,,,,,,,,,,,,,,,,,,,,,,,,,,,,,,,,,,,,,,,,,,,,,,,,,,,,,,,,,,,,,,,,,,,,,,,,,,,,,,,,,,,,,,,,,,,,,,,,,,,,,,,,,,,,,,,,,,,,,,,,,,,,,,,41113904,,,,,,,,,,,,,,,,,,,,,,,,,,,,,,,,,,,,,,,,,,,
https://makita.com,,,,,,,,,,,XNB07Z,XNB07Z Makita 18V LXT BL 30 Nailer (Bare),,,,Makita Usa Inc (5142),Makita Usa Inc,Makita,Makita,XNB07Z,,Tools & Equipment>Power Tools>Pneumatic & Cordless Nailers,"Makita Usa Inc Makita, Nailer, LXT BL, XNB07Z, 18 V",NAILER 18V,Makita LXT BL XNB07Z Nailer With 30 Nailer,"Makita Nailer With 30 Nailer, LXT BL, 18 V Voltage Rating",LXT BL Nailer,LXT BL Nailer,30 Nailer,Bare,,,,,,,,,,,,,,,,,,,With 30 Nailer,,,,,,Voltage Rating,18,V,,,,,,,,,,,,,,,,,,,,,,,,,,,,,,,,,,,,,,,,,,,,,,,,,,,,,,,,,,,,,,,,,,,,,,,,,,,,,,,,,,,,,,,,,,,,,,,,,,,,,,,,,,,,,,,,,,,,,,,,,,,,,,,,,,,,,,,,,,,,,,,,,,,,,,,27111902,,,,,,,,,,,,,,,,,,,,,,,,,,,,,,,,,,,,,,,,,,,
https://black.com,,,,,,,,,,,DCG422B,DCG422B Dewalt 20V Right Angle Die Grinder (Bare),,,,Black & Decker/dewlt (2585),Black & Decker/dewlt,Dewalt,Dewalt,DCG422B,,Tools & Equipment>Power Tools>Die Grinders,"Black & Decker/dewlt Dewalt, die grinder, DCG422B, 20 V",DIE GRINDER 20V,Dewalt DCG422B die grinder With Right Angle,"Dewalt die grinder With Right Angle, 20 V Voltage Rating",die grinder,die grinder,Right Angle,Bare,,,,,,,,,,,,,,,,,,,With Right Angle,,,,,,Voltage Rating,20,V,,,,,,,,,,,,,,,,,,,,,,,,,,,,,,,,,,,,,,,,,,,,,,,,,,,,,,,,,,,,,,,,,,,,,,,,,,,,,,,,,,,,,,,,,,,,,,,,,,,,,,,,,,,,,,,,,,,,,,,,,,,,,,,,,,,,,,,,,,,,,,,,,,,,,,,27112707,,,,,,,,,,,,,,,,,,,,,,,,,,,,,,,,,,,,,,,,,,,
https://,,,,,,,,,,,924422,924422 Mafell Carpentry - Planing Machine ZH 320 Ec 120V,,,,,Mafell,Mafell,Mafell,924422,,Tools & Equipment>Power Tools>Planers,"Mafell, planing machine, ZH 320 Ec, 924422, 120 V",PLANING MACHINE 120V,Mafell ZH 320 Ec 924422 planing machine With Carpentry,"Mafell planing machine With Carpentry, ZH 320 Ec, 120 V Voltage Rating",ZH 320 Ec planing machine,ZH 320 Ec planing machine,Carpentry,,,,,,,,,,,,,,,,,,,,With Carpentry,,,Carpentry,,,Voltage Rating,120,V,,,,,,,,,,,,,,,,,,,,,,,,,,,,,,,,,,,,,,,,,,,,,,,,,,,,,,,,,,,,,,,,,,,,,,,,,,,,,,,,,,,,,,,,,,,,,,,,,,,,,,,,,,,,,,,,,,,,,,,,,,,,,,,,,,,,,,,,,,,,,,,,,,,,,,,27112703,,,,,,,,,,,,,,,,,,,,,,,,,,,,,,,,,,,,,,,,,,,
https://mirka.com,,,,,,,,,,,9A-129-120,9A-129-120 Abranet 3x4 - 50 Sheets/Box,,,,Mirka Abrasives Inc (MIRUS),Mirka Abrasives Inc,Mirka,Mirka,9A-129-120,,Hardware>Abrasives>Sanding Sheets,"Mirka Abrasives Inc Mirka, sanding sheets, Abranet, 9A-129-120",SANDING SHEETS 3X4IN 9A,"Mirka Abranet 9A-129-120 sanding sheets With 50 Sheets/Box, 3x4 in","Mirka sanding sheets With 50 Sheets/Box, Abranet, 3x4 in Size, 9 A Amperage Rating","Abranet sanding sheets, 3x4 in","Abranet sanding sheets, 3x4 in",50 Sheets/Box,,,,,,,,,,,,,,,,,,,,With 50 Sheets/Box,,,,50 Sheets/Box,,Size,3x4,in,Amperage Rating,9,A,,,,,,,,,,,,,,,,,,,,,,,,,,,,,,,,,,,,,,,,,,,,,,,,,,,,,,,,,,,,,,,,,,,,,,,,,,,,,,,,,,,,,,,,,,,,,,,,,,,,,,,,,,,,,,,,,,,,,,,,,,,,,,,,,,,,,,,,,,,,,,,,,,,,31191500,,,,,,,,,,,,,,,,,,,,,,,,,,,,,,,,,,,,,,,,,,,
https://kichler.com,,,,,,,,,,,52476AVI,52476AVI Kichler Pendant Lt,,,,Kichler Lighting (KICLI),Kichler Lighting,Kichler,Kichler,52476AVI,,Lighting & Fans>Indoor Lighting>Pendant Lighting,"Kichler Lighting Kichler, Pendant Light, 52476AVI, 52476AVI",PENDANT LIGHT 52476AVI,Kichler 52476AVI Pendant Light,"Kichler Pendant Light, 52476AVI","Pendant Light, 52476AVI","Pendant Light, 52476AVI",,,,,,,,,,,,,,,,,,,,,,,,Indoor Lighting,,,model number,52476AVI,,,,,,,,,,,,,,,,,,,,,,,,,,,,,,,,,,,,,,,,,,,,,,,,,,,,,,,,,,,,,,,,,,,,,,,,,,,,,,,,,,,,,,,,,,,,,,,,,,,,,,,,,,,,,,,,,,,,,,,,,,,,,,,,,,,,,,,,,,,,,,,,,,,,,,,,39111500,,,,,,,,,,,,,,,,,,,,,,,,,,,,,,,,,,,,,,,,,,,
https://kichler.com,,,,,,,,,,,42199BK,42199BK Kichler Pendant Lt,,,,Kichler Lighting (KICLI),Kichler Lighting,Kichler,Kichler,42199BK,,Lighting & Fans>Indoor Lighting>Pendant Lighting,"Kichler Lighting Kichler, Pendant Light, 42199BK, 42199BK",PENDANT LIGHT 42199BK,Kichler 42199BK Pendant Light,"Kichler Pendant Light, 42199BK","Pendant Light, 42199BK","Pendant Light, 42199BK",,,,,,,,,,,,,,,,,,,,,,,,Indoor Lighting,,,model number,42199BK,,,,,,,,,,,,,,,,,,,,,,,,,,,,,,,,,,,,,,,,,,,,,,,,,,,,,,,,,,,,,,,,,,,,,,,,,,,,,,,,,,,,,,,,,,,,,,,,,,,,,,,,,,,,,,,,,,,,,,,,,,,,,,,,,,,,,,,,,,,,,,,,,,,,,,,,39111500,,,,,,,,,,,,,,,,,,,,,,,,,,,,,,,,,,,,,,,,,,,
https://kichler.com,,,,,,,,,,,42199BKCS,42199BKCS Kichler Pendant Lt,,,,Kichler Lighting (KICLI),Kichler Lighting,Kichler,Kichler,42199BKCS,,Lighting & Fans>Indoor Lighting>Pendant Lighting,"Kichler Lighting Kichler, Pendant Light, 42199BKCS, 42199BKCS",PENDANT LIGHT 42199BKCS,Kichler 42199BKCS Pendant Light,"Kichler Pendant Light, 42199BKCS","Pendant Light, 42199BKCS","Pendant Light, 42199BKCS",,,,,,,,,,,,,,,,,,,,,,,,Indoor Lighting,,,model number,42199BKCS,,,,,,,,,,,,,,,,,,,,,,,,,,,,,,,,,,,,,,,,,,,,,,,,,,,,,,,,,,,,,,,,,,,,,,,,,,,,,,,,,,,,,,,,,,,,,,,,,,,,,,,,,,,,,,,,,,,,,,,,,,,,,,,,,,,,,,,,,,,,,,,,,,,,,,,,39111500,,,,,,,,,,,,,,,,,,,,,,,,,,,,,,,,,,,,,,,,,,,
https://kichler.com,,,,,,,,,,,42200BK,42200BK Kichler Pendant Lt,,,,Kichler Lighting (KICLI),Kichler Lighting,Kichler,Kichler,42200BK,,Lighting & Fans>Indoor Lighting>Pendant Lighting,"Kichler Lighting Kichler, Pendant Light, 42200BK, 42200BK",PENDANT LIGHT 42200BK,Kichler 42200BK Pendant Light,"Kichler Pendant Light, 42200BK","Pendant Light, 42200BK","Pendant Light, 42200BK",,,,,,,,,,,,,,,,,,,,,,,,Indoor Lighting,,,model number,42200BK,,,,,,,,,,,,,,,,,,,,,,,,,,,,,,,,,,,,,,,,,,,,,,,,,,,,,,,,,,,,,,,,,,,,,,,,,,,,,,,,,,,,,,,,,,,,,,,,,,,,,,,,,,,,,,,,,,,,,,,,,,,,,,,,,,,,,,,,,,,,,,,,,,,,,,,,39111500,,,,,,,,,,,,,,,,,,,,,,,,,,,,,,,,,,,,,,,,,,,
https://kichler.com,,,,,,,,,,,42200BKCS,42200BKCS Kichler Pendant Lt,,,,Kichler Lighting (KICLI),Kichler Lighting,Kichler,Kichler,42200BKCS,,Lighting & Fans>Indoor Lighting>Pendant Lighting,"Kichler Lighting Kichler, Pendant Light, 42200BKCS, 42200BKCS",PENDANT LIGHT 42200BKCS,Kichler 42200BKCS Pendant Light,"Kichler Pendant Light, 42200BKCS","Pendant Light, 42200BKCS","Pendant Light, 42200BKCS",,,,,,,,,,,,,,,,,,,,,,,,Indoor Lighting,,,model number,42200BKCS,,,,,,,,,,,,,,,,,,,,,,,,,,,,,,,,,,,,,,,,,,,,,,,,,,,,,,,,,,,,,,,,,,,,,,,,,,,,,,,,,,,,,,,,,,,,,,,,,,,,,,,,,,,,,,,,,,,,,,,,,,,,,,,,,,,,,,,,,,,,,,,,,,,,,,,,39111500,,,,,,,,,,,,,,,,,,,,,,,,,,,,,,,,,,,,,,,,,,,
https://kichler.com,,,,,,,,,,,43851BK,43851BK Kichler Pendant Lt,,,,Kichler Lighting (KICLI),Kichler Lighting,Kichler,Kichler,43851BK,,Lighting & Fans>Indoor Lighting>Pendant Lighting,"Kichler Lighting Kichler, Pendant Light, 43851BK, 43851BK",PENDANT LIGHT 43851BK,Kichler 43851BK Pendant Light,"Kichler Pendant Light, 43851BK","Pendant Light, 43851BK","Pendant Light, 43851BK",,,,,,,,,,,,,,,,,,,,,,,,Indoor Lighting,,,model number,43851BK,,,,,,,,,,,,,,,,,,,,,,,,,,,,,,,,,,,,,,,,,,,,,,,,,,,,,,,,,,,,,,,,,,,,,,,,,,,,,,,,,,,,,,,,,,,,,,,,,,,,,,,,,,,,,,,,,,,,,,,,,,,,,,,,,,,,,,,,,,,,,,,,,,,,,,,,39111500,,,,,,,,,,,,,,,,,,,,,,,,,,,,,,,,,,,,,,,,,,,
https://appliance.com,https://www.appliance.com/search?q=DF7004WE,,,,,,,,,,DF7004WE,DF7004WE Speed Queen Elect Dryer Water Heater,,,,Appliance Dealers Cooperative (APPDE),Appliance Dealers Cooperative,Speed Queen,Speed Queen,DF7004WE,,Appliances & Consumer Electronics>Laundry Appliances>Clothes Dryers,"Appliance Dealers Cooperative Speed Queen, dryer, DF7004WE, DF7004WE, Elect Dryer",DRYER DF7004WE ELECTDRYER,Speed Queen DF7004WE dryer With Water Heater,"Speed Queen dryer With Water Heater, DF7004WE, Elect Dryer","dryer, DF7004WE, Elect Dryer","dryer, DF7004WE, Elect Dryer",Water Heater,,,,,,,,,,,,,,,,,,,,With Water Heater,,,,,,Model Number,DF7004WE,,Type,Elect Dryer,,,,,,,,,,,,,,,,,,,,,,,,,,,,,,,,,,,,,,,,,,,,,,,,,,,,,,,,,,,,,,,,,,,,,,,,,,,,,,,,,,,,,,,,,,,,,,,,,,,,,,,,,,,,,,,,,,,,,,,,,,,,,,,,,,,,,,,,,,,,,,,,,,,,,42172203,,,,,,,,,,,,,,,,,,,,,,,,,,,,,,,,,,,,,,,,,,,
https://appliance.com,https://www.appliance.com/search?q=DV2000WE,,,,,,,,,,DV2000WE,DV2000WE SQ Elect Dryer Water Heater,,,,Appliance Dealers Cooperative (APPDE),Appliance Dealers Cooperative,SQ,SQ,DV2000WE,,Appliances & Consumer Electronics>Laundry Appliances>Electric Dryers,"Appliance Dealers Cooperative SQ, dryer, DV2000WE, DV2000WE, Elect Dryer",DRYER DV2000WE ELECTDRYER,SQ DV2000WE dryer With Water Heater,"SQ dryer With Water Heater, DV2000WE, Elect Dryer","dryer, DV2000WE, Elect Dryer","dryer, DV2000WE, Elect Dryer",Water Heater,,,,,,,,,,,,,,,,,,,,With Water Heater,,,,,,Model Number,DV2000WE,,Type,Elect Dryer,,,,,,,,,,,,,,,,,,,,,,,,,,,,,,,,,,,,,,,,,,,,,,,,,,,,,,,,,,,,,,,,,,,,,,,,,,,,,,,,,,,,,,,,,,,,,,,,,,,,,,,,,,,,,,,,,,,,,,,,,,,,,,,,,,,,,,,,,,,,,,,,,,,,,52141505,,,,,,,,,,,,,,,,,,,,,,,,,,,,,,,,,,,,,,,,,,,
https://appliance.com,https://www.appliance.com/search?q=DC5004WE,,,,,,,,,,DC5004WE,DC5004WE SQ Elect Dryer Water Heater,,,,Appliance Dealers Cooperative (APPDE),Appliance Dealers Cooperative,SQ,SQ,DC5004WE,,Appliances & Consumer Electronics>Laundry Appliances>Electric Dryers,"Appliance Dealers Cooperative SQ, dryer, DC5004WE, DC5004WE, Elect Dryer",DRYER DC5004WE ELECTDRYER,SQ DC5004WE dryer With Water Heater,"SQ dryer With Water Heater, DC5004WE, Elect Dryer","dryer, DC5004WE, Elect Dryer","dryer, DC5004WE, Elect Dryer",Water Heater,,,,,,,,,,,,,,,,,,,,With Water Heater,,,,,,Model Number,DC5004WE,,Type,Elect Dryer,,,,,,,,,,,,,,,,,,,,,,,,,,,,,,,,,,,,,,,,,,,,,,,,,,,,,,,,,,,,,,,,,,,,,,,,,,,,,,,,,,,,,,,,,,,,,,,,,,,,,,,,,,,,,,,,,,,,,,,,,,,,,,,,,,,,,,,,,,,,,,,,,,,,,52141505,,,,,,,,,,,,,,,,,,,,,,,,,,,,,,,,,,,,,,,,,,,
https://appliance.com,https://www.appliance.com/search?q=FF7011WN,,,,,,,,,,FF7011WN,FF7011WN Speed Queen Washer Water Heater,,,,Appliance Dealers Cooperative (APPDE),Appliance Dealers Cooperative,Speed Queen,Speed Queen,FF7011WN,,Appliances & Consumer Electronics>Laundry Appliances>Washing Machines,"Appliance Dealers Cooperative Speed Queen, washer, FF7011WN, FF7011WN",WASHER FF7011WN,Speed Queen FF7011WN washer With Water Heater,"Speed Queen washer With Water Heater, FF7011WN","washer, FF7011WN","washer, FF7011WN",Water Heater,,,,,,,,,,,,,,,,,,,,With Water Heater,,,,,,Model Number,FF7011WN,,,,,,,,,,,,,,,,,,,,,,,,,,,,,,,,,,,,,,,,,,,,,,,,,,,,,,,,,,,,,,,,,,,,,,,,,,,,,,,,,,,,,,,,,,,,,,,,,,,,,,,,,,,,,,,,,,,,,,,,,,,,,,,,,,,,,,,,,,,,,,,,,,,,,,,,52141503,,,,,,,,,,,,,,,,,,,,,,,,,,,,,,,,,,,,,,,,,,,
https://appliance.com,https://www.appliance.com/search?q=PTD70GBPTDG,,,,,,,,,,PTD70GBPTDG,PTD70GBPTDG GE Gas Dryer DG,,,,Appliance Dealers Cooperative (APPDE),Appliance Dealers Cooperative,GE,GE,PTD70GBPTDG,,Appliances & Consumer Electronics>Laundry Appliances>Gas Dryers,"Appliance Dealers Cooperative GE, gas dryer, PTD70GBPTDG, PTD70GBPTDG",GAS DRYER PTD70GBPTDG,GE PTD70GBPTDG gas dryer With DG,"GE gas dryer With DG, PTD70GBPTDG","gas dryer, PTD70GBPTDG","gas dryer, PTD70GBPTDG",DG,,,,,,,,,,,,,,,,,,,,With DG,,,,,,Model Number,PTD70GBPTDG,,,,,,,,,,,,,,,,,,,,,,,,,,,,,,,,,,,,,,,,,,,,,,,,,,,,,,,,,,,,,,,,,,,,,,,,,,,,,,,,,,,,,,,,,,,,,,,,,,,,,,,,,,,,,,,,,,,,,,,,,,,,,,,,,,,,,,,,,,,,,,,,,,,,,,,,52141505,,,,,,,,,,,,,,,,,,,,,,,,,,,,,,,,,,,,,,,,,,,
https://appliance.com,https://www.appliance.com/search?q=PTD70GBSTWS,,,,,,,,,,PTD70GBSTWS,PTD70GBSTWS GE Gas Dryer Water Heater,,,,Appliance Dealers Cooperative (APPDE),Appliance Dealers Cooperative,GE,GE,PTD70GBSTWS,,Appliances & Consumer Electronics>Laundry Appliances>Gas Dryers,"Appliance Dealers Cooperative GE, gas dryer, PTD70GBSTWS, PTD70GBSTWS",GAS DRYER PTD70GBSTWS,GE PTD70GBSTWS gas dryer With Water Heater,"GE gas dryer With Water Heater, PTD70GBSTWS","gas dryer, PTD70GBSTWS","gas dryer, PTD70GBSTWS",Water Heater,,,,,,,,,,,,,,,,,,,,With Water Heater,,,,,,Model Number,PTD70GBSTWS,,,,,,,,,,,,,,,,,,,,,,,,,,,,,,,,,,,,,,,,,,,,,,,,,,,,,,,,,,,,,,,,,,,,,,,,,,,,,,,,,,,,,,,,,,,,,,,,,,,,,,,,,,,,,,,,,,,,,,,,,,,,,,,,,,,,,,,,,,,,,,,,,,,,,,,,52141505,,,,,,,,,,,,,,,,,,,,,,,,,,,,,,,,,,,,,,,,,,,
https://appliance.com,https://www.appliance.com/search?q=DR5004WG,,,,,,,,,,DR5004WG,DR5004WG SQ Gas Dryer Water Heater,,,,Appliance Dealers Cooperative (APPDE),Appliance Dealers Cooperative,SQ,SQ,DR5004WG,,Appliances & Consumer Electronics>Laundry Appliances>Gas Dryers,"Appliance Dealers Cooperative SQ, gas dryer, DR5004WG, DR5004WG",GAS DRYER DR5004WG,SQ DR5004WG gas dryer With Water Heater,"SQ gas dryer With Water Heater, DR5004WG","gas dryer, DR5004WG","gas dryer, DR5004WG",Water Heater,,,,,,,,,,,,,,,,,,,,With Water Heater,,,,,,Model Number,DR5004WG,,,,,,,,,,,,,,,,,,,,,,,,,,,,,,,,,,,,,,,,,,,,,,,,,,,,,,,,,,,,,,,,,,,,,,,,,,,,,,,,,,,,,,,,,,,,,,,,,,,,,,,,,,,,,,,,,,,,,,,,,,,,,,,,,,,,,,,,,,,,,,,,,,,,,,,,52141505,,,,,,,,,,,,,,,,,,,,,,,,,,,,,,,,,,,,,,,,,,,
https://appliance.com,https://www.appliance.com/search?q=DR7004BG,,,,,,,,,,DR7004BG,DR7004BG SQ Gas Dryer Black,,,,Appliance Dealers Cooperative (APPDE),Appliance Dealers Cooperative,SQ,SQ,DR7004BG,,Appliances & Consumer Electronics>Laundry Appliances>Gas Dryers,"Appliance Dealers Cooperative SQ, gas dryer, DR7004BG, DR7004BG",GAS DRYER DR7004BG,SQ DR7004BG gas dryer With Black,"SQ gas dryer With Black, DR7004BG","gas dryer, DR7004BG","gas dryer, DR7004BG",Black,,,,,,,,,,,,,,,,,,,,With Black,,,,,,Model Number,DR7004BG,,,,,,,,,,,,,,,,,,,,,,,,,,,,,,,,,,,,,,,,,,,,,,,,,,,,,,,,,,,,,,,,,,,,,,,,,,,,,,,,,,,,,,,,,,,,,,,,,,,,,,,,,,,,,,,,,,,,,,,,,,,,,,,,,,,,,,,,,,,,,,,,,,,,,,,,52141505,,,,,,,,,,,,,,,,,,,,,,,,,,,,,,,,,,,,,,,,,,,
https://appliance.com,https://www.appliance.com/search?q=DR7004WG,,,,,,,,,,DR7004WG,DR7004WG SQ Gas Dryer Water Heater,,,,Appliance Dealers Cooperative (APPDE),Appliance Dealers Cooperative,SQ,SQ,DR7004WG,,Appliances & Consumer Electronics>Laundry Appliances>Gas Dryers,"Appliance Dealers Cooperative SQ, gas dryer, DR7004WG, DR7004WG",GAS DRYER DR7004WG,SQ DR7004WG gas dryer With Water Heater,"SQ gas dryer With Water Heater, DR7004WG","gas dryer, DR7004WG","gas dryer, DR7004WG",Water Heater,,,,,,,,,,,,,,,,,,,,With Water Heater,,,,,,Model Number,DR7004WG,,,,,,,,,,,,,,,,,,,,,,,,,,,,,,,,,,,,,,,,,,,,,,,,,,,,,,,,,,,,,,,,,,,,,,,,,,,,,,,,,,,,,,,,,,,,,,,,,,,,,,,,,,,,,,,,,,,,,,,,,,,,,,,,,,,,,,,,,,,,,,,,,,,,,,,,52141505,,,,,,,,,,,,,,,,,,,,,,,,,,,,,,,,,,,,,,,,,,,
https://appliance.com,https://www.appliance.com/search?q=DV2000WG,,,,,,,,,,DV2000WG,DV2000WG SQ Gas Dryer Water Heater,,,,Appliance Dealers Cooperative (APPDE),Appliance Dealers Cooperative,SQ,SQ,DV2000WG,,Appliances & Consumer Electronics>Laundry Appliances>Gas Dryers,"Appliance Dealers Cooperative SQ, gas dryer, DV2000WG, DV2000WG",GAS DRYER DV2000WG,SQ DV2000WG gas dryer With Water Heater,"SQ gas dryer With Water Heater, DV2000WG","gas dryer, DV2000WG","gas dryer, DV2000WG",Water Heater,,,,,,,,,,,,,,,,,,,,With Water Heater,,,,,,Model Number,DV2000WG,,,,,,,,,,,,,,,,,,,,,,,,,,,,,,,,,,,,,,,,,,,,,,,,,,,,,,,,,,,,,,,,,,,,,,,,,,,,,,,,,,,,,,,,,,,,,,,,,,,,,,,,,,,,,,,,,,,,,,,,,,,,,,,,,,,,,,,,,,,,,,,,,,,,,,,,52141505,,,,,,,,,,,,,,,,,,,,,,,,,,,,,,,,,,,,,,,,,,,
https://appliance.com,https://www.appliance.com/search?q=DC5004WG,,,,,,,,,,DC5004WG,DC5004WG SQ Gas Dryer Water Heater,,,,Appliance Dealers Cooperative (APPDE),Appliance Dealers Cooperative,SQ,SQ,DC5004WG,,Appliances & Consumer Electronics>Laundry Appliances>Gas Dryers,"Appliance Dealers Cooperative SQ, gas dryer, DC5004WG, DC5004WG",GAS DRYER DC5004WG,SQ DC5004WG gas dryer With Water Heater,"SQ gas dryer With Water Heater, DC5004WG","gas dryer, DC5004WG","gas dryer, DC5004WG",Water Heater,,,,,,,,,,,,,,,,,,,,With Water Heater,,,,,,Model Number,DC5004WG,,,,,,,,,,,,,,,,,,,,,,,,,,,,,,,,,,,,,,,,,,,,,,,,,,,,,,,,,,,,,,,,,,,,,,,,,,,,,,,,,,,,,,,,,,,,,,,,,,,,,,,,,,,,,,,,,,,,,,,,,,,,,,,,,,,,,,,,,,,,,,,,,,,,,,,,52141505,,,,,,,,,,,,,,,,,,,,,,,,,,,,,,,,,,,,,,,,,,,
https://appliance.com,https://www.appliance.com/search?q=DC5004BG,,,,,,,,,,DC5004BG,DC5004BG SQ Gas Dryer Black,,,,Appliance Dealers Cooperative (APPDE),Appliance Dealers Cooperative,Speed Queen,Speed Queen,DC5004BG,,Appliances & Consumer Electronics>Laundry Appliances>Gas Dryers,"Appliance Dealers Cooperative Speed Queen, Gas Dryer, SQ, DC5004BG",GAS DRYER DC5004BG BLACK,"Speed Queen SQ DC5004BG Gas Dryer With Gas Dryer, Black","Speed Queen Gas Dryer With Gas Dryer, SQ, DC5004BG, Black","SQ Gas Dryer, DC5004BG, Black","SQ Gas Dryer, DC5004BG, Black",Gas Dryer,,,,,,,,,,,,,,,,,,,,With Gas Dryer,,,,,,Model Number,DC5004BG,,Color,Black,,,,,,,,,,,,,,,,,,,,,,,,,,,,,,,,,,,,,,,,,,,,,,,,,,,,,,,,,,,,,,,,,,,,,,,,,,,,,,,,,,,,,,,,,,,,,,,,,,,,,,,,,,,,,,,,,,,,,,,,,,,,,,,,,,,,,,,,,,,,,,,,,,,,,52141505,,,,,,,,,,,,,,,,,,,,,,,,,,,,,,,,,,,,,,,,,,,
https://appliance.com,https://www.appliance.com/search?q=TV2000WN,,,,,,,,,,TV2000WN,TV2000WN SQ Elect Washer,,,,Appliance Dealers Cooperative (APPDE),Appliance Dealers Cooperative,Speed Queen,Speed Queen,TV2000WN,,Appliances & Consumer Electronics>Laundry Appliances>Washing Machines,"Appliance Dealers Cooperative Speed Queen, Washer, SQ, TV2000WN",WASHER TV2000WN ELECTWASHER,Speed Queen SQ TV2000WN Washer With Electric Washer,"Speed Queen Washer With Electric Washer, SQ, TV2000WN, Elect Washer","SQ Washer, TV2000WN, Elect Washer","SQ Washer, TV2000WN, Elect Washer",Electric Washer,,,,,,,,,,,,,,,,,,,,With Electric Washer,,,,,,Model Number,TV2000WN,,Type,Elect Washer,,,,,,,,,,,,,,,,,,,,,,,,,,,,,,,,,,,,,,,,,,,,,,,,,,,,,,,,,,,,,,,,,,,,,,,,,,,,,,,,,,,,,,,,,,,,,,,,,,,,,,,,,,,,,,,,,,,,,,,,,,,,,,,,,,,,,,,,,,,,,,,,,,,,,52141503,,,,,,,,,,,,,,,,,,,,,,,,,,,,,,,,,,,,,,,,,,,
https://,,,,,,,,,,,2733,3'x65' Henry Eaveguard - Ice Guard,,,,Palmer Donavin Mfg Company (PALDO),Palmer Donavin Mfg Company,Henry,Henry,2733,,Building Materials>Roofing & Siding>Roofing Underlayment,"Palmer Donavin Mfg Company Henry, roofing underlayment, Eaveguard, 2733",ROOFING UNDERLAYMENT 3X65',Henry Eaveguard 2733 roofing underlayment With Ice Guard,"Henry roofing underlayment With Ice Guard, Eaveguard, 3x65 ' dimensions","Eaveguard roofing underlayment, 3x65 '","Eaveguard roofing underlayment, 3x65 '",Ice Guard,,,,,,,,,,,,,,,,,,,,With Ice Guard,,,,,,dimensions,3x65,',,,,,,,,,,,,,,,,,,,,,,,,,,,,,,,,,,,,,,,,,,,,,,,,,,,,,,,,,,,,,,,,,,,,,,,,,,,,,,,,,,,,,,,,,,,,,,,,,,,,,,,,,,,,,,,,,,,,,,,,,,,,,,,,,,,,,,,,,,,,,,,,,,,,,,,30151505,,,,,,,,,,,,,,,,,,,,,,,,,,,,,,,,,,,,,,,,,,,
https://acg.com,,,,,,,,,,,NEB-FLT-1021,NEBFLT1021 Slyde King FlashLt,,,,ACG Brands (1154),ACG Brands,NEBO,NEBO,NEB-FLT-1021,,Tools & Hardware>Lighting & Electrical>Flashlights,"ACG Brands NEBO, Flashlight, Slyde King, NEB-FLT-1021, NEBFLT1021",FLASHLIGHT NEBFLT1021,NEBO Slyde King NEB-FLT-1021 Flashlight With Slyde King flashlight,"NEBO Flashlight With Slyde King flashlight, Slyde King, NEBFLT1021","Slyde King Flashlight, NEBFLT1021","Slyde King Flashlight, NEBFLT1021",Slyde King flashlight,,,,,,,,,,,,,,,,,,,,With Slyde King flashlight,,,,,,Model Number,NEBFLT1021,,,,,,,,,,,,,,,,,,,,,,,,,,,,,,,,,,,,,,,,,,,,,,,,,,,,,,,,,,,,,,,,,,,,,,,,,,,,,,,,,,,,,,,,,,,,,,,,,,,,,,,,,,,,,,,,,,,,,,,,,,,,,,,,,,,,,,,,,,,,,,,,,,,,,,,,39111609,,,,,,,,,,,,,,,,,,,,,,,,,,,,,,,,,,,,,,,,,,,
https://,,,,,,,,,,,96263-46-06,96263-46-06 CAT5E Wire (Linear Foot),,,,Woods Wire Southwire (7579),Woods Wire Southwire,Woods Wire Southwire,,96263-46-06,,Electrical>Networking & Datacom>Data Cables,"Woods Wire Southwire, Wire, CAT5E, 96263-46-06, 96263-46-06",WIRE 96263-46-06,Woods Wire Southwire CAT5E 96263-46-06 Wire With CAT5E,"Woods Wire Southwire Wire With CAT5E, CAT5E, 96263-46-06, Additional Information: Sold by the linear foot.","CAT5E Wire, 96263-46-06","CAT5E Wire, 96263-46-06",CAT5E,,,,,,,,,,,,,,,,,,,,With CAT5E,,,Networking,,,Part number,96263-46-06,,,,,,,,,,,,,,,,,,,,,,,,,,,,,,,,,,,,,,,,,,,,,,,,,,,,,,,,,,,,,,,,,,,,,,,,,,,,,,,,,,,,,,,,,,,,,,,,,,,,,,,,,,,,,,,,,,,,,,,,,,,,,,,,,,,,,,,,,,,,,,,,,,,,,,,,26121609,,,,,,,,,,,,,,,,,,,,,,,,,,,,,,,,,,,,,,,,,,,
https://southwire.com,,,,,,,,,,,2/2/4 UD ALUM,2/2/4 UD Aluminum Triplex Wire (Linear Foot),,,,Southwire/g Turner (6603),Southwire/g Turner,Southwire/g Turner,,2/2/4 UD ALUM,,Electrical>Building Wire>Underground Distribution Wire,"Southwire/g Turner, Wire, 2/2/4 UD ALUM, 2/2/4, Aluminum",WIRE 2/2/4 ALUMINUM,"Southwire/g Turner 2/2/4 UD ALUM Wire With UD Triplex, Aluminum","Southwire/g Turner Wire With UD Triplex, 2/2/4, Aluminum, Additional Information: Sold by the linear foot.","Wire, 2/2/4, Aluminum","Wire, 2/2/4, Aluminum",UD Triplex,,,,,,,,,,,,,,,,,,,,With UD Triplex,,,Underground Distribution,,,Configuration,2/2/4,,Material,Aluminum,,,,,,,,,,,,,,,,,,,,,,,,,,,,,,,,,,,,,,,,,,,,,,,,,,,,,,,,,,,,,,,,,,,,,,,,,,,,,,,,,,,,,,,,,,,,,,,,,,,,,,,,,,,,,,,,,,,,,,,,,,,,,,,,,,,,,,,,,,,,,,,,,,,,,26121629,,,,,,,,,,,,,,,,,,,,,,,,,,,,,,,,,,,,,,,,,,,
https://southwire.com,,,,,,,,,,,55418901,6/6/6 UD Triplex Aluminum Wire,,,,Southwire/g Turner (6603),Southwire/g Turner,Southwire/g Turner,,55418901,,Electrical>Building Wire>Underground Distribution Wire,"Southwire/g Turner, Wire, 55418901, 6/6/6, Aluminum",WIRE 6/6/6 ALUMINUM,"Southwire/g Turner 55418901 Wire With UD Triplex, Aluminum","Southwire/g Turner Wire With UD Triplex, 6/6/6, Aluminum","Wire, 6/6/6, Aluminum","Wire, 6/6/6, Aluminum",UD Triplex,,,,,,,,,,,,,,,,,,,,With UD Triplex,,,Underground Distribution,,,Configuration,6/6/6,,Material,Aluminum,,,,,,,,,,,,,,,,,,,,,,,,,,,,,,,,,,,,,,,,,,,,,,,,,,,,,,,,,,,,,,,,,,,,,,,,,,,,,,,,,,,,,,,,,,,,,,,,,,,,,,,,,,,,,,,,,,,,,,,,,,,,,,,,,,,,,,,,,,,,,,,,,,,,,26121629,,,,,,,,,,,,,,,,,,,,,,,,,,,,,,,,,,,,,,,,,,,
https://appliance.com,https://www.appliance.com/search?q=CVM517P3RD1,,,,,,,,,,CVM517P3RD1,CVM517P3RD1 Cafe Microwave Black - Display,,,,Appliance Dealers Cooperative (APPDE),Appliance Dealers Cooperative,Cafe,Cafe,CVM517P3RD1,,Appliances & Consumer Electronics>Kitchen Appliances>Microwave Ovens,"Appliance Dealers Cooperative Cafe, Microwave, CVM517P3RD1, CVM517P3RD1, Black",MICROWAVE CVM517P3RD1 BLACK,"Cafe CVM517P3RD1 Microwave With Display, Black","Cafe Microwave With Display, CVM517P3RD1, Black, Additional Information: Display","Microwave, CVM517P3RD1, Black","Microwave, CVM517P3RD1, Black",Display,,,,,,,,,,,,,,,,,,,,With Display,,,,,,Model Number,CVM517P3RD1,,Color,Black,,,,,,,,,,,,,,,,,,,,,,,,,,,,,,,,,,,,,,,,,,,,,,,,,,,,,,,,,,,,,,,,,,,,,,,,,,,,,,,,,,,,,,,,,,,,,,,,,,,,,,,,,,,,,,,,,,,,,,,,,,,,,,,,,,,,,,,,,,,,,,,,,,,,,52141513,,,,,,,,,,,,,,,,,,,,,,,,,,,,,,,,,,,,,,,,,,,
https://appliance.com,https://www.appliance.com/search?q=GNE25JMKES,,,,,,,,,,GNE25JMKES,GNE25JMKES GE Fridge Slate - Display,,,,Appliance Dealers Cooperative (APPDE),GE,GE,GE,GNE25JMKES,,Appliances & Consumer Electronics>Kitchen Appliances>Refrigerators,"GE, Fridge, GNE25JMKES, Slate, GNE25JMKES",FRIDGE SLATE GNE25JMKES,"GE GNE25JMKES Fridge With Display, Slate","GE Fridge With Display, Slate, GNE25JMKES","Fridge, Slate, GNE25JMKES","Fridge, Slate, GNE25JMKES",Display,,,,,,,,,,,,,,,,,,,,With Display,,,,,,Color,Slate,,Model Number,GNE25JMKES,,,,,,,,,,,,,,,,,,,,,,,,,,,,,,,,,,,,,,,,,,,,,,,,,,,,,,,,,,,,,,,,,,,,,,,,,,,,,,,,,,,,,,,,,,,,,,,,,,,,,,,,,,,,,,,,,,,,,,,,,,,,,,,,,,,,,,,,,,,,,,,,,,,,,52141511,,,,,,,,,,,,,,,,,,,,,,,,,,,,,,,,,,,,,,,,,,,
https://sabre.com,,,,,,,,,,,HS-DA,HS-DA Motion Driveway Alert,,,,Sabre (9195),Sabre,Sabre,Sabre,HS-DA,,Security & Safety>Security Sensors>Motion Detectors,"Sabre, Motion Detector, HS-DA, HS-DA",MOTION DETECTOR HS-DA,Sabre HS-DA Motion Detector With Motion Driveway Alert,"Sabre Motion Detector With Motion Driveway Alert, HS-DA","Motion Detector, HS-DA","Motion Detector, HS-DA",Motion Driveway Alert,,,,,,,,,,,,,,,,,,,,With Motion Driveway Alert,,,,,,Model Number,HS-DA,,,,,,,,,,,,,,,,,,,,,,,,,,,,,,,,,,,,,,,,,,,,,,,,,,,,,,,,,,,,,,,,,,,,,,,,,,,,,,,,,,,,,,,,,,,,,,,,,,,,,,,,,,,,,,,,,,,,,,,,,,,,,,,,,,,,,,,,,,,,,,,,,,,,,,,,46171600,,,,,,,,,,,,,,,,,,,,,,,,,,,,,,,,,,,,,,,,,,,
https://,,,,,,,,,,,156436WHT,156436 Water Heater 4x4x120 Post Wrap,DSI Westbury,,,Palmer Donavin Mfg Company (PALDO),Palmer Donavin Mfg Company,DSI Westbury,,156436WHT,,Building Materials>Structural Materials>Columns & Posts,"Palmer Donavin Mfg Company DSI Westbury, post wrap, 156436WHT",POST WRAP 4X4X120IN,DSI Westbury 156436WHT post wrap With Water heater post wrap,"DSI Westbury post wrap With Water heater post wrap, 4x4x120 in dimensions, Additional Information: 156436 Water Heater 4x4x120 Post Wrap","post wrap, 4x4x120 in","post wrap, 4x4x120 in",Water heater post wrap,,,,,,,,,,,,,,,,,,,,With Water heater post wrap,,,Water Heater,,,dimensions,4x4x120,in,,,,,,,,,,,,,,,,,,,,,,,,,,,,,,,,,,,,,,,,,,,,,,,,,,,,,,,,,,,,,,,,,,,,,,,,,,,,,,,,,,,,,,,,,,,,,,,,,,,,,,,,,,,,,,,,,,,,,,,,,,,,,,,,,,,,,,,,,,,,,,,,,,,,,,,30171600,,,,,,,,,,,,,,,,,,,,,,,,,,,,,,,,,,,,,,,,,,,
https://,,,,,,,,,,,40025,40025 TS-54 Wal-Board T-Square 009-008,,,,Marshalltown Trowel (5155),Marshalltown Trowel,Wal-Board,Wal-Board,40025,,Tools>Hand Tools>Measuring Tools,"Marshalltown Trowel Wal-Board, T-square, TS-54, 40025, TS-54",T-SQUARE TS-54,Wal-Board TS-54 40025 T-square With Wal-Board T-Square,"Wal-Board T-square With Wal-Board T-Square, TS-54, TS-54, Additional Information: 40025 TS-54 Wal-Board T-Square 009-008","TS-54 T-square, TS-54","TS-54 T-square, TS-54",Wal-Board T-Square,,,,,,,,,,,,,,,,,,,,With Wal-Board T-Square,,,,,,model,TS-54,,,,,,,,,,,,,,,,,,,,,,,,,,,,,,,,,,,,,,,,,,,,,,,,,,,,,,,,,,,,,,,,,,,,,,,,,,,,,,,,,,,,,,,,,,,,,,,,,,,,,,,,,,,,,,,,,,,,,,,,,,,,,,,,,,,,,,,,,,,,,,,,,,,,,,,,27111800,,,,,,,,,,,,,,,,,,,,,,,,,,,,,,,,,,,,,,,,,,,
https://,,,,,,,,,,,48-22-3302,48-22-3302 Milwaukee Mechanical Pencil Replacement Lead,,,,Milwaukee Accessory (4031),Milwaukee Accessory,Milwaukee,Milwaukee,48-22-3302,,Office Supplies>Writing Instruments>Pencil Refills,"Milwaukee Accessory Milwaukee, pencil lead, 48-22-3302, 48-22-3302",PENCIL LEAD 48-22-3302,Milwaukee 48-22-3302 pencil lead With Replacement lead,"Milwaukee pencil lead With Replacement lead, 48-22-3302","pencil lead, 48-22-3302","pencil lead, 48-22-3302",Replacement lead,,,,,,,,,,,,,,,,,,,,With Replacement lead,,,,,,Model Number,48-22-3302,,,,,,,,,,,,,,,,,,,,,,,,,,,,,,,,,,,,,,,,,,,,,,,,,,,,,,,,,,,,,,,,,,,,,,,,,,,,,,,,,,,,,,,,,,,,,,,,,,,,,,,,,,,,,,,,,,,,,,,,,,,,,,,,,,,,,,,,,,,,,,,,,,,,,,,,44121706,,,,,,,,,,,,,,,,,,,,,,,,,,,,,,,,,,,,,,,,,,,
https://,,,,,,,,,,,48-22-3303,48-22-3303 Milwaukee Mechanical Pencil Replacement Lead-Color,,,,Milwaukee Accessory (4031),Milwaukee Accessory,Milwaukee,Milwaukee,48-22-3303,,Office Supplies>Writing Instruments>Pencil Refills,"Milwaukee Accessory Milwaukee, pencil lead, 48-22-3303, 48-22-3303",PENCIL LEAD 48-22-3303,Milwaukee 48-22-3303 pencil lead With Replacement lead-Color,"Milwaukee pencil lead With Replacement lead-Color, 48-22-3303","pencil lead, 48-22-3303","pencil lead, 48-22-3303",Replacement lead-Color,,,,,,,,,,,,,,,,,,,,With Replacement lead-Color,,,,,,Model Number,48-22-3303,,,,,,,,,,,,,,,,,,,,,,,,,,,,,,,,,,,,,,,,,,,,,,,,,,,,,,,,,,,,,,,,,,,,,,,,,,,,,,,,,,,,,,,,,,,,,,,,,,,,,,,,,,,,,,,,,,,,,,,,,,,,,,,,,,,,,,,,,,,,,,,,,,,,,,,,44121706,,,,,,,,,,,,,,,,,,,,,,,,,,,,,,,,,,,,,,,,,,,
https://radians.com,,,,,,,,,,,DPG15,DPG15 Dewalt AM/FM Hearing Protector,,,,Radians (7363),Radians,Dewalt,Dewalt,DPG15,,Safety & Security>Personal Protective Equipment>Hearing Protection,"Radians Dewalt, Hearing Protector, DPG15, DPG15",HEARING PROTECTOR DPG15,Dewalt DPG15 Hearing Protector With AM/FM,"Dewalt Hearing Protector With AM/FM, DPG15","Hearing Protector, DPG15","Hearing Protector, DPG15",AM/FM,,,,,,,,,,,,,,,,,,,,With AM/FM,,,,,,Model Number,DPG15,,,,,,,,,,,,,,,,,,,,,,,,,,,,,,,,,,,,,,,,,,,,,,,,,,,,,,,,,,,,,,,,,,,,,,,,,,,,,,,,,,,,,,,,,,,,,,,,,,,,,,,,,,,,,,,,,,,,,,,,,,,,,,,,,,,,,,,,,,,,,,,,,,,,,,,,46181902,,,,,,,,,,,,,,,,,,,,,,,,,,,,,,,,,,,,,,,,,,,
https://,,,,,,,,,,,3202-20,3202-20 Milwaukee Voltage Detector w/ LED,,,,Milwaukee Accessory (4031),Milwaukee Accessory,Milwaukee,Milwaukee,3202-20,,Tools & Equipment>Test & Measurement>Voltage Detectors,"Milwaukee Accessory Milwaukee, Voltage Detector, 3202-20, 3202-20",VOLTAGE DETECTOR 3202-20,Milwaukee 3202-20 Voltage Detector With w/ LED,"Milwaukee Voltage Detector With w/ LED, 3202-20","Voltage Detector, 3202-20","Voltage Detector, 3202-20",w/ LED,,,,,,,,,,,,,,,,,,,,With w/ LED,,,,,,Model Number,3202-20,,,,,,,,,,,,,,,,,,,,,,,,,,,,,,,,,,,,,,,,,,,,,,,,,,,,,,,,,,,,,,,,,,,,,,,,,,,,,,,,,,,,,,,,,,,,,,,,,,,,,,,,,,,,,,,,,,,,,,,,,,,,,,,,,,,,,,,,,,,,,,,,,,,,,,,,41113600,,,,,,,,,,,,,,,,,,,,,,,,,,,,,,,,,,,,,,,,,,,
https://,,,,,,,,,,,3203-20,3203-20 Milwaukee Dual Range Voltage Detector w/ LED,,,,Milwaukee Accessory (4031),Milwaukee Accessory,Milwaukee,Milwaukee,3203-20,,Tools & Equipment>Test & Measurement>Voltage Detectors,"Milwaukee Accessory Milwaukee, Voltage Detector, 3203-20, 3203-20, Dual Range",VOLTAGE DETECTOR 3203-20 DUALRANGE,Milwaukee 3203-20 Voltage Detector With w/ LED,"Milwaukee Voltage Detector With w/ LED, 3203-20, Dual Range","Voltage Detector, 3203-20, Dual Range","Voltage Detector, 3203-20, Dual Range",w/ LED,,,,,,,,,,,,,,,,,,,,With w/ LED,,,,,,Model Number,3203-20,,Type,Dual Range,,,,,,,,,,,,,,,,,,,,,,,,,,,,,,,,,,,,,,,,,,,,,,,,,,,,,,,,,,,,,,,,,,,,,,,,,,,,,,,,,,,,,,,,,,,,,,,,,,,,,,,,,,,,,,,,,,,,,,,,,,,,,,,,,,,,,,,,,,,,,,,,,,,,,41113600,,,,,,,,,,,,,,,,,,,,,,,,,,,,,,,,,,,,,,,,,,,
https://,,,,,,,,,,,GCL165-42GL,GCL165--42GL Cross Line Laser,,,,Robt Bosch Tool Corp (6564),Robt Bosch Tool Corp,Bosch,Bosch,GCL165-42GL,,Tools & Equipment>Test & Measurement>Laser Levels,"Robt Bosch Tool Corp Bosch, laser, GCL165-42GL, Cross Line",LASER CROSSLINE,Bosch GCL165-42GL laser With Cross line laser,"Bosch laser With Cross line laser, Cross Line","laser, Cross Line","laser, Cross Line",Cross line laser,,,,,,,,,,,,,,,,,,,,With Cross line laser,,,,,,type,Cross Line,,,,,,,,,,,,,,,,,,,,,,,,,,,,,,,,,,,,,,,,,,,,,,,,,,,,,,,,,,,,,,,,,,,,,,,,,,,,,,,,,,,,,,,,,,,,,,,,,,,,,,,,,,,,,,,,,,,,,,,,,,,,,,,,,,,,,,,,,,,,,,,,,,,,,,,,41113904,,,,,,,,,,,,,,,,,,,,,,,,,,,,,,,,,,,,,,,,,,,
https://black.com,,,,,,,,,,,DW088CG,DW088CG Dewalt Laser - Green Cross Line,,,DEWALT,Black & Decker/dewlt (2585),Black & Decker/dewlt,Dewalt,Dewalt,DW088CG,,Tools & Equipment>Test & Measurement>Laser Levels,"Black & Decker/dewlt Dewalt, laser, DW088CG, Green, Cross Line",LASER GREEN CROSSLINE,Dewalt DW088CG laser With Cross line laser,"Dewalt laser With Cross line laser, Green, Cross Line","laser, Green, Cross Line","laser, Green, Cross Line",Cross line laser,,,,,,,,,,,,,,,,,,,,With Cross line laser,,,,,,color,Green,,type,Cross Line,,,,,,,,,,,,,,,,,,,,,,,,,,,,,,,,,,,,,,,,,,,,,,,,,,,,,,,,,,,,,,,,,,,,,,,,,,,,,,,,,,,,,,,,,,,,,,,,,,,,,,,,,,,,,,,,,,,,,,,,,,,,,,,,,,,,,,,,,,,,,,,,,,,,,41113904,,,,,,,,,,,,,,,,,,,,,,,,,,,,,,,,,,,,,,,,,,,
https://vessel.com,,,,,,,,,,,QB22RU,QB22RU Vessel Carrying Bit Holder (Red),,,,Vessel Tools USA Inc (VESTO),Vessel Tools USA Inc,Vessel,Vessel,QB22RU,,Hand Tools>Hand Tool Accessories>Bit Holders,"Vessel Tools USA Inc Vessel, Bit Holder, QB22RU, Red",BIT HOLDER RED,"Vessel QB22RU Bit Holder With Carrying Bit Holder, Red","Vessel Bit Holder With Carrying Bit Holder, Red","Bit Holder, Red","Bit Holder, Red",Carrying Bit Holder,,,,,,,,,,,,,,,,,,,,With Carrying Bit Holder,,,,,,Color,Red,,,,,,,,,,,,,,,,,,,,,,,,,,,,,,,,,,,,,,,,,,,,,,,,,,,,,,,,,,,,,,,,,,,,,,,,,,,,,,,,,,,,,,,,,,,,,,,,,,,,,,,,,,,,,,,,,,,,,,,,,,,,,,,,,,,,,,,,,,,,,,,,,,,,,,,,27112700,,,,,,,,,,,,,,,,,,,,,,,,,,,,,,,,,,,,,,,,,,,
https://vessel.com,,,,,,,,,,,QB22KU,QB22KU Vessel Carrying Bit Holder (Black),,,,Vessel Tools USA Inc (VESTO),Vessel Tools USA Inc,Vessel,Vessel,QB22KU,,Hand Tools>Hand Tool Accessories>Bit Holders,"Vessel Tools USA Inc Vessel, Bit Holder, QB22KU, Black",BIT HOLDER BLACK,"Vessel QB22KU Bit Holder With Carrying Bit Holder, Black","Vessel Bit Holder With Carrying Bit Holder, Black","Bit Holder, Black","Bit Holder, Black",Carrying Bit Holder,,,,,,,,,,,,,,,,,,,,With Carrying Bit Holder,,,,,,Color,Black,,,,,,,,,,,,,,,,,,,,,,,,,,,,,,,,,,,,,,,,,,,,,,,,,,,,,,,,,,,,,,,,,,,,,,,,,,,,,,,,,,,,,,,,,,,,,,,,,,,,,,,,,,,,,,,,,,,,,,,,,,,,,,,,,,,,,,,,,,,,,,,,,,,,,,,,27112700,,,,,,,,,,,,,,,,,,,,,,,,,,,,,,,,,,,,,,,,,,,
https://,,,,,,,,,,,0887-20,0887-20 Milwaukee M18 Brushless Precision Blower,,,,Milwaukee Accessory (4031),Milwaukee Accessory,Milwaukee,Milwaukee,0887-20,,Power Tools>Outdoor Power Equipment>Leaf Blowers,"Milwaukee Accessory Milwaukee, Blower, M18, 0887-20, 0887-20",BLOWER 0887-20,Milwaukee M18 0887-20 Blower With Brushless Precision Blower,"Milwaukee Blower With Brushless Precision Blower, M18, 0887-20","M18 Blower, 0887-20","M18 Blower, 0887-20",Brushless Precision Blower,,,,,,,,,,,,,,,,,,,,With Brushless Precision Blower,,,,,,Model Number,0887-20,,,,,,,,,,,,,,,,,,,,,,,,,,,,,,,,,,,,,,,,,,,,,,,,,,,,,,,,,,,,,,,,,,,,,,,,,,,,,,,,,,,,,,,,,,,,,,,,,,,,,,,,,,,,,,,,,,,,,,,,,,,,,,,,,,,,,,,,,,,,,,,,,,,,,,,,21101700,,,,,,,,,,,,,,,,,,,,,,,,,,,,,,,,,,,,,,,,,,,
https://,,,,,,,,,,,3450-20,3450-20 Milwaukee M12 Impact Driver - Brushless Compact (Bare),,,,Milwaukee Accessory (4031),Milwaukee Accessory,Milwaukee,Milwaukee,3450-20,,Tools & Equipment>Power Tools>Impact Drivers,"Milwaukee Accessory Milwaukee, impact driver, M12, 3450-20, Brushless, Bare",IMPACT DRIVER BRUSHLESS BARE,Milwaukee M12 3450-20 impact driver With Brushless Compact Impact Driver,"Milwaukee impact driver With Brushless Compact Impact Driver, M12, Brushless, Bare","M12 impact driver, Brushless, Bare","M12 impact driver, Brushless, Bare",Brushless Compact Impact Driver,,,,,,,,,,,,,,,,,,,,With Brushless Compact Impact Driver,,,,,,Motor Type,Brushless,,Packaging,Bare,,,,,,,,,,,,,,,,,,,,,,,,,,,,,,,,,,,,,,,,,,,,,,,,,,,,,,,,,,,,,,,,,,,,,,,,,,,,,,,,,,,,,,,,,,,,,,,,,,,,,,,,,,,,,,,,,,,,,,,,,,,,,,,,,,,,,,,,,,,,,,,,,,,,,27112711,,,,,,,,,,,,,,,,,,,,,,,,,,,,,,,,,,,,,,,,,,,
https://cmt.com,,,,,,,,,,,230.312.08,230.312.08 CMT Locked Dado Pro Set,,,,CMT USA Inc (CMTUS),CMT USA Inc,CMT,CMT,230.312.08,,Tools & Equipment>Power Tool Accessories>Dado Blades,"CMT USA Inc CMT, dado set, Locked Dado Pro Set, 230.312.08, 230.312.08",DADO SET 230.312.08,CMT Locked Dado Pro Set 230.312.08 dado set With Locked Dado Pro Set,"CMT dado set With Locked Dado Pro Set, Locked Dado Pro Set, 230.312.08","Locked Dado Pro Set dado set, 230.312.08","Locked Dado Pro Set dado set, 230.312.08",Locked Dado Pro Set,,,,,,,,,,,,,,,,,,,,With Locked Dado Pro Set,,,,,,model number,230.312.08,,,,,,,,,,,,,,,,,,,,,,,,,,,,,,,,,,,,,,,,,,,,,,,,,,,,,,,,,,,,,,,,,,,,,,,,,,,,,,,,,,,,,,,,,,,,,,,,,,,,,,,,,,,,,,,,,,,,,,,,,,,,,,,,,,,,,,,,,,,,,,,,,,,,,,,,27112706,,,,,,,,,,,,,,,,,,,,,,,,,,,,,,,,,,,,,,,,,,,
https://,,,,,,,,,,,2545-20,2545-20 Milwaukee M12 Jig Saw,,,Milwaukee,Milwaukee Accessory (4031),Milwaukee Accessory,Milwaukee,Milwaukee,2545-20,,Power Tools & Equipment>Power Saws>Jig Saws,"Milwaukee Accessory Milwaukee, jig saw, M12, 2545-20, 2545-20",JIG SAW 2545-20,Milwaukee M12 2545-20 jig saw With M12,"Milwaukee jig saw With M12, M12, 2545-20","M12 jig saw, 2545-20","M12 jig saw, 2545-20",M12,,,,,,,,,,,,,,,,,,,,With M12,,,,,,Model Number,2545-20,,,,,,,,,,,,,,,,,,,,,,,,,,,,,,,,,,,,,,,,,,,,,,,,,,,,,,,,,,,,,,,,,,,,,,,,,,,,,,,,,,,,,,,,,,,,,,,,,,,,,,,,,,,,,,,,,,,,,,,,,,,,,,,,,,,,,,,,,,,,,,,,,,,,,,,,27112702,,,,,,,,,,,,,,,,,,,,,,,,,,,,,,,,,,,,,,,,,,,
https://black.com,,,,,,,,,,,DCB606C,DCB606C Dewalt Flexvolt Starter Kit,,,,Black & Decker/dewlt (2585),Black & Decker/dewlt,Dewalt,Dewalt,DCB606C,,Power Tools & Equipment>Power Tool Accessories>Battery Packs & Kits,"Black & Decker/dewlt Dewalt, Starter Kit, Flexvolt, DCB606C, DCB606C",STARTER KIT DCB606C,Dewalt Flexvolt DCB606C Starter Kit With Flexvolt,"Dewalt Starter Kit With Flexvolt, Flexvolt, DCB606C","Flexvolt Starter Kit, DCB606C","Flexvolt Starter Kit, DCB606C",Flexvolt,,,,,,,,,,,,,,,,,,,,With Flexvolt,,,,,,Model Number,DCB606C,,,,,,,,,,,,,,,,,,,,,,,,,,,,,,,,,,,,,,,,,,,,,,,,,,,,,,,,,,,,,,,,,,,,,,,,,,,,,,,,,,,,,,,,,,,,,,,,,,,,,,,,,,,,,,,,,,,,,,,,,,,,,,,,,,,,,,,,,,,,,,,,,,,,,,,,26111700,,,,,,,,,,,,,,,,,,,,,,,,,,,,,,,,,,,,,,,,,,,
https://,,,,,,,,,,,48-59-1804,48-59-1804 Milwaukee M18 and M12 Rapid Charger,,,,Milwaukee Accessory (4031),Milwaukee Accessory,Milwaukee,Milwaukee,48-59-1804,,Power Tools & Equipment>Power Tool Accessories>Battery Chargers,"Milwaukee Accessory Milwaukee, charger, M18 and M12, 48-59-1804",CHARGER 48-59-1804,Milwaukee M18 and M12 48-59-1804 charger With Rapid Charger,"Milwaukee charger With Rapid Charger, M18 and M12, 48-59-1804","M18 and M12 charger, 48-59-1804","M18 and M12 charger, 48-59-1804",Rapid Charger,,,,,,,,,,,,,,,,,,,,With Rapid Charger,,,,,,Model Number,48-59-1804,,,,,,,,,,,,,,,,,,,,,,,,,,,,,,,,,,,,,,,,,,,,,,,,,,,,,,,,,,,,,,,,,,,,,,,,,,,,,,,,,,,,,,,,,,,,,,,,,,,,,,,,,,,,,,,,,,,,,,,,,,,,,,,,,,,,,,,,,,,,,,,,,,,,,,,,26111700,,,,,,,,,,,,,,,,,,,,,,,,,,,,,,,,,,,,,,,,,,,
https://,,,,,,,,,,,48-59-1211,48-59-1211 Milwaukee Power Supply - Charger,,,Milwaukee,Milwaukee Accessory (4031),Milwaukee Accessory,Milwaukee,Milwaukee,48-59-1211,,Power Tools & Equipment>Power Tool Accessories>Battery Chargers,"Milwaukee Accessory Milwaukee, power supply, 48-59-1211, 48-59-1211",POWER SUPPLY 48-59-1211,Milwaukee 48-59-1211 power supply With Charger,"Milwaukee power supply With Charger, 48-59-1211","power supply, 48-59-1211","power supply, 48-59-1211",Charger,,,,,,,,,,,,,,,,,,,,With Charger,,,,,,Model Number,48-59-1211,,,,,,,,,,,,,,,,,,,,,,,,,,,,,,,,,,,,,,,,,,,,,,,,,,,,,,,,,,,,,,,,,,,,,,,,,,,,,,,,,,,,,,,,,,,,,,,,,,,,,,,,,,,,,,,,,,,,,,,,,,,,,,,,,,,,,,,,,,,,,,,,,,,,,,,,26111700,,,,,,,,,,,,,,,,,,,,,,,,,,,,,,,,,,,,,,,,,,,
https://makita.com,,,,,,,,,,,T-90065,T-90065 Deep Compact Organizer,,,,Makita Usa Inc (5142),Makita Usa Inc,Makita Usa Inc,,T-90065,,Storage & Material Handling>Tool Storage>Tool Organizers,"Makita Usa Inc, Organizer, T-90065, T-90065",ORGANIZER T-90065,Makita Usa Inc T-90065 Organizer With Deep,"Makita Usa Inc Organizer With Deep, T-90065","Organizer, T-90065","Organizer, T-90065",Deep,Compact,,,,,,,,,,,,,,,,,,,With Deep,,,,,,Model Number,T-90065,,,,,,,,,,,,,,,,,,,,,,,,,,,,,,,,,,,,,,,,,,,,,,,,,,,,,,,,,,,,,,,,,,,,,,,,,,,,,,,,,,,,,,,,,,,,,,,,,,,,,,,,,,,,,,,,,,,,,,,,,,,,,,,,,,,,,,,,,,,,,,,,,,,,,,,,24112401,,,,,,,,,,,,,,,,,,,,,,,,,,,,,,,,,,,,,,,,,,,
https://,,,,,,,,,,,AAS-P,AAS-P Align-A-Saw Plate Only,,,,Woodpeckers Inc (WOODP),Woodpeckers Inc,Woodpeckers Inc,Woodpeckers Inc,AAS-P,,Machinery>Woodworking Machinery Accessories>Sawing Accessories,"Woodpeckers Inc, Saw Plate, Align-A-Saw, AAS-P, AAS-P",SAW PLATE AAS-P,Woodpeckers Inc Align-A-Saw AAS-P Saw Plate With Plate Only,"Woodpeckers Inc Saw Plate With Plate Only, Align-A-Saw, AAS-P","Align-A-Saw Saw Plate, AAS-P","Align-A-Saw Saw Plate, AAS-P",Plate Only,,,,,,,,,,,,,,,,,,,,With Plate Only,,,,,,Model Number,AAS-P,,,,,,,,,,,,,,,,,,,,,,,,,,,,,,,,,,,,,,,,,,,,,,,,,,,,,,,,,,,,,,,,,,,,,,,,,,,,,,,,,,,,,,,,,,,,,,,,,,,,,,,,,,,,,,,,,,,,,,,,,,,,,,,,,,,,,,,,,,,,,,,,,,,,,,,,27112700,,,,,,,,,,,,,,,,,,,,,,,,,,,,,,,,,,,,,,,,,,,
https://,,,,,,,,,,,2761-22,2761-22 Milwaukee M18 Surge Kit,,,,Milwaukee Accessory (4031),Milwaukee,Milwaukee,Milwaukee,2761-22,,Tools & Equipment>Power Tools>Cordless Drills & Drivers,"Milwaukee, Impact Driver Kit, M18 Surge, 2761-22, 2761-22",IMPACT DRIVER KIT 2761-22,Milwaukee M18 Surge 2761-22 Impact Driver Kit With Surge technology,"Milwaukee Impact Driver Kit With Surge technology, M18 Surge, 2761-22","M18 Surge Impact Driver Kit, 2761-22","M18 Surge Impact Driver Kit, 2761-22",Surge technology,,,,,,,,,,,,,,,,,,,,With Surge technology,,,,,,Model Number,2761-22,,,,,,,,,,,,,,,,,,,,,,,,,,,,,,,,,,,,,,,,,,,,,,,,,,,,,,,,,,,,,,,,,,,,,,,,,,,,,,,,,,,,,,,,,,,,,,,,,,,,,,,,,,,,,,,,,,,,,,,,,,,,,,,,,,,,,,,,,,,,,,,,,,,,,,,,27112703,,,,,,,,,,,,,,,,,,,,,,,,,,,,,,,,,,,,,,,,,,,
https://leviton.com,,,,,,,,,,,S03-05226-IS,S0305226IS IV Switch / Pilot,,,Leviton,Leviton Mfg Co (4927),Leviton Mfg Co,Leviton,Leviton,S03-05226-IS,,Electrical & Lighting>Wiring Devices>Toggle Switches,"Leviton Mfg Co Leviton, Switch, S03-05226-IS, Switch / Pilot, S0305226IS",SWITCH SWITCH/PILOT S0305226IS,Leviton S03-05226-IS Switch With Includes pilot light,"Leviton Switch With Includes pilot light, Switch / Pilot, S0305226IS","Switch, Switch / Pilot, S0305226IS","Switch, Switch / Pilot, S0305226IS",Includes pilot light,,,,,,,,,,,,,,,,,,,,With Includes pilot light,,,,,,Product Type,Switch / Pilot,,Model Number,S0305226IS,,,,,,,,,,,,,,,,,,,,,,,,,,,,,,,,,,,,,,,,,,,,,,,,,,,,,,,,,,,,,,,,,,,,,,,,,,,,,,,,,,,,,,,,,,,,,,,,,,,,,,,,,,,,,,,,,,,,,,,,,,,,,,,,,,,,,,,,,,,,,,,,,,,,,39122211,,,,,,,,,,,,,,,,,,,,,,,,,,,,,,,,,,,,,,,,,,,
https://black.com,,,,,,,,,,,DWHT10993,DWHT10993 Folding Knife,,,DEWALT,Black & Decker/dewlt (2585),Black & Decker/dewlt,Dewalt,Dewalt,DWHT10993,,Hand & Power Tools>Hand Tools>Knives,"Black & Decker/dewlt Dewalt, Folding Knife, DWHT10993, DWHT10993",FOLDING KNIFE DWHT10993,Dewalt DWHT10993 Folding Knife With Folding mechanism,"Dewalt Folding Knife With Folding mechanism, DWHT10993","Folding Knife, DWHT10993","Folding Knife, DWHT10993",Folding mechanism,,,,,,,,,,,,,,,,,,,,With Folding mechanism,,,,,,Model Number,DWHT10993,,,,,,,,,,,,,,,,,,,,,,,,,,,,,,,,,,,,,,,,,,,,,,,,,,,,,,,,,,,,,,,,,,,,,,,,,,,,,,,,,,,,,,,,,,,,,,,,,,,,,,,,,,,,,,,,,,,,,,,,,,,,,,,,,,,,,,,,,,,,,,,,,,,,,,,,27111503,,,,,,,,,,,,,,,,,,,,,,,,,,,,,,,,,,,,,,,,,,,
https://jam.com,,,,,,,,,,,3MABR-7100045865,3M 775L Stikit Film P120 - Cubitron II 50 Disc/Box,,,,Jam Industrial Supply LLC (JAMIN),3M,3M®,3M®,3MABR-7100045865,,Power Tools & Accessories>Abrasives>Abrasive Discs,"3M 3M®, abrasive disc, Cubitron II, 3MABR-7100045865, 3M, 120, 50",ABRASIVE DISC 3M 120 50,3M® Cubitron II 3MABR-7100045865 abrasive disc With Stikit film,"3M® abrasive disc With Stikit film, Cubitron II, 3M, 120, 50","Cubitron II abrasive disc, 3M, 120, 50","Cubitron II abrasive disc, 3M, 120, 50",Stikit film,Cubitron II grain,,,,,,,,,,,,,,,,,,,With Stikit film,,,,,,Brand Name,3M,,Grit,120,,Quantity,50,,,,,,,,,,,,,,,,,,,,,,,,,,,,,,,,,,,,,,,,,,,,,,,,,,,,,,,,,,,,,,,,,,,,,,,,,,,,,,,,,,,,,,,,,,,,,,,,,,,,,,,,,,,,,,,,,,,,,,,,,,,,,,,,,,,,,,,,,,,,,,,,,,31191506,,,,,,,,,,,,,,,,,,,,,,,,,,,,,,,,,,,,,,,,,,,
https://jam.com,,,,,,,,,,,3MABR-7100075678,3M 775L Stikit Film P150 - Cubitron II 50 Disc/Box,,,,Jam Industrial Supply LLC (JAMIN),3M,3M®,3M®,3MABR-7100075678,,Power Tools & Accessories>Abrasives>Abrasive Discs,"3M 3M®, abrasive disc, Cubitron II, 3MABR-7100075678, 3M, 150, 50",ABRASIVE DISC 3M 150 50,3M® Cubitron II 3MABR-7100075678 abrasive disc With Stikit film,"3M® abrasive disc With Stikit film, Cubitron II, 3M, 150, 50","Cubitron II abrasive disc, 3M, 150, 50","Cubitron II abrasive disc, 3M, 150, 50",Stikit film,Cubitron II grain,,,,,,,,,,,,,,,,,,,With Stikit film,,,,,,Brand Name,3M,,Grit,150,,Quantity,50,,,,,,,,,,,,,,,,,,,,,,,,,,,,,,,,,,,,,,,,,,,,,,,,,,,,,,,,,,,,,,,,,,,,,,,,,,,,,,,,,,,,,,,,,,,,,,,,,,,,,,,,,,,,,,,,,,,,,,,,,,,,,,,,,,,,,,,,,,,,,,,,,,31191506,,,,,,,,,,,,,,,,,,,,,,,,,,,,,,,,,,,,,,,,,,,
https://black.com,,,,,,,,,,,DWA4769,"DWA4769 Dewalt Rim Glass Tile - Blade 10""",,,,Black & Decker/dewlt (2585),Black & Decker/dewlt,Dewalt,Dewalt,DWA4769,,Power Tool Accessories>Saw Blades>Diamond Blades,"Black & Decker/dewlt Dewalt, diamond blade, DWA4769, 10 in, Rim Glass Tile",DIAMOND BLADE 10IN RIMGLASSTILE,Dewalt DWA4769 diamond blade With Glass Tile Blade,"Dewalt diamond blade With Glass Tile Blade, 10 in diameter, Rim Glass Tile","diamond blade, 10 in, Rim Glass Tile","diamond blade, 10 in, Rim Glass Tile",Glass Tile Blade,,,,,,,,,,,,,,,,,,,,With Glass Tile Blade,,,Glass Tile,,,diameter,10,in,type,Rim Glass Tile,,,,,,,,,,,,,,,,,,,,,,,,,,,,,,,,,,,,,,,,,,,,,,,,,,,,,,,,,,,,,,,,,,,,,,,,,,,,,,,,,,,,,,,,,,,,,,,,,,,,,,,,,,,,,,,,,,,,,,,,,,,,,,,,,,,,,,,,,,,,,,,,,,,,,27112706,,,,,,,,,,,,,,,,,,,,,,,,,,,,,,,,,,,,,,,,,,,
https://,,,,,,,,,,,49-93-9204,"49-93-9204 Milwaukee 4-1/2"" Diamond - Tile Blade",,,,Milwaukee Accessory (4031),Milwaukee Accessory,Milwaukee,Milwaukee,49-93-9204,,Power Tool Accessories>Saw Blades>Diamond Blades,"Milwaukee Accessory Milwaukee, diamond blade, 49-93-9204, 4-1/2 in, 49-93-9204",DIAMOND BLADE 4-1/2IN 49-93-9204,Milwaukee 49-93-9204 diamond blade With Diamond Tile Blade,"Milwaukee diamond blade With Diamond Tile Blade, 4-1/2 in diameter, 49-93-9204","diamond blade, 4-1/2 in, 49-93-9204","diamond blade, 4-1/2 in, 49-93-9204",Diamond Tile Blade,,,,,,,,,,,,,,,,,,,,With Diamond Tile Blade,,,Tile,,,diameter,4-1/2,in,model number,49-93-9204,,,,,,,,,,,,,,,,,,,,,,,,,,,,,,,,,,,,,,,,,,,,,,,,,,,,,,,,,,,,,,,,,,,,,,,,,,,,,,,,,,,,,,,,,,,,,,,,,,,,,,,,,,,,,,,,,,,,,,,,,,,,,,,,,,,,,,,,,,,,,,,,,,,,,27112706,,,,,,,,,,,,,,,,,,,,,,,,,,,,,,,,,,,,,,,,,,,
https://bowproducts.com,https://bowproducts.com/lander?q=XT524,,,,,,,,,,XT524,"XT524 24"" XT XTENDER Fence",,,,Bow Products (BOWPR),Bow Products,Bow Products,Bow Products,XT524,,Power Tools & Equipment>Power Tool Accessories>Table Saw Accessories,"Bow Products, fence, XT, XT524, XT524, 24 in",FENCE XT524 24IN,Bow Products XT XT524 fence With XT XTENDER Fence,"Bow Products fence With XT XTENDER Fence, XT, XT524, 24 in Length","XT fence, XT524, 24 in","XT fence, XT524, 24 in",XT XTENDER Fence,,,,,,,,,,,,,,,,,,,,With XT XTENDER Fence,,,Table Saw,,,Model Number,XT524,,Length,24,in,,,,,,,,,,,,,,,,,,,,,,,,,,,,,,,,,,,,,,,,,,,,,,,,,,,,,,,,,,,,,,,,,,,,,,,,,,,,,,,,,,,,,,,,,,,,,,,,,,,,,,,,,,,,,,,,,,,,,,,,,,,,,,,,,,,,,,,,,,,,,,,,,,,,27112700,,,,,,,,,,,,,,,,,,,,,,,,,,,,,,,,,,,,,,,,,,,
https://bowproducts.com,https://bowproducts.com/lander?q=XT536,,,,,,,,,,XT536,"XT536 36"" XT XTENDER Fence",,,,Bow Products (BOWPR),Bow Products,Bow Products,Bow Products,XT536,,Power Tools & Equipment>Power Tool Accessories>Table Saw Accessories,"Bow Products, fence, XT, XT536, XT536, 36 in",FENCE XT536 36IN,Bow Products XT XT536 fence With XT XTENDER Fence,"Bow Products fence With XT XTENDER Fence, XT, XT536, 36 in Length","XT fence, XT536, 36 in","XT fence, XT536, 36 in",XT XTENDER Fence,,,,,,,,,,,,,,,,,,,,With XT XTENDER Fence,,,Table Saw,,,Model Number,XT536,,Length,36,in,,,,,,,,,,,,,,,,,,,,,,,,,,,,,,,,,,,,,,,,,,,,,,,,,,,,,,,,,,,,,,,,,,,,,,,,,,,,,,,,,,,,,,,,,,,,,,,,,,,,,,,,,,,,,,,,,,,,,,,,,,,,,,,,,,,,,,,,,,,,,,,,,,,,27112700,,,,,,,,,,,,,,,,,,,,,,,,,,,,,,,,,,,,,,,,,,,
https://bowproducts.com,https://bowproducts.com/lander?q=XT546,,,,,,,,,,XT546,"XT546 46"" XT XTENDER Fence",,,,Bow Products (BOWPR),Bow Products,Bow Products,Bow Products,XT546,,Power Tools & Equipment>Power Tool Accessories>Table Saw Accessories,"Bow Products, fence, XT, XT546, XT546, 46 in",FENCE XT546 46IN,Bow Products XT XT546 fence With XT XTENDER Fence,"Bow Products fence With XT XTENDER Fence, XT, XT546, 46 in Length","XT fence, XT546, 46 in","XT fence, XT546, 46 in",XT XTENDER Fence,,,,,,,,,,,,,,,,,,,,With XT XTENDER Fence,,,Table Saw,,,Model Number,XT546,,Length,46,in,,,,,,,,,,,,,,,,,,,,,,,,,,,,,,,,,,,,,,,,,,,,,,,,,,,,,,,,,,,,,,,,,,,,,,,,,,,,,,,,,,,,,,,,,,,,,,,,,,,,,,,,,,,,,,,,,,,,,,,,,,,,,,,,,,,,,,,,,,,,,,,,,,,,27112700,,,,,,,,,,,,,,,,,,,,,,,,,,,,,,,,,,,,,,,,,,,
https://bowproducts.com,https://bowproducts.com/lander?q=XTP235,,,,,,,,,,XTP235,"35"" XTP XTENDER PRO Fence - XTP235",,,,Bow Products (BOWPR),Bow Products,Bow Products,Bow Products,XTP235,,Power Tools & Equipment>Power Tool Accessories>Table Saw Accessories,"Bow Products, fence, XTP XTENDER PRO, XTP235, XTP235, 35 in",FENCE XTP235 35IN,Bow Products XTP XTENDER PRO XTP235 fence With XTP XTENDER PRO,"Bow Products fence With XTP XTENDER PRO, XTP XTENDER PRO, XTP235, 35 in Length","XTP XTENDER PRO fence, XTP235, 35 in","XTP XTENDER PRO fence, XTP235, 35 in",XTP XTENDER PRO,,,,,,,,,,,,,,,,,,,,With XTP XTENDER PRO,,,Table Saw,,,Model Number,XTP235,,Length,35,in,,,,,,,,,,,,,,,,,,,,,,,,,,,,,,,,,,,,,,,,,,,,,,,,,,,,,,,,,,,,,,,,,,,,,,,,,,,,,,,,,,,,,,,,,,,,,,,,,,,,,,,,,,,,,,,,,,,,,,,,,,,,,,,,,,,,,,,,,,,,,,,,,,,,27112700,,,,,,,,,,,,,,,,,,,,,,,,,,,,,,,,,,,,,,,,,,,
https://bowproducts.com,https://bowproducts.com/lander?q=XTP242,,,,,,,,,,XTP242,"42"" XTP XTENDER PRO Fence - XTP242",,,,Bow Products (BOWPR),Bow Products,Bow Products,Bow Products,XTP242,,Machinery>Woodworking Machinery Accessories>Table Saw Accessories,"Bow Products, Fence, XTENDER PRO, XTP242, 42 in, XTP242",FENCE 42IN XTP242,Bow Products XTENDER PRO XTP242 Fence With XTP XTENDER PRO Fence,"Bow Products Fence With XTP XTENDER PRO Fence, XTENDER PRO, 42 in Length, XTP242","XTENDER PRO Fence, 42 in, XTP242","XTENDER PRO Fence, 42 in, XTP242",XTP XTENDER PRO Fence,,,,,,,,,,,,,,,,,,,,With XTP XTENDER PRO Fence,,,Table Saw Accessories,,,Length,42,in,Model Number,XTP242,,,,,,,,,,,,,,,,,,,,,,,,,,,,,,,,,,,,,,,,,,,,,,,,,,,,,,,,,,,,,,,,,,,,,,,,,,,,,,,,,,,,,,,,,,,,,,,,,,,,,,,,,,,,,,,,,,,,,,,,,,,,,,,,,,,,,,,,,,,,,,,,,,,,,27112700,,,,,,,,,,,,,,,,,,,,,,,,,,,,,,,,,,,,,,,,,,,
https://leviton.com,,,,,,,,,,,R92-GFWT1-0KW,R92GFWT10KW 15A GFCI Outlet Water Heater,,,Leviton,Leviton Mfg Co (4927),Leviton Mfg Co,Leviton,Leviton,R92-GFWT1-0KW,,Electrical>Wiring Devices>GFCI Receptacles,"Leviton Mfg Co Leviton, GFCI Outlet, R92-GFWT1-0KW, 15 A, R92GFWT10KW",GFCI OUTLET 15A R92GFWT10KW,Leviton R92-GFWT1-0KW GFCI Outlet With Water Heater,"Leviton GFCI Outlet With Water Heater, 15 A Amperage Rating, R92GFWT10KW","GFCI Outlet, R92GFWT10KW","GFCI Outlet, R92GFWT10KW",Water Heater,,,,,,,,,,,,,,,,,,,,With Water Heater,,,Water Heater,,,Amperage Rating,15,A,Part Number,R92GFWT10KW,,,,,,,,,,,,,,,,,,,,,,,,,,,,,,,,,,,,,,,,,,,,,,,,,,,,,,,,,,,,,,,,,,,,,,,,,,,,,,,,,,,,,,,,,,,,,,,,,,,,,,,,,,,,,,,,,,,,,,,,,,,,,,,,,,,,,,,,,,,,,,,,,,,,,39121406,,,,,,,,,,,,,,,,,,,,,,,,,,,,,,,,,,,,,,,,,,,
https://leviton.com,,,,,,,,,,,R12-AGTR1-0KW,R12AGTR10KW 15A GFCI Outler Water Heater,,,Leviton,Leviton Mfg Co (4927),Leviton Mfg Co,Leviton,Leviton,R12-AGTR1-0KW,,Electrical>Wiring Devices>GFCI Receptacles,"Leviton Mfg Co Leviton, GFCI Outler, R12-AGTR1-0KW, 15 A, R12AGTR10KW",GFCI OUTLER 15A R12AGTR10KW,Leviton R12-AGTR1-0KW GFCI Outler With Water Heater,"Leviton GFCI Outler With Water Heater, 15 A Amperage Rating, R12AGTR10KW","GFCI Outler, R12AGTR10KW","GFCI Outler, R12AGTR10KW",Water Heater,,,,,,,,,,,,,,,,,,,,With Water Heater,,,Water Heater,,,Amperage Rating,15,A,Part Number,R12AGTR10KW,,,,,,,,,,,,,,,,,,,,,,,,,,,,,,,,,,,,,,,,,,,,,,,,,,,,,,,,,,,,,,,,,,,,,,,,,,,,,,,,,,,,,,,,,,,,,,,,,,,,,,,,,,,,,,,,,,,,,,,,,,,,,,,,,,,,,,,,,,,,,,,,,,,,,39121406,,,,,,,,,,,,,,,,,,,,,,,,,,,,,,,,,,,,,,,,,,,
https://leviton.com,,,,,,,,,,,R62-GFTA1-0KW,R92GFTA10KW 15A GFCI Outlet Water Heater,,,Leviton,Leviton Mfg Co (4927),Leviton Mfg Co,Leviton,Leviton,R62-GFTA1-0KW,,Electrical>Wiring Devices>GFCI Receptacles,"Leviton Mfg Co Leviton, GFCI Outlet, R62-GFTA1-0KW, 15 A, R92GFTA10KW",GFCI OUTLET 15A R92GFTA10KW,Leviton R62-GFTA1-0KW GFCI Outlet With Water Heater,"Leviton GFCI Outlet With Water Heater, 15 A Amperage Rating, R92GFTA10KW","GFCI Outlet, R92GFTA10KW","GFCI Outlet, R92GFTA10KW",Water Heater,,,,,,,,,,,,,,,,,,,,With Water Heater,,,Water Heater,,,Amperage Rating,15,A,Part Number,R92GFTA10KW,,,,,,,,,,,,,,,,,,,,,,,,,,,,,,,,,,,,,,,,,,,,,,,,,,,,,,,,,,,,,,,,,,,,,,,,,,,,,,,,,,,,,,,,,,,,,,,,,,,,,,,,,,,,,,,,,,,,,,,,,,,,,,,,,,,,,,,,,,,,,,,,,,,,,39121406,,,,,,,,,,,,,,,,,,,,,,,,,,,,,,,,,,,,,,,,,,,
https://leviton.com,,,,,,,,,,,R02-GUAC1-0BW,R02GUAC10BW 15A/USB Outlet Water Heater,,,Leviton,Leviton Mfg Co (4927),Leviton Mfg Co,Leviton,Leviton,R02-GUAC1-0BW,,Electrical>Wiring Devices>USB Receptacles,"Leviton Mfg Co Leviton, USB Outlet, R02-GUAC1-0BW, 15 A, R02GUAC10BW",USB OUTLET 15A R02GUAC10BW,Leviton R02-GUAC1-0BW USB Outlet With Water Heater,"Leviton USB Outlet With Water Heater, 15 A Amperage Rating, R02GUAC10BW","USB Outlet, R02GUAC10BW","USB Outlet, R02GUAC10BW",Water Heater,,,,,,,,,,,,,,,,,,,,With Water Heater,,,Water Heater,,,Amperage Rating,15,A,Part Number,R02GUAC10BW,,,,,,,,,,,,,,,,,,,,,,,,,,,,,,,,,,,,,,,,,,,,,,,,,,,,,,,,,,,,,,,,,,,,,,,,,,,,,,,,,,,,,,,,,,,,,,,,,,,,,,,,,,,,,,,,,,,,,,,,,,,,,,,,,,,,,,,,,,,,,,,,,,,,,39121406,,,,,,,,,,,,,,,,,,,,,,,,,,,,,,,,,,,,,,,,,,,
https://black.com,,,,,,,,,,,DCS383B,"DCS383B Dewalt 20V 7-1/4"" - Metal Cutting Circ Saw",,,,Black & Decker/dewlt (2585),Black & Decker/dewlt,Dewalt,Dewalt,DCS383B,,Tools & Equipment>Power Tools>Circular Saws,"Black & Decker/dewlt Dewalt, circular saw, DCS383B, 20 V, 7-1/4 in",CIRCULAR SAW 20V 7-1/4IN,Dewalt DCS383B circular saw With Metal Cutting,"Dewalt circular saw With Metal Cutting, 20 V Voltage Rating, 7-1/4 in Blade Diameter","circular saw, 7-1/4 in","circular saw, 7-1/4 in",Metal Cutting,,,,,,,,,,,,,,,,,,,,With Metal Cutting,,,Metal Cutting,,,Voltage Rating,20,V,Blade Diameter,7-1/4,in,,,,,,,,,,,,,,,,,,,,,,,,,,,,,,,,,,,,,,,,,,,,,,,,,,,,,,,,,,,,,,,,,,,,,,,,,,,,,,,,,,,,,,,,,,,,,,,,,,,,,,,,,,,,,,,,,,,,,,,,,,,,,,,,,,,,,,,,,,,,,,,,,,,,27112702,,,,,,,,,,,,,,,,,,,,,,,,,,,,,,,,,,,,,,,,,,,
https://black.com,,,,,,,,,,,DCS590B,"DCS590B Dewalt 20V Cordless - 7-1/4"" Circular Saw (Bare)",,,DEWALT,Black & Decker/dewlt (2585),Black & Decker/dewlt,Dewalt,Dewalt,DCS590B,,Tools & Equipment>Power Tools>Circular Saws,"Black & Decker/dewlt Dewalt, circular saw, DCS590B, 20 V, 7-1/4 in",CIRCULAR SAW 20V 7-1/4IN,Dewalt DCS590B circular saw With Cordless,"Dewalt circular saw With Cordless, 20 V Voltage Rating, 7-1/4 in Blade Diameter, Additional Information: Bare","circular saw, 7-1/4 in","circular saw, 7-1/4 in",Cordless,Bare tool,,,,,,,,,,,,,,,,,,,With Cordless,,,,,,Voltage Rating,20,V,Blade Diameter,7-1/4,in,,,,,,,,,,,,,,,,,,,,,,,,,,,,,,,,,,,,,,,,,,,,,,,,,,,,,,,,,,,,,,,,,,,,,,,,,,,,,,,,,,,,,,,,,,,,,,,,,,,,,,,,,,,,,,,,,,,,,,,,,,,,,,,,,,,,,,,,,,,,,,,,,,,,27112702,,,,,,,,,,,,,,,,,,,,,,,,,,,,,,,,,,,,,,,,,,,
https://kreg.com,,,,,,,,,,,KPTBPS100A,"KPTBPS100A Kreg 20V Ionic 6-1/2"" Plunge-Cut Track Saw Kit",,,,Kreg Tool Company (KRETO),Kreg Tool Company,Kreg,Kreg,KPTBPS100A,,Power Tools>Saws>Circular Saws,"Kreg Tool Company Kreg, track saw, Ionic, KPTBPS100A, 20 V, 6-1/2 in",TRACK SAW 20V 6-1/2IN,Kreg Ionic KPTBPS100A track saw With Plunge-Cut,"Kreg track saw With Plunge-Cut, Ionic, 20 V Voltage Rating, 6-1/2 in Blade Diameter","Ionic track saw, 6-1/2 in","Ionic track saw, 6-1/2 in",Plunge-Cut,,,,,,,,,,,,,,,,,,,,With Plunge-Cut,,,,Kit,,Voltage Rating,20,V,Blade Diameter,6-1/2,in,,,,,,,,,,,,,,,,,,,,,,,,,,,,,,,,,,,,,,,,,,,,,,,,,,,,,,,,,,,,,,,,,,,,,,,,,,,,,,,,,,,,,,,,,,,,,,,,,,,,,,,,,,,,,,,,,,,,,,,,,,,,,,,,,,,,,,,,,,,,,,,,,,,,27112701,,,,,,,,,,,,,,,,,,,,,,,,,,,,,,,,,,,,,,,,,,,
,,,,,,,,,,,WORK6000XLTPPLUG,6000L Twin Head Work Light,,,Feit Electric,Feit Electric (3468),Feit Electric,Feit Electric,Feit Electric,WORK6000XLTPPLUG,,Electrical & Lighting>Lighting>Work Lights,"Feit Electric, Work Light, WORK6000XLTPPLUG, 6000 L, Twin Head",WORK LIGHT 6000L TWINHEAD,Feit Electric WORK6000XLTPPLUG Work Light With Twin head design,"Feit Electric Work Light With Twin head design, 6000 L Light Output, Twin Head","Work Light, 6000 L, Twin Head","Work Light, 6000 L, Twin Head",Twin head design,,,,,,,,,,,,,,,,,,,,With Twin head design,,,Work lighting,,,Light Output,6000,L,Head Type,Twin Head,,,,,,,,,,,,,,,,,,,,,,,,,,,,,,,,,,,,,,,,,,,,,,,,,,,,,,,,,,,,,,,,,,,,,,,,,,,,,,,,,,,,,,,,,,,,,,,,,,,,,,,,,,,,,,,,,,,,,,,,,,,,,,,,,,,,,,,,,,,,,,,,,,,,,39112102,,,,,,,,,,,,,,,,,,,,,,,,,,,,,,,,,,,,,,,,,,,
https://frigidaire.com,,,,,,,,,,,PDSH4816AF,PDSH4816AF Dishwasher SS - Display Only,,,,Appliance Dealers Cooperative (APPDE),Frigidaire,Frigidaire®,Frigidaire®,PDSH4816AF,,Appliances & Consumer Electronics>Kitchen Appliances>Built-In Dishwashers,"Frigidaire Frigidaire®, Dishwasher, PDSH4816AF, Frigidaire, SS, Display Only",DISHWASHER FRIGIDAIRE SS DISPLAYONLY,Frigidaire® PDSH4816AF Dishwasher With Display Only unit,"Frigidaire® Dishwasher With Display Only unit, Frigidaire, SS, Display Only, Additional Information: PDSH4816AF Dishwasher SS - Display Only","Dishwasher, Frigidaire, SS, Display Only","Dishwasher, Frigidaire, SS, Display Only",Display Only unit,,,,,,,,,,,,,,,,,,,,With Display Only unit,,,,,,Brand Name,Frigidaire,,Finish,SS,,Status,Display Only,,,,,,,,,,,,,,,,,,,,,,,,,,,,,,,,,,,,,,,,,,,,,,,,,,,,,,,,,,,,,,,,,,,,,,,,,,,,,,,,,,,,,,,,,,,,,,,,,,,,,,,,,,,,,,,,,,,,,,,,,,,,,,,,,,,,,,,,,,,,,,,,,,52141503,,,,,,,,,,,,,,,,,,,,,,,,,,,,,,,,,,,,,,,,,,,
https://www.whirlpool.com/kitchen/dishwasher-and-cleaning/dishwashers/built-in-hidden-control-console/p.WDTS7024RZ.html,https://www.whirlpool.com/kitchen/dishwasher-and-cleaning/dishwashers/built-in-hidden-control-console/p.WDTS7024RZ.html,,,,,,,,,,WDTS7024RZ,WDTS7024RZ Dishwasher SS - Display Only,,,,Appliance Dealers Cooperative (APPDE),Whirlpool,Whirlpool®,Whirlpool®,WDTS7024RZ,,Appliances & Consumer Electronics>Kitchen Appliances>Built-In Dishwashers,"Whirlpool Whirlpool®, Dishwasher, WDTS7024RZ, Whirlpool, SS, Display Only",DISHWASHER WHIRLPOOL SS DISPLAYONLY,Whirlpool® WDTS7024RZ Dishwasher With Display Only unit,"Whirlpool® Dishwasher With Display Only unit, Whirlpool, SS, Display Only, Additional Information: WDTS7024RZ Dishwasher SS - Display Only","Dishwasher, Whirlpool, SS, Display Only","Dishwasher, Whirlpool, SS, Display Only",Display Only unit,,,,,,,,,,,,,,,,,,,,With Display Only unit,,,,,,Brand Name,Whirlpool,,Finish,SS,,Status,Display Only,,,,,,,,,,,,,,,,,,,,,,,,,,,,,,,,,,,,,,,,,,,,,,,,,,,,,,,,,,,,,,,,,,,,,,,,,,,,,,,,,,,,,,,,,,,,,,,,,,,,,,,,,,,,,,,,,,,,,,,,,,,,,,,,,,,,,,,,,,,,,,,,,,52141503,,,,,,,,,,,,,,,,WHIRLPOOL_WDTS7024RZ.jpg,WHIRLPOOL_WDTS7024RZ_1.jpg,WHIRLPOOL_WDTS7024RZ_2.jpg,WHIRLPOOL_WDTS7024RZ_3.jpg,WHIRLPOOL_WDTS7024RZ_4.jpg,,,,,WHIRLPOOL_WDTS7024RZ_Specification_Sheet.pdf,,,,,,,,,,,,,,,,,,Yes
https://,,,,,,,,,,,543302127,6' Water Heater Select T-Rail Kit Stair - w/Sq Composite Balusters,TREX,,,U S Lumber (3073),U S Lumber,TREX,,543302127,,Building Materials>Railing Systems>Railing Kits,"U S Lumber TREX, rail kit, Select T-Rail, 543302127, 6 ft, Stair, Square Composite",RAIL KIT 6FT STAIR SQUARECOMPOSITE,TREX Select T-Rail 543302127 rail kit With w/Sq Composite Balusters,"TREX rail kit With w/Sq Composite Balusters, Select T-Rail, 6 ft length, Stair, Square Composite","Select T-Rail rail kit, 6 ft, Stair, Square Composite","Select T-Rail rail kit, 6 ft, Stair, Square Composite",w/Sq Composite Balusters,,,,,,,,,,,,,,,,,,,,With w/Sq Composite Balusters,,,Stair,Sq Composite Balusters,,length,6,ft,style,Stair,,baluster type,Square Composite,,,,,,,,,,,,,,,,,,,,,,,,,,,,,,,,,,,,,,,,,,,,,,,,,,,,,,,,,,,,,,,,,,,,,,,,,,,,,,,,,,,,,,,,,,,,,,,,,,,,,,,,,,,,,,,,,,,,,,,,,,,,,,,,,,,,,,,,,,,,,,,,,,30152002,,,,,,,,,,,,,,,,,,,,,,,,,,,,,,,,,,,,,,,,,,,
https://,,,,,,,,,,,543302147,8' Water Heater Select T-Rail Kit Stair - w/Sq Composite Balusters,TREX,,,U S Lumber (3073),U S Lumber,TREX,,543302147,,Building Materials>Railing Systems>Railing Kits,"U S Lumber TREX, rail kit, Select T-Rail, 543302147, 8 ft, Stair, Square Composite",RAIL KIT 8FT STAIR SQUARECOMPOSITE,TREX Select T-Rail 543302147 rail kit With w/Sq Composite Balusters,"TREX rail kit With w/Sq Composite Balusters, Select T-Rail, 8 ft length, Stair, Square Composite","Select T-Rail rail kit, 8 ft, Stair, Square Composite","Select T-Rail rail kit, 8 ft, Stair, Square Composite",w/Sq Composite Balusters,,,,,,,,,,,,,,,,,,,,With w/Sq Composite Balusters,,,Stair,Sq Composite Balusters,,length,8,ft,style,Stair,,baluster type,Square Composite,,,,,,,,,,,,,,,,,,,,,,,,,,,,,,,,,,,,,,,,,,,,,,,,,,,,,,,,,,,,,,,,,,,,,,,,,,,,,,,,,,,,,,,,,,,,,,,,,,,,,,,,,,,,,,,,,,,,,,,,,,,,,,,,,,,,,,,,,,,,,,,,,,30152002,,,,,,,,,,,,,,,,,,,,,,,,,,,,,,,,,,,,,,,,,,,
https://,,,,,,,,,,,1517604,6068L Gliding Patio Dr 4500 United White LowE Arg w/J,United Window & Door,,,United Window & Door Manufacturing (UNIWI),United Window & Door Manufacturing,United,United,1517604,,Building Materials>Doors & Windows>Patio Doors,"United Window & Door Manufacturing United, gliding patio door, 4500, 1517604",GLIDING PATIO DOOR 6068 WHITE LOWEARGON,United 4500 1517604 gliding patio door With Gliding,"United gliding patio door With Gliding, 4500, 6068, White, LowE Argon","4500 gliding patio door, 6068, White, LowE Argon","4500 gliding patio door, 6068, White, LowE Argon",Gliding,w/J,,,,,,,,,,,,,,,,,,,With Gliding,,,,,,size,6068,,color,White,,glazing,LowE Argon,,,,,,,,,,,,,,,,,,,,,,,,,,,,,,,,,,,,,,,,,,,,,,,,,,,,,,,,,,,,,,,,,,,,,,,,,,,,,,,,,,,,,,,,,,,,,,,,,,,,,,,,,,,,,,,,,,,,,,,,,,,,,,,,,,,,,,,,,,,,,,,,,,30171501,,,,,,,,,,,,,,,,,,,,,,,,,,,,,,,,,,,,,,,,,,,
https://,,,,,,,,,,,1515974,3030 Slider 3900 United Black Water Heater Int LowE-2 w/Half Scrn w/J,United Window & Door,,,,,United,United,1515974,,Building Materials>Doors & Windows>Slider Windows,"United, Slider Window, 3900, 1515974, 3030, Black, Int LowE-2",SLIDER WINDOW 3030 BLACK INTLOWE-2,"United 3900 1515974 Slider Window With w/Half Scrn, 3030, Black","United Slider Window With w/Half Scrn, 3900, 3030, Black, Int LowE-2","3900 Slider Window, 3030, Black, Int LowE-2","3900 Slider Window, 3030, Black, Int LowE-2",w/Half Scrn,w/J,,,,,,,,,,,,,,,,,,,With w/Half Scrn,,,,Half Screen,,Size,3030,,Color,Black,,Glass Type,Int LowE-2,,,,,,,,,,,,,,,,,,,,,,,,,,,,,,,,,,,,,,,,,,,,,,,,,,,,,,,,,,,,,,,,,,,,,,,,,,,,,,,,,,,,,,,,,,,,,,,,,,,,,,,,,,,,,,,,,,,,,,,,,,,,,,,,,,,,,,,,,,,,,,,,,,30171502,,,,,,,,,,,,,,,,,,,,,,,,,,,,,,,,,,,,,,,,,,,
https://,,,,,,,,,,,MWUG42010124,UTW Pro Heated Glove Black XS,,,,Tech Gear 5.7 Inc (TECGE),Tech Gear 5.7 Inc,UTW,UTW,MWUG42010124,,Safety & Security>Personal Protective Equipment>Hand Protection,"Tech Gear 5.7 Inc UTW, glove, Pro, MWUG42010124, XS, Black, Heated",GLOVE XS BLACK HEATED,"UTW Pro MWUG42010124 glove With Heated, XS, Black","UTW glove With Heated, Pro, XS, Black, Heated","Pro glove, XS, Black, Heated","Pro glove, XS, Black, Heated",Heated,Pro,,,,,,,,,,,,,,,,,,,With Heated,,,,,,Size,XS,,Color,Black,,Type,Heated,,,,,,,,,,,,,,,,,,,,,,,,,,,,,,,,,,,,,,,,,,,,,,,,,,,,,,,,,,,,,,,,,,,,,,,,,,,,,,,,,,,,,,,,,,,,,,,,,,,,,,,,,,,,,,,,,,,,,,,,,,,,,,,,,,,,,,,,,,,,,,,,,,46181504,,,,,,,,,,,,,,,,,,,,,,,,,,,,,,,,,,,,,,,,,,,
https://,,,,,,,,,,,MWUG42010224,UTW Pro Heated Glove Black SM,,,,Tech Gear 5.7 Inc (TECGE),Tech Gear 5.7 Inc,UTW,UTW,MWUG42010224,,Safety & Security>Personal Protective Equipment>Hand Protection,"Tech Gear 5.7 Inc UTW, glove, Pro, MWUG42010224, SM, Black, Heated",GLOVE SM BLACK HEATED,"UTW Pro MWUG42010224 glove With Heated, SM, Black","UTW glove With Heated, Pro, SM, Black, Heated","Pro glove, SM, Black, Heated","Pro glove, SM, Black, Heated",Heated,Pro,,,,,,,,,,,,,,,,,,,With Heated,,,,,,Size,SM,,Color,Black,,Type,Heated,,,,,,,,,,,,,,,,,,,,,,,,,,,,,,,,,,,,,,,,,,,,,,,,,,,,,,,,,,,,,,,,,,,,,,,,,,,,,,,,,,,,,,,,,,,,,,,,,,,,,,,,,,,,,,,,,,,,,,,,,,,,,,,,,,,,,,,,,,,,,,,,,,46181504,,,,,,,,,,,,,,,,,,,,,,,,,,,,,,,,,,,,,,,,,,,
https://,,,,,,,,,,,MWUG42010324,UTW Pro Heated Glove Black MD,,,,Tech Gear 5.7 Inc (TECGE),Tech Gear 5.7 Inc,UTW,UTW,MWUG42010324,,Safety & Security>Personal Protective Equipment>Hand Protection,"Tech Gear 5.7 Inc UTW, glove, Pro, MWUG42010324, MD, Black, Heated",GLOVE MD BLACK HEATED,"UTW Pro MWUG42010324 glove With Heated, MD, Black","UTW glove With Heated, Pro, MD, Black, Heated","Pro glove, MD, Black, Heated","Pro glove, MD, Black, Heated",Heated,Pro,,,,,,,,,,,,,,,,,,,With Heated,,,,,,Size,MD,,Color,Black,,Type,Heated,,,,,,,,,,,,,,,,,,,,,,,,,,,,,,,,,,,,,,,,,,,,,,,,,,,,,,,,,,,,,,,,,,,,,,,,,,,,,,,,,,,,,,,,,,,,,,,,,,,,,,,,,,,,,,,,,,,,,,,,,,,,,,,,,,,,,,,,,,,,,,,,,,46181504,,,,,,,,,,,,,,,,,,,,,,,,,,,,,,,,,,,,,,,,,,,
https://,,,,,,,,,,,MWUG42010424,UTW Pro Heated Glove Black LG,,,,Tech Gear 5.7 Inc (TECGE),Tech Gear 5.7 Inc,UTW,UTW,MWUG42010424,,Safety & Security>Personal Protective Equipment>Hand Protection,"Tech Gear 5.7 Inc UTW, glove, Pro, MWUG42010424, LG, Black, Heated",GLOVE LG BLACK HEATED,"UTW Pro MWUG42010424 glove With Heated, LG, Black","UTW glove With Heated, Pro, LG, Black, Heated","Pro glove, LG, Black, Heated","Pro glove, LG, Black, Heated",Heated,Pro,,,,,,,,,,,,,,,,,,,With Heated,,,,,,Size,LG,,Color,Black,,Type,Heated,,,,,,,,,,,,,,,,,,,,,,,,,,,,,,,,,,,,,,,,,,,,,,,,,,,,,,,,,,,,,,,,,,,,,,,,,,,,,,,,,,,,,,,,,,,,,,,,,,,,,,,,,,,,,,,,,,,,,,,,,,,,,,,,,,,,,,,,,,,,,,,,,,46181504,,,,,,,,,,,,,,,,,,,,,,,,,,,,,,,,,,,,,,,,,,,
https://vessel.com,,,,,,,,,,,220USBP5U,220USBP5U Vessel Screwdriver Plus w/5pc Bit Set,,,,Vessel Tools USA Inc (VESTO),Vessel Tools USA Inc,Vessel,Vessel,220USBP5U,,Tools & Equipment>Hand Tools>Screwdrivers,"Vessel Tools USA Inc Vessel, Screwdriver, 220USBP5U, 5 pc",SCREWDRIVER 5PC,Vessel 220USBP5U Screwdriver With Screwdriver Plus,"Vessel Screwdriver With Screwdriver Plus, 5 pc Bit Count, Additional Information: 220USBP5U Vessel Screwdriver Plus w/5pc Bit Set","Screwdriver, 5 pc","Screwdriver, 5 pc",Screwdriver Plus,w/5pc Bit Set,,,,,,,,,,,,,,,,,,,With Screwdriver Plus,,,,5pc Bit Set,,Bit Count,5,pc,,,,,,,,,,,,,,,,,,,,,,,,,,,,,,,,,,,,,,,,,,,,,,,,,,,,,,,,,,,,,,,,,,,,,,,,,,,,,,,,,,,,,,,,,,,,,,,,,,,,,,,,,,,,,,,,,,,,,,,,,,,,,,,,,,,,,,,,,,,,,,,,,,,,,,,27111701,,,,,,,,,,,,,,,,,,,,,,,,,,,,,,,,,,,,,,,,,,,
https://,,,,,,,,,,,TGI2-T36A,"TGI2-T36A 36"" Table Assembly Industrial",,,,Saw Stop LLC (SAWST),Saw Stop LLC,Saw Stop,Saw Stop,TGI2-T36A,,Power Tools & Equipment>Power Tool Accessories>Table Saw Accessories,"Saw Stop LLC Saw Stop, Table Assembly, T-Glide, TGI2-T36A, TGI2-T36A, 36 in, Industrial",TABLE ASSEMBLY TGI2-T36A 36IN INDUSTRIAL,Saw Stop T-Glide TGI2-T36A Table Assembly With Table Assembly,"Saw Stop Table Assembly With Table Assembly, T-Glide, TGI2-T36A, 36 in Length, Industrial","T-Glide Table Assembly, TGI2-T36A, 36 in, Industrial","T-Glide Table Assembly, TGI2-T36A, 36 in, Industrial",Table Assembly,,,,,,,,,,,,,,,,,,,,With Table Assembly,,,Table Saw,,,Model Number,TGI2-T36A,,Length,36,in,Grade,Industrial,,,,,,,,,,,,,,,,,,,,,,,,,,,,,,,,,,,,,,,,,,,,,,,,,,,,,,,,,,,,,,,,,,,,,,,,,,,,,,,,,,,,,,,,,,,,,,,,,,,,,,,,,,,,,,,,,,,,,,,,,,,,,,,,,,,,,,,,,,,,,,,,,,27112700,,,,,,,,,,,,,,,,,,,,,,,,,,,,,,,,,,,,,,,,,,,
https://black.com,,,,,,,,,,,DCLE34520GB,DCLE34520GB Dewalt Laser 20V - Cross Line 5 Spot (Bare),,,DEWALT,Black & Decker/dewlt (2585),Black & Decker/dewlt,Dewalt,Dewalt,DCLE34520GB,,Tools & Equipment>Measuring & Layout>Laser Levels,"Black & Decker/dewlt Dewalt, laser level, DCLE34520GB, 20 V",LASER LEVEL 20V,Dewalt DCLE34520GB laser level With Cross Line,"Dewalt laser level With Cross Line, 20 V Voltage Rating, Additional Information: DCLE34520GB Dewalt Laser 20V - Cross Line 5 Spot (Bare)",laser level,laser level,Cross Line,5 Spot,,,,,,,,,,,,,,,,,,,With Cross Line,,,,Bare,,Voltage Rating,20,V,,,,,,,,,,,,,,,,,,,,,,,,,,,,,,,,,,,,,,,,,,,,,,,,,,,,,,,,,,,,,,,,,,,,,,,,,,,,,,,,,,,,,,,,,,,,,,,,,,,,,,,,,,,,,,,,,,,,,,,,,,,,,,,,,,,,,,,,,,,,,,,,,,,,,,,41113904,,,,,,,,,,,,,,,,,,,,,,,,,,,,,,,,,,,,,,,,,,,
https://black.com,,,,,,,,,,,DCS714B,"DCS714B Dewalt 20V Miter Saw - (Bare) 10"" Double Bevel Fixed",,,,Black & Decker/dewlt (2585),Black & Decker/dewlt,Dewalt,Dewalt,DCS714B,,Tools & Equipment>Power Tools>Miter Saws,"Black & Decker/dewlt Dewalt, miter saw, DCS714B, 20 V, 10 in",MITER SAW 20V 10IN,Dewalt DCS714B miter saw With Double Bevel,"Dewalt miter saw With Double Bevel, 20 V Voltage Rating, 10 in Blade Diameter","miter saw, 10 in","miter saw, 10 in",Double Bevel,Fixed,Bare,,,,,,,,,,,,,,,,,,With Double Bevel,,,,,,Voltage Rating,20,V,Blade Diameter,10,in,,,,,,,,,,,,,,,,,,,,,,,,,,,,,,,,,,,,,,,,,,,,,,,,,,,,,,,,,,,,,,,,,,,,,,,,,,,,,,,,,,,,,,,,,,,,,,,,,,,,,,,,,,,,,,,,,,,,,,,,,,,,,,,,,,,,,,,,,,,,,,,,,,,,27112702,,,,,,,,,,,,,,,,,,,,,,,,,,,,,,,,,,,,,,,,,,,
https://black.com,,,,,,,,,,,DCS785B,"DCS785B Dewalt 20V Miter Saw - Kit 12"" Double Bevel Sliding",,,,Black & Decker/dewlt (2585),Black & Decker/dewlt,Dewalt,Dewalt,DCS785B,,Tools & Equipment>Power Tools>Miter Saws,"Black & Decker/dewlt Dewalt, miter saw, DCS785B, 20 V, 12 in",MITER SAW 20V 12IN,Dewalt DCS785B miter saw With Double Bevel,"Dewalt miter saw With Double Bevel, 20 V Voltage Rating, 12 in Blade Diameter","miter saw, 12 in","miter saw, 12 in",Double Bevel,Sliding,,,,,,,,,,,,,,,,,,,With Double Bevel,,,,Kit,,Voltage Rating,20,V,Blade Diameter,12,in,,,,,,,,,,,,,,,,,,,,,,,,,,,,,,,,,,,,,,,,,,,,,,,,,,,,,,,,,,,,,,,,,,,,,,,,,,,,,,,,,,,,,,,,,,,,,,,,,,,,,,,,,,,,,,,,,,,,,,,,,,,,,,,,,,,,,,,,,,,,,,,,,,,,27112702,,,,,,,,,,,,,,,,,,,,,,,,,,,,,,,,,,,,,,,,,,,
https://black.com,,,,,,,,,,,DCS384B,DCS384B Dewalt 20V Brushless - Cordless Recip Saw (Bare),,,DEWALT,Black & Decker/dewlt (2585),Black & Decker/dewlt,Dewalt,Dewalt,DCS384B,,Power Tools>Saws>Reciprocating Saws,"Black & Decker/dewlt Dewalt, reciprocating saw, DCS384B, 20 V",RECIPROCATING SAW 20V,Dewalt DCS384B reciprocating saw With Brushless,"Dewalt reciprocating saw With Brushless, 20 V Voltage Rating",reciprocating saw,reciprocating saw,Brushless,Cordless,Bare,,,,,,,,,,,,,,,,,,With Brushless,,,,,,Voltage Rating,20,V,,,,,,,,,,,,,,,,,,,,,,,,,,,,,,,,,,,,,,,,,,,,,,,,,,,,,,,,,,,,,,,,,,,,,,,,,,,,,,,,,,,,,,,,,,,,,,,,,,,,,,,,,,,,,,,,,,,,,,,,,,,,,,,,,,,,,,,,,,,,,,,,,,,,,,,27112702,,,,,,,,,,,,,,,,,,,,,,,,,,,,,,,,,,,,,,,,,,,
https://wera.com,,,,,,,,,,,05134545001,9516 Kneeling Pad& Bttl Opener,,,,Wera Tools NA Inc (WERTO),Wera Tools NA Inc,Wera,Wera,05134545001,,Tools & Equipment>Hand Tools>Work Support & Protection,"Wera Tools NA Inc Wera, Kneeling pad, 05134545001, Kneeling Pad& Bttl Opener",KNEELING PAD KNEELINGPAD&BTTLOPENER,Wera 05134545001 Kneeling pad With Bottle Opener,"Wera Kneeling pad With Bottle Opener, Kneeling Pad& Bttl Opener","Kneeling pad, Kneeling Pad& Bttl Opener","Kneeling pad, Kneeling Pad& Bttl Opener",Bottle Opener,,,,,,,,,,,,,,,,,,,,With Bottle Opener,,,,,,Item,Kneeling Pad& Bttl Opener,,,,,,,,,,,,,,,,,,,,,,,,,,,,,,,,,,,,,,,,,,,,,,,,,,,,,,,,,,,,,,,,,,,,,,,,,,,,,,,,,,,,,,,,,,,,,,,,,,,,,,,,,,,,,,,,,,,,,,,,,,,,,,,,,,,,,,,,,,,,,,,,,,,,,,,,27112800,,,,,,,,,,,,,,,,,,,,,,,,,,,,,,,,,,,,,,,,,,,
https://appliance.com,https://www.appliance.com/search?q=WKE100HWA,,,,,,,,,,WKE100HWA,WKE100HWA LG Laundry Center Water Heater - Display,,,,Appliance Dealers Cooperative (APPDE),Appliance Dealers Cooperative,LG,LG,WKE100HWA,,Appliances & Consumer Electronics>Laundry Appliances>Laundry Centers,"Appliance Dealers Cooperative LG, laundry center, WKE100HWA, WKE100HWA",LAUNDRY CENTER WKE100HWA,LG WKE100HWA laundry center With Water Heater,"LG laundry center With Water Heater, WKE100HWA","laundry center, WKE100HWA","laundry center, WKE100HWA",Water Heater,Display,,,,,,,,,,,,,,,,,,,With Water Heater,,,,,,Model Number,WKE100HWA,,,,,,,,,,,,,,,,,,,,,,,,,,,,,,,,,,,,,,,,,,,,,,,,,,,,,,,,,,,,,,,,,,,,,,,,,,,,,,,,,,,,,,,,,,,,,,,,,,,,,,,,,,,,,,,,,,,,,,,,,,,,,,,,,,,,,,,,,,,,,,,,,,,,,,,,52141508,,,,,,,,,,,,,,,,,,,,,,,,,,,,,,,,,,,,,,,,,,,
https://,,,,,,,,,,,AGB15516WT,1x6-16' Weathered Teak Grooved - Vintage Azek PVC Decking,TIMBERTECH,,,Parksite (6151),Azek,Azek,Azek,AGB15516WT,,Building Materials>Decking & Fencing>Composite Decking,"Azek, Decking, Vintage, AGB15516WT, 1x6-16' ft, Weathered Teak, Grooved",DECKING 1X6-16'FT WEATHEREDTEAK GROOVED,"Azek Vintage AGB15516WT Decking With Grooved profile, Weathered Teak, PVC","Azek Decking With Grooved profile, Vintage, 1x6-16' ft Dimensions, Weathered Teak, Grooved, PVC","Vintage Decking, 1x6-16' ft, Weathered Teak, Grooved","Vintage Decking, 1x6-16' ft, Weathered Teak, Grooved",Grooved profile,,,,,,,,,,,,,,,,,,,,With Grooved profile,,,Decking,,,Dimensions,1x6-16',ft,Color,Weathered Teak,,Edge Profile,Grooved,,Material,PVC,,,,,,,,,,,,,,,,,,,,,,,,,,,,,,,,,,,,,,,,,,,,,,,,,,,,,,,,,,,,,,,,,,,,,,,,,,,,,,,,,,,,,,,,,,,,,,,,,,,,,,,,,,,,,,,,,,,,,,,,,,,,,,,,,,,,,,,,,,,,,,,30103600,,,,,,,,,,,,,,,,,,,,,,,,,,,,,,,,,,,,,,,,,,,
https://,,,,,,,,,,,AGB15520WT,1x6-20' Weathered Teak Grooved - Vintage Azek PVC Decking,TIMBERTECH,,,Parksite (6151),Azek,Azek,Azek,AGB15520WT,,Building Materials>Decking & Fencing>Composite Decking,"Azek, Decking, Vintage, AGB15520WT, 1x6-20' ft, Weathered Teak, Grooved",DECKING 1X6-20'FT WEATHEREDTEAK GROOVED,"Azek Vintage AGB15520WT Decking With Grooved profile, Weathered Teak, PVC","Azek Decking With Grooved profile, Vintage, 1x6-20' ft Dimensions, Weathered Teak, Grooved, PVC","Vintage Decking, 1x6-20' ft, Weathered Teak, Grooved","Vintage Decking, 1x6-20' ft, Weathered Teak, Grooved",Grooved profile,,,,,,,,,,,,,,,,,,,,With Grooved profile,,,Decking,,,Dimensions,1x6-20',ft,Color,Weathered Teak,,Edge Profile,Grooved,,Material,PVC,,,,,,,,,,,,,,,,,,,,,,,,,,,,,,,,,,,,,,,,,,,,,,,,,,,,,,,,,,,,,,,,,,,,,,,,,,,,,,,,,,,,,,,,,,,,,,,,,,,,,,,,,,,,,,,,,,,,,,,,,,,,,,,,,,,,,,,,,,,,,,,30103600,,,,,,,,,,,,,,,,,,,,,,,,,,,,,,,,,,,,,,,,,,,
https://,,,,,,,,,,,ADB15516AW,1x6-16' American Walnut Sq Edg - Landmark Azek PVC Decking,TIMBERTECH,,,Parksite (6151),Azek,Azek,Azek,ADB15516AW,,Building Materials>Decking & Fencing>Composite Decking,"Azek, Decking, Landmark, ADB15516AW, 1x6-16' ft, American Walnut, Sq Edg",DECKING 1X6-16'FT AMERICANWALNUT SQEDG,"Azek Landmark ADB15516AW Decking With Sq Edge, American Walnut, PVC","Azek Decking With Sq Edge, Landmark, 1x6-16' ft Dimensions, American Walnut, Sq Edg, PVC","Landmark Decking, 1x6-16' ft, American Walnut, Sq Edg","Landmark Decking, 1x6-16' ft, American Walnut, Sq Edg",Sq Edge,,,,,,,,,,,,,,,,,,,,With Sq Edge,,,Decking,,,Dimensions,1x6-16',ft,Color,American Walnut,,Edge Profile,Sq Edg,,Material,PVC,,,,,,,,,,,,,,,,,,,,,,,,,,,,,,,,,,,,,,,,,,,,,,,,,,,,,,,,,,,,,,,,,,,,,,,,,,,,,,,,,,,,,,,,,,,,,,,,,,,,,,,,,,,,,,,,,,,,,,,,,,,,,,,,,,,,,,,,,,,,,,,30103600,,,,,,,,,,,,,,,,,,,,,,,,,,,,,,,,,,,,,,,,,,,
https://,,,,,,,,,,,ADB15520AW,1x6-20' American Walnut Sq Edg - Landmark Azek PVC Decking,TIMBERTECH,,,Parksite (6151),Azek,Azek,Azek,ADB15520AW,,Building Materials>Decking & Fencing>Composite Decking,"Azek, Decking, Landmark, ADB15520AW, 1x6-20' ft, American Walnut, Sq Edg",DECKING 1X6-20'FT AMERICANWALNUT SQEDG,"Azek Landmark ADB15520AW Decking With Sq Edge, American Walnut, PVC","Azek Decking With Sq Edge, Landmark, 1x6-20' ft Dimensions, American Walnut, Sq Edg, PVC","Landmark Decking, 1x6-20' ft, American Walnut, Sq Edg","Landmark Decking, 1x6-20' ft, American Walnut, Sq Edg",Sq Edge,,,,,,,,,,,,,,,,,,,,With Sq Edge,,,Decking,,,Dimensions,1x6-20',ft,Color,American Walnut,,Edge Profile,Sq Edg,,Material,PVC,,,,,,,,,,,,,,,,,,,,,,,,,,,,,,,,,,,,,,,,,,,,,,,,,,,,,,,,,,,,,,,,,,,,,,,,,,,,,,,,,,,,,,,,,,,,,,,,,,,,,,,,,,,,,,,,,,,,,,,,,,,,,,,,,,,,,,,,,,,,,,,30103600,,,,,,,,,,,,,,,,,,,,,,,,,,,,,,,,,,,,,,,,,,,
https://,,,,,,,,,,,ADB15516CG,1x6-16' Castle Gate Sq Edge - Landmark Azek PVC Decking,TIMBERTECH,,,Parksite (6151),Azek,Azek,Azek,ADB15516CG,,Building Materials>Decking & Fencing>Composite Decking,"Azek, Decking, Landmark, ADB15516CG, 1x6-16' ft, Castle Gate, Sq Edge",DECKING 1X6-16'FT CASTLEGATE SQEDGE PVC,"Azek Landmark ADB15516CG Decking With Sq Edge, Castle Gate, PVC","Azek Decking With Sq Edge, Landmark, 1x6-16' ft Dimensions, Castle Gate, Sq Edge, PVC","Landmark Decking, 1x6-16' ft, Castle Gate, Sq Edge","Landmark Decking, 1x6-16' ft, Castle Gate, Sq Edge",Sq Edge,,,,,,,,,,,,,,,,,,,,With Sq Edge,,,Decking,,,Dimensions,1x6-16',ft,Color,Castle Gate,,Edge Profile,Sq Edge,,Material,PVC,,,,,,,,,,,,,,,,,,,,,,,,,,,,,,,,,,,,,,,,,,,,,,,,,,,,,,,,,,,,,,,,,,,,,,,,,,,,,,,,,,,,,,,,,,,,,,,,,,,,,,,,,,,,,,,,,,,,,,,,,,,,,,,,,,,,,,,,,,,,,,,30103600,,,,,,,,,,,,,,,,,,,,,,,,,,,,,,,,,,,,,,,,,,,
https://,,,,,,,,,,,ADB15520CG,1x6-20' Castle Gate Sq Edge - Landmark Azek PVC Decking,TIMBERTECH,,,Parksite (6151),Azek,Azek,Azek,ADB15520CG,,Building Materials>Decking & Fencing>Composite Decking,"Azek, Decking, Landmark, ADB15520CG, 1x6-20' ft, Castle Gate, Sq Edge",DECKING 1X6-20'FT CASTLEGATE SQEDGE PVC,"Azek Landmark ADB15520CG Decking With Sq Edge, Castle Gate, PVC","Azek Decking With Sq Edge, Landmark, 1x6-20' ft Dimensions, Castle Gate, Sq Edge, PVC","Landmark Decking, 1x6-20' ft, Castle Gate, Sq Edge","Landmark Decking, 1x6-20' ft, Castle Gate, Sq Edge",Sq Edge,,,,,,,,,,,,,,,,,,,,With Sq Edge,,,Decking,,,Dimensions,1x6-20',ft,Color,Castle Gate,,Edge Profile,Sq Edge,,Material,PVC,,,,,,,,,,,,,,,,,,,,,,,,,,,,,,,,,,,,,,,,,,,,,,,,,,,,,,,,,,,,,,,,,,,,,,,,,,,,,,,,,,,,,,,,,,,,,,,,,,,,,,,,,,,,,,,,,,,,,,,,,,,,,,,,,,,,,,,,,,,,,,,30103600,,,,,,,,,,,,,,,,,,,,,,,,,,,,,,,,,,,,,,,,,,,
https://,,,,,,,,,,,ADB15516FW,1x6-16' French White Oak Sq Ed - Landmark Azek PVC Decking,TIMBERTECH,,,Parksite (6151),Azek,Azek,Azek,ADB15516FW,,Building Materials>Decking & Fencing>Composite Decking,"Azek, Decking, Landmark, ADB15516FW, 1x6-16' ft, French White Oak, Sq Ed",DECKING 1X6-16'FT FRENCHWHITEOAK SQED,"Azek Landmark ADB15516FW Decking With Sq Ed, French White Oak, PVC","Azek Decking With Sq Ed, Landmark, 1x6-16' ft Dimensions, French White Oak, Sq Ed, PVC","Landmark Decking, 1x6-16' ft, French White Oak, Sq Ed","Landmark Decking, 1x6-16' ft, French White Oak, Sq Ed",Sq Ed,,,,,,,,,,,,,,,,,,,,With Sq Ed,,,Decking,,,Dimensions,1x6-16',ft,Color,French White Oak,,Edge Profile,Sq Ed,,Material,PVC,,,,,,,,,,,,,,,,,,,,,,,,,,,,,,,,,,,,,,,,,,,,,,,,,,,,,,,,,,,,,,,,,,,,,,,,,,,,,,,,,,,,,,,,,,,,,,,,,,,,,,,,,,,,,,,,,,,,,,,,,,,,,,,,,,,,,,,,,,,,,,,30103600,,,,,,,,,,,,,,,,,,,,,,,,,,,,,,,,,,,,,,,,,,,
https://,,,,,,,,,,,ADB15520FW,1x6-20' French White Oak Sq Ed - Landmark Azek PVC Decking,TIMBERTECH,,,Parksite (6151),Azek,Azek,Azek,ADB15520FW,,Building Materials>Decking & Fencing>Composite Decking,"Azek, Decking, Landmark, ADB15520FW, 1x6-20' ft, French White Oak, Sq Ed",DECKING 1X6-20'FT FRENCHWHITEOAK SQED,"Azek Landmark ADB15520FW Decking With Sq Ed, French White Oak, PVC","Azek Decking With Sq Ed, Landmark, 1x6-20' ft Dimensions, French White Oak, Sq Ed, PVC","Landmark Decking, 1x6-20' ft, French White Oak, Sq Ed","Landmark Decking, 1x6-20' ft, French White Oak, Sq Ed",Sq Ed,,,,,,,,,,,,,,,,,,,,With Sq Ed,,,Decking,,,Dimensions,1x6-20',ft,Color,French White Oak,,Edge Profile,Sq Ed,,Material,PVC,,,,,,,,,,,,,,,,,,,,,,,,,,,,,,,,,,,,,,,,,,,,,,,,,,,,,,,,,,,,,,,,,,,,,,,,,,,,,,,,,,,,,,,,,,,,,,,,,,,,,,,,,,,,,,,,,,,,,,,,,,,,,,,,,,,,,,,,,,,,,,,30103600,,,,,,,,,,,,,,,,,,,,,,,,,,,,,,,,,,,,,,,,,,,
https://,,,,,,,,,,,1501831,31.5x14.75 Bsmt ecoLitePlus Water Heater - Hopper DLA w/Screen,PROVIA,,,ProVia (PRODO),ProVia,PROVIA,,1501831,,Building Materials>Doors & Windows>Basement Windows,"ProVia PROVIA, Basement Window, ecoLitePlus, 1501831, 31.5 in, 14.75 in, Hopper",BASEMENT WINDOW 31.5IN 14.75IN HOPPER,PROVIA ecoLitePlus 1501831 Basement Window With DLA,"PROVIA Basement Window With DLA, ecoLitePlus, 31.5 in Width, 14.75 in Height, Hopper","ecoLitePlus Basement Window, 31.5 in, 14.75 in, Hopper","ecoLitePlus Basement Window, 31.5 in, 14.75 in, Hopper",DLA,w/Screen,,,,,,,,,,,,,,,,,,,With DLA,,,Basement,Screen,,Width,31.5,in,Height,14.75,in,Style,Hopper,,,,,,,,,,,,,,,,,,,,,,,,,,,,,,,,,,,,,,,,,,,,,,,,,,,,,,,,,,,,,,,,,,,,,,,,,,,,,,,,,,,,,,,,,,,,,,,,,,,,,,,,,,,,,,,,,,,,,,,,,,,,,,,,,,,,,,,,,,,,,,,,,,30171502,,,,,,,,,,,,,,,,,,,,,,,,,,,,,,,,,,,,,,,,,,,
https://,,,,,,,,,,,1501832,31.5x22.75 Bsmt ecoLitePlus Water Heater - Hopper DLA w/Screen,PROVIA,,,ProVia (PRODO),ProVia,PROVIA,,1501832,,Building Materials>Doors & Windows>Basement Windows,"ProVia PROVIA, Basement Window, ecoLitePlus, 1501832, 31.5 in, 22.75 in, Hopper",BASEMENT WINDOW 31.5IN 22.75IN HOPPER,PROVIA ecoLitePlus 1501832 Basement Window With DLA,"PROVIA Basement Window With DLA, ecoLitePlus, 31.5 in Width, 22.75 in Height, Hopper","ecoLitePlus Basement Window, 31.5 in, 22.75 in, Hopper","ecoLitePlus Basement Window, 31.5 in, 22.75 in, Hopper",DLA,w/Screen,,,,,,,,,,,,,,,,,,,With DLA,,,Basement,Screen,,Width,31.5,in,Height,22.75,in,Style,Hopper,,,,,,,,,,,,,,,,,,,,,,,,,,,,,,,,,,,,,,,,,,,,,,,,,,,,,,,,,,,,,,,,,,,,,,,,,,,,,,,,,,,,,,,,,,,,,,,,,,,,,,,,,,,,,,,,,,,,,,,,,,,,,,,,,,,,,,,,,,,,,,,,,,30171502,,,,,,,,,,,,,,,,,,,,,,,,,,,,,,,,,,,,,,,,,,,
https://kichler.com,,,,,,,,,,,45297BK,45297BK Kichler Wall Lt,,,,Kichler Lighting (KICLI),Kichler Lighting,Kichler,Kichler,45297BK,,Lighting>Wall Lighting>Sconces,"Kichler Lighting Kichler, Wall Light, 45297BK, BK, 45297BK",WALL LIGHT BK 45297BK,Kichler 45297BK Wall Light With Wall Lt,"Kichler Wall Light With Wall Lt, BK, 45297BK","Wall Light, BK, 45297BK","Wall Light, BK, 45297BK",Wall Lt,,,,,,,,,,,,,,,,,,,,With Wall Lt,,,Wall Lighting,,,Finish,BK,,Model Number,45297BK,,,,,,,,,,,,,,,,,,,,,,,,,,,,,,,,,,,,,,,,,,,,,,,,,,,,,,,,,,,,,,,,,,,,,,,,,,,,,,,,,,,,,,,,,,,,,,,,,,,,,,,,,,,,,,,,,,,,,,,,,,,,,,,,,,,,,,,,,,,,,,,,,,,,,39111522,,,,,,,,,,,,,,,,,,,,,,,,,,,,,,,,,,,,,,,,,,,
https://kichler.com,,,,,,,,,,,45573BK,45573BK Kichler Wall Light,,,,Kichler Lighting (KICLI),Kichler Lighting,Kichler,Kichler,45573BK,,Lighting>Wall Lighting>Sconces,"Kichler Lighting Kichler, Wall Light, 45573BK, BK, 45573BK",WALL LIGHT BK 45573BK,Kichler 45573BK Wall Light With Wall Light,"Kichler Wall Light With Wall Light, BK, 45573BK","Wall Light, BK, 45573BK","Wall Light, BK, 45573BK",Wall Light,,,,,,,,,,,,,,,,,,,,With Wall Light,,,Wall Lighting,,,Finish,BK,,Model Number,45573BK,,,,,,,,,,,,,,,,,,,,,,,,,,,,,,,,,,,,,,,,,,,,,,,,,,,,,,,,,,,,,,,,,,,,,,,,,,,,,,,,,,,,,,,,,,,,,,,,,,,,,,,,,,,,,,,,,,,,,,,,,,,,,,,,,,,,,,,,,,,,,,,,,,,,,39111522,,,,,,,,,,,,,,,,,,,,,,,,,,,,,,,,,,,,,,,,,,,
https://kichler.com,,,,,,,,,,,45496BKCLR,45496BKCLR Kichler Bath Light,,,,Kichler Lighting (KICLI),Kichler Lighting,Kichler,Kichler,45496BKCLR,,Lighting>Bath Lighting>Vanity Lights,"Kichler Lighting Kichler, Bath Light, 45496BKCLR, BKCLR, 45496BKCLR",BATH LIGHT BKCLR 45496BKCLR,Kichler 45496BKCLR Bath Light With Bath Light,"Kichler Bath Light With Bath Light, BKCLR, 45496BKCLR","Bath Light, BKCLR, 45496BKCLR","Bath Light, BKCLR, 45496BKCLR",Bath Light,,,,,,,,,,,,,,,,,,,,With Bath Light,,,Bath Lighting,,,Finish,BKCLR,,Model Number,45496BKCLR,,,,,,,,,,,,,,,,,,,,,,,,,,,,,,,,,,,,,,,,,,,,,,,,,,,,,,,,,,,,,,,,,,,,,,,,,,,,,,,,,,,,,,,,,,,,,,,,,,,,,,,,,,,,,,,,,,,,,,,,,,,,,,,,,,,,,,,,,,,,,,,,,,,,,39111522,,,,,,,,,,,,,,,,,,,,,,,,,,,,,,,,,,,,,,,,,,,
https://kichler.com,,,,,,,,,,,45973BK,45973BK Kichler Wall Light,,,,Kichler Lighting (KICLI),Kichler Lighting,Kichler,Kichler,45973BK,,Lighting>Wall Lighting>Sconces,"Kichler Lighting Kichler, Wall Light, 45973BK, BK, 45973BK",WALL LIGHT BK 45973BK,Kichler 45973BK Wall Light With Wall Light,"Kichler Wall Light With Wall Light, BK, 45973BK","Wall Light, BK, 45973BK","Wall Light, BK, 45973BK",Wall Light,,,,,,,,,,,,,,,,,,,,With Wall Light,,,Wall Lighting,,,Finish,BK,,Model Number,45973BK,,,,,,,,,,,,,,,,,,,,,,,,,,,,,,,,,,,,,,,,,,,,,,,,,,,,,,,,,,,,,,,,,,,,,,,,,,,,,,,,,,,,,,,,,,,,,,,,,,,,,,,,,,,,,,,,,,,,,,,,,,,,,,,,,,,,,,,,,,,,,,,,,,,,,39111522,,,,,,,,,,,,,,,,,,,,,,,,,,,,,,,,,,,,,,,,,,,
https://kichler.com,,,,,,,,,,,55155BK,55155BK Kichler Wall Lt,,,,Kichler Lighting (KICLI),Kichler Lighting,Kichler,Kichler,55155BK,,Lighting>Wall Lighting>Sconces,"Kichler Lighting Kichler, Wall Light, 55155BK, BK, 55155BK",WALL LIGHT BK 55155BK,Kichler 55155BK Wall Light With Wall Lt,"Kichler Wall Light With Wall Lt, BK, 55155BK","Wall Light, BK, 55155BK","Wall Light, BK, 55155BK",Wall Lt,,,,,,,,,,,,,,,,,,,,With Wall Lt,,,Wall Lighting,,,Finish,BK,,Model Number,55155BK,,,,,,,,,,,,,,,,,,,,,,,,,,,,,,,,,,,,,,,,,,,,,,,,,,,,,,,,,,,,,,,,,,,,,,,,,,,,,,,,,,,,,,,,,,,,,,,,,,,,,,,,,,,,,,,,,,,,,,,,,,,,,,,,,,,,,,,,,,,,,,,,,,,,,39111522,,,,,,,,,,,,,,,,,,,,,,,,,,,,,,,,,,,,,,,,,,,
https://kichler.com,,,,,,,,,,,55157CPZ,55157CPZ Kichler Wall Light,,,,Kichler Lighting (KICLI),Kichler Lighting,Kichler,Kichler,55157CPZ,,Lighting>Wall Lighting>Sconces,"Kichler Lighting Kichler, Wall Light, 55157CPZ, CPZ, 55157CPZ",WALL LIGHT CPZ 55157CPZ,Kichler 55157CPZ Wall Light With Wall Light,"Kichler Wall Light With Wall Light, CPZ, 55157CPZ","Wall Light, CPZ, 55157CPZ","Wall Light, CPZ, 55157CPZ",Wall Light,,,,,,,,,,,,,,,,,,,,With Wall Light,,,Wall Lighting,,,Finish,CPZ,,Model Number,55157CPZ,,,,,,,,,,,,,,,,,,,,,,,,,,,,,,,,,,,,,,,,,,,,,,,,,,,,,,,,,,,,,,,,,,,,,,,,,,,,,,,,,,,,,,,,,,,,,,,,,,,,,,,,,,,,,,,,,,,,,,,,,,,,,,,,,,,,,,,,,,,,,,,,,,,,,39111522,,,,,,,,,,,,,,,,,,,,,,,,,,,,,,,,,,,,,,,,,,,
https://,,,,,,,,,,,65-572R1,65572 Satco 2x4 LED Flat Panel,,,,Satco Prod Inc (5573),Satco Prod Inc,Satco,Satco,65-572R1,,Lighting & Fans>Commercial Lighting>LED Panel Lights,"Satco Prod Inc Satco, LED Flat Panel, 65-572R1, 2x4",LED FLAT PANEL 2X4,Satco 65-572R1 LED Flat Panel With LED,"Satco LED Flat Panel With LED, 2x4","LED Flat Panel, 2x4","LED Flat Panel, 2x4",LED,,,,,,,,,,,,,,,,,,,,With LED,,,Commercial Lighting,,,dimensions,2x4,,,,,,,,,,,,,,,,,,,,,,,,,,,,,,,,,,,,,,,,,,,,,,,,,,,,,,,,,,,,,,,,,,,,,,,,,,,,,,,,,,,,,,,,,,,,,,,,,,,,,,,,,,,,,,,,,,,,,,,,,,,,,,,,,,,,,,,,,,,,,,,,,,,,,,,,39111500,,,,,,,,,,,,,,,,,,,,,,,,,,,,,,,,,,,,,,,,,,,
https://kichler.com,,,,,,,,,,,59062BSL,59062BSL Kichler Ext Wall Lt,,,,Kichler Lighting (KICLI),Kichler Lighting,Kichler,Kichler,59062BSL,,Lighting & Fans>Outdoor Lighting>Wall Lighting,"Kichler Lighting Kichler, Wall Light, 59062BSL, 59062BSL",WALL LIGHT 59062BSL,Kichler 59062BSL Wall Light With Exterior wall light,"Kichler Wall Light With Exterior wall light, 59062BSL","Wall Light, 59062BSL","Wall Light, 59062BSL",Exterior wall light,,,,,,,,,,,,,,,,,,,,With Exterior wall light,,,Outdoor Lighting,,,Model Number,59062BSL,,,,,,,,,,,,,,,,,,,,,,,,,,,,,,,,,,,,,,,,,,,,,,,,,,,,,,,,,,,,,,,,,,,,,,,,,,,,,,,,,,,,,,,,,,,,,,,,,,,,,,,,,,,,,,,,,,,,,,,,,,,,,,,,,,,,,,,,,,,,,,,,,,,,,,,,39111600,,,,,,,,,,,,,,,,,,,,,,,,,,,,,,,,,,,,,,,,,,,
https://kichler.com,,,,,,,,,,,59124BKT,59124BKT Kichler Ext Wall Lt,,,,Kichler Lighting (KICLI),Kichler Lighting,Kichler,Kichler,59124BKT,,Lighting & Fans>Outdoor Lighting>Wall Lighting,"Kichler Lighting Kichler, Wall Light, 59124BKT, 59124BKT",WALL LIGHT 59124BKT,Kichler 59124BKT Wall Light With Exterior wall light,"Kichler Wall Light With Exterior wall light, 59124BKT","Wall Light, 59124BKT","Wall Light, 59124BKT",Exterior wall light,,,,,,,,,,,,,,,,,,,,With Exterior wall light,,,Outdoor Lighting,,,Model Number,59124BKT,,,,,,,,,,,,,,,,,,,,,,,,,,,,,,,,,,,,,,,,,,,,,,,,,,,,,,,,,,,,,,,,,,,,,,,,,,,,,,,,,,,,,,,,,,,,,,,,,,,,,,,,,,,,,,,,,,,,,,,,,,,,,,,,,,,,,,,,,,,,,,,,,,,,,,,,39111600,,,,,,,,,,,,,,,,,,,,,,,,,,,,,,,,,,,,,,,,,,,
https://kichler.com,,,,,,,,,,,59025BK,59025BK Kichler Post Lt,,,,Kichler Lighting (KICLI),Kichler Lighting,Kichler,Kichler,59025BK,,Lighting & Fans>Outdoor Lighting>Post Lighting,"Kichler Lighting Kichler, Post Light, 59025BK, 59025BK",POST LIGHT 59025BK,Kichler 59025BK Post Light With Post light,"Kichler Post Light With Post light, 59025BK","Post Light, 59025BK","Post Light, 59025BK",Post light,,,,,,,,,,,,,,,,,,,,With Post light,,,Outdoor Lighting,,,Model Number,59025BK,,,,,,,,,,,,,,,,,,,,,,,,,,,,,,,,,,,,,,,,,,,,,,,,,,,,,,,,,,,,,,,,,,,,,,,,,,,,,,,,,,,,,,,,,,,,,,,,,,,,,,,,,,,,,,,,,,,,,,,,,,,,,,,,,,,,,,,,,,,,,,,,,,,,,,,,39111600,,,,,,,,,,,,,,,,,,,,,,,,,,,,,,,,,,,,,,,,,,,
https://black.com,,,,,,,,,,,DCL183,Dewalt DCL183 Light - Rechargeable,,,DEWALT,Black & Decker/dewlt (2585),Black & Decker,Dewalt,Dewalt,DCL183,,Tools & Hardware>Lighting & Electrical>Portable Work Lights,"Black & Decker Dewalt, Work Light, DCL183, DCL183, Rechargeable",WORK LIGHT DCL183 RECHARGEABLE,Dewalt DCL183 Work Light With Rechargeable,"Dewalt Work Light With Rechargeable, DCL183, Rechargeable","Work Light, DCL183, Rechargeable","Work Light, DCL183, Rechargeable",Rechargeable,,,,,,,,,,,,,,,,,,,,With Rechargeable,,,Portable Work Lighting,,,Model Number,DCL183,,Power Source,Rechargeable,,,,,,,,,,,,,,,,,,,,,,,,,,,,,,,,,,,,,,,,,,,,,,,,,,,,,,,,,,,,,,,,,,,,,,,,,,,,,,,,,,,,,,,,,,,,,,,,,,,,,,,,,,,,,,,,,,,,,,,,,,,,,,,,,,,,,,,,,,,,,,,,,,,,,39112102,,,,,,,,,,,,,,,,,,,,,,,,,,,,,,,,,,,,,,,,,,,
https://edgeeyewear.com,https://edgeeyewear.com/search?q=xpap418,,,,,,,,,,XPAP418,XPAP418 Edge Safety Glasses - Pumori Black Frame,,,,Edge Eyewear Inc (EDGSA),Edge Eyewear Inc,Edge,Edge,XPAP418,,Safety>Personal Protective Equipment>Eye Protection,"Edge Eyewear Inc Edge, safety glasses, Pumori, XPAP418, Black",SAFETY GLASSES BLACK,Edge Pumori XPAP418 safety glasses With Black frame,"Edge safety glasses With Black frame, Pumori, Black","Pumori safety glasses, Black","Pumori safety glasses, Black",Black frame,,,,,,,,,,,,,,,,,,,,With Black frame,,,Safety,,,Frame Color,Black,,,,,,,,,,,,,,,,,,,,,,,,,,,,,,,,,,,,,,,,,,,,,,,,,,,,,,,,,,,,,,,,,,,,,,,,,,,,,,,,,,,,,,,,,,,,,,,,,,,,,,,,,,,,,,,,,,,,,,,,,,,,,,,,,,,,,,,,,,,,,,,,,,,,,,,,46181802,,,,,,,,,,,,,,,,,,,,,,,,,,,,,,,,,,,,,,,,,,,
https://edgeeyewear.com,https://edgeeyewear.com/search?q=xb11pcvs,,,,,,,,,,XB11PCVS,XB11PCVS Edge Safety Glasses - Photochromic Lense,,,,Edge Eyewear Inc (EDGSA),Edge Eyewear Inc,Edge,Edge,XB11PCVS,,Safety>Personal Protective Equipment>Eye Protection,"Edge Eyewear Inc Edge, safety glasses, XB11PCVS, Photochromic",SAFETY GLASSES PHOTOCHROMIC,Edge XB11PCVS safety glasses With Photochromic lens,"Edge safety glasses With Photochromic lens, Photochromic","safety glasses, Photochromic","safety glasses, Photochromic",Photochromic lens,,,,,,,,,,,,,,,,,,,,With Photochromic lens,,,Safety,,,Lens Type,Photochromic,,,,,,,,,,,,,,,,,,,,,,,,,,,,,,,,,,,,,,,,,,,,,,,,,,,,,,,,,,,,,,,,,,,,,,,,,,,,,,,,,,,,,,,,,,,,,,,,,,,,,,,,,,,,,,,,,,,,,,,,,,,,,,,,,,,,,,,,,,,,,,,,,,,,,,,,46181802,,,,,,,,,,,,,,,,,,,,,,,,,,,,,,,,,,,,,,,,,,,
https://edgeeyewear.com,https://edgeeyewear.com/search?q=kb121vs,,,,,,,,,,KB121VS,KB121VS Edge Safety Glasses - Kabru Black Frame,,,,Edge Eyewear Inc (EDGSA),Edge Eyewear Inc,Edge,Edge,KB121VS,,Safety>Personal Protective Equipment>Eye Protection,"Edge Eyewear Inc Edge, safety glasses, Kabru, KB121VS, Black",SAFETY GLASSES BLACK,Edge Kabru KB121VS safety glasses With Black frame,"Edge safety glasses With Black frame, Kabru, Black","Kabru safety glasses, Black","Kabru safety glasses, Black",Black frame,,,,,,,,,,,,,,,,,,,,With Black frame,,,Safety,,,Frame Color,Black,,,,,,,,,,,,,,,,,,,,,,,,,,,,,,,,,,,,,,,,,,,,,,,,,,,,,,,,,,,,,,,,,,,,,,,,,,,,,,,,,,,,,,,,,,,,,,,,,,,,,,,,,,,,,,,,,,,,,,,,,,,,,,,,,,,,,,,,,,,,,,,,,,,,,,,,46181802,,,,,,,,,,,,,,,,,,,,,,,,,,,,,,,,,,,,,,,,,,,
https://edgeeyewear.com,https://edgeeyewear.com/search?q=kb126vs,,,,,,,,,,KB126VS,KB126VS Edge Safety Glasses - Kabru Black Frame,,,,Edge Eyewear Inc (EDGSA),Edge Eyewear Inc,Edge,Edge,KB126VS,,Safety>Personal Protective Equipment>Eye Protection,"Edge Eyewear Inc Edge, safety glasses, Kabru, KB126VS, Black",SAFETY GLASSES BLACK,Edge Kabru KB126VS safety glasses With Black frame,"Edge safety glasses With Black frame, Kabru, Black","Kabru safety glasses, Black","Kabru safety glasses, Black",Black frame,,,,,,,,,,,,,,,,,,,,With Black frame,,,Safety,,,Frame Color,Black,,,,,,,,,,,,,,,,,,,,,,,,,,,,,,,,,,,,,,,,,,,,,,,,,,,,,,,,,,,,,,,,,,,,,,,,,,,,,,,,,,,,,,,,,,,,,,,,,,,,,,,,,,,,,,,,,,,,,,,,,,,,,,,,,,,,,,,,,,,,,,,,,,,,,,,,46181802,,,,,,,,,,,,,,,,,,,,,,,,,,,,,,,,,,,,,,,,,,,
https://,,,,,,,,,,,48-11-2330,48-11-2330 Milwaukee Heated Gear Power Source,,,,Milwaukee Accessory (4031),Milwaukee Accessory,Milwaukee,Milwaukee,48-11-2330,,Tools & Equipment>Power Tool Accessories>Battery Adapters,"Milwaukee Accessory Milwaukee, Power Source, 48-11-2330, 48-11-2330",POWER SOURCE 48-11-2330,Milwaukee 48-11-2330 Power Source With Heated Gear Power Source,"Milwaukee Power Source With Heated Gear Power Source, 48-11-2330","Power Source, 48-11-2330","Power Source, 48-11-2330",Heated Gear Power Source,,,,,,,,,,,,,,,,,,,,With Heated Gear Power Source,,,Heated Gear,,,Model Number,48-11-2330,,,,,,,,,,,,,,,,,,,,,,,,,,,,,,,,,,,,,,,,,,,,,,,,,,,,,,,,,,,,,,,,,,,,,,,,,,,,,,,,,,,,,,,,,,,,,,,,,,,,,,,,,,,,,,,,,,,,,,,,,,,,,,,,,,,,,,,,,,,,,,,,,,,,,,,,26111700,,,,,,,,,,,,,,,,,,,,,,,,,,,,,,,,,,,,,,,,,,,
https://black.com,,,,,,,,,,,DW08802CG,DW08802CG Dewalt Laser Green - Self-Level Cross Line,,,DEWALT,Black & Decker/dewlt (2585),Black & Decker/dewlt,Dewalt,Dewalt,DW08802CG,,Tools & Equipment>Test & Measurement>Laser Levels,"Black & Decker/dewlt Dewalt, laser, DW08802CG, Green, Self-Level Cross Line",LASER GREEN SELF-LEVELCROSSLINE,Dewalt DW08802CG laser With Self-leveling,"Dewalt laser With Self-leveling, Green, Self-Level Cross Line","laser, Green, Self-Level Cross Line","laser, Green, Self-Level Cross Line",Self-leveling,Cross line,,,,,,,,,,,,,,,,,,,With Self-leveling,,,,,,color,Green,,type,Self-Level Cross Line,,,,,,,,,,,,,,,,,,,,,,,,,,,,,,,,,,,,,,,,,,,,,,,,,,,,,,,,,,,,,,,,,,,,,,,,,,,,,,,,,,,,,,,,,,,,,,,,,,,,,,,,,,,,,,,,,,,,,,,,,,,,,,,,,,,,,,,,,,,,,,,,,,,,,41113904,,,,,,,,,,,,,,,,,,,,,,,,,,,,,,,,,,,,,,,,,,,
https://black.com,,,,,,,,,,,DW0822CG,DW0822CG Dewalt Cross Line - Plumb Spots Laser-Green,,,DEWALT,Black & Decker/dewlt (2585),Black & Decker/dewlt,Dewalt,Dewalt,DW0822CG,,Tools>Measuring & Layout Tools>Laser Levels,"Black & Decker/dewlt Dewalt, laser, DW0822CG, Cross Line - Plumb Spots, Green",LASER CROSSLINE-PLUMBSPOTS GREEN,Dewalt DW0822CG laser With Cross line,"Dewalt laser With Cross line, Cross Line - Plumb Spots, Green","laser, Cross Line - Plumb Spots, Green","laser, Cross Line - Plumb Spots, Green",Cross line,Plumb spots,,,,,,,,,,,,,,,,,,,With Cross line,,,,,,type,Cross Line - Plumb Spots,,color,Green,,,,,,,,,,,,,,,,,,,,,,,,,,,,,,,,,,,,,,,,,,,,,,,,,,,,,,,,,,,,,,,,,,,,,,,,,,,,,,,,,,,,,,,,,,,,,,,,,,,,,,,,,,,,,,,,,,,,,,,,,,,,,,,,,,,,,,,,,,,,,,,,,,,,,27111707,,,,,,,,,,,,,,,,,,,,,,,,,,,,,,,,,,,,,,,,,,,
https://,,,,,,,,,,,48-44-2770,48-44-2770 Milwaukee Pole Pruning - Shears Replacement Blade,,,,Milwaukee Accessory (4031),Milwaukee Accessory,Milwaukee,Milwaukee,48-44-2770,,Hand Tools>Gardening Tools>Pruning Shears,"Milwaukee Accessory Milwaukee, Replacement Blade, Pole Pruning, 48-44-2770",REPLACEMENT BLADE 48-44-2770,Milwaukee Pole Pruning 48-44-2770 Replacement Blade With Shears Replacement Blade,"Milwaukee Replacement Blade With Shears Replacement Blade, Pole Pruning, 48-44-2770","Pole Pruning Replacement Blade, 48-44-2770","Pole Pruning Replacement Blade, 48-44-2770",Shears Replacement Blade,,,,,,,,,,,,,,,,,,,,With Shears Replacement Blade,,,Pole Pruning,,,Part Number,48-44-2770,,,,,,,,,,,,,,,,,,,,,,,,,,,,,,,,,,,,,,,,,,,,,,,,,,,,,,,,,,,,,,,,,,,,,,,,,,,,,,,,,,,,,,,,,,,,,,,,,,,,,,,,,,,,,,,,,,,,,,,,,,,,,,,,,,,,,,,,,,,,,,,,,,,,,,,,27111500,,,,,,,,,,,,,,,,,,,,,,,,,,,,,,,,,,,,,,,,,,,
https://,,,,,,,,,,,2954-20,2954-20 Milwaukee M18 Bluetooth Jobsite Speaker,,,,Milwaukee Accessory (4031),Milwaukee Accessory,Milwaukee,Milwaukee,2954-20,,Tools & Equipment>Power Tools>Jobsite Radios,"Milwaukee Accessory Milwaukee, Speaker, M18, 2954-20, 2954-20",SPEAKER 2954-20,Milwaukee M18 2954-20 Speaker With Bluetooth Jobsite Speaker,"Milwaukee Speaker With Bluetooth Jobsite Speaker, M18, 2954-20","M18 Speaker, 2954-20","M18 Speaker, 2954-20",Bluetooth Jobsite Speaker,,,,,,,,,,,,,,,,,,,,With Bluetooth Jobsite Speaker,,,Jobsite,,,Model Number,2954-20,,,,,,,,,,,,,,,,,,,,,,,,,,,,,,,,,,,,,,,,,,,,,,,,,,,,,,,,,,,,,,,,,,,,,,,,,,,,,,,,,,,,,,,,,,,,,,,,,,,,,,,,,,,,,,,,,,,,,,,,,,,,,,,,,,,,,,,,,,,,,,,,,,,,,,,,52161512,,,,,,,,,,,,,,,,,,,,,,,,,,,,,,,,,,,,,,,,,,,
https://,,,,,,,,,,,2541-20,2541-20 Milwaukee M12 - Compact Brad Nailer (Bare),,,,Milwaukee Accessory (4031),Milwaukee Accessory,Milwaukee,Milwaukee,2541-20,,Tools & Equipment>Power Tools>Nailers,"Milwaukee Accessory Milwaukee, Brad Nailer, M12, 2541-20, 2541-20",BRAD NAILER 2541-20,Milwaukee M12 2541-20 Brad Nailer With Compact,"Milwaukee Brad Nailer With Compact, M12, 2541-20, Additional Information: 2541-20 Milwaukee M12 - Compact Brad Nailer (Bare)","M12 Brad Nailer, 2541-20","M12 Brad Nailer, 2541-20",Compact,Bare tool,,,,,,,,,,,,,,,,,,,With Compact,,,,,,Model Number,2541-20,,,,,,,,,,,,,,,,,,,,,,,,,,,,,,,,,,,,,,,,,,,,,,,,,,,,,,,,,,,,,,,,,,,,,,,,,,,,,,,,,,,,,,,,,,,,,,,,,,,,,,,,,,,,,,,,,,,,,,,,,,,,,,,,,,,,,,,,,,,,,,,,,,,,,,,,27111905,,,,,,,,,,,,,,,,,,,,,,,,,,,,,,,,,,,,,,,,,,,
https://,,,,,,,,,,,DDWSSB,DDWSSB #2 Drywall Screw Setter,,,Diablo,Freud Inc (2435),Freud Inc,Freud,Freud,DDWSSB,,Tools & Equipment>Power Tool Accessories>Screwdriver Bits,"Freud Inc Freud, screw setter, DDWSSB, #2, Drywall",SCREW SETTER #2 DRYWALL,Freud DDWSSB screw setter With Drywall Screw Setter,"Freud screw setter With Drywall Screw Setter, #2, Drywall","screw setter, #2, Drywall","screw setter, #2, Drywall",Drywall Screw Setter,,,,,,,,,,,,,,,,,,,,With Drywall Screw Setter,,,Drywall,,,Drive Type,#2,,Application,Drywall,,,,,,,,,,,,,,,,,,,,,,,,,,,,,,,,,,,,,,,,,,,,,,,,,,,,,,,,,,,,,,,,,,,,,,,,,,,,,,,,,,,,,,,,,,,,,,,,,,,,,,,,,,,,,,,,,,,,,,,,,,,,,,,,,,,,,,,,,,,,,,,,,,,,,27112800,,,,,,,,,,,,,,,,,,,,,,,,,,,,,,,,,,,,,,,,,,,
https://black.com,,,,,,,,,,,DW7029,DW7029 Dewalt Miter Saw - Stand Support/Stop,,,,Black & Decker/dewlt (2585),Black & Decker/dewlt,Dewalt,Dewalt,DW7029,,Power Tools & Equipment>Power Tool Accessories>Miter Saw Accessories,"Black & Decker/dewlt Dewalt, stand support/stop, DW7029, DW7029",STAND SUPPORT/STOP DW7029,Dewalt DW7029 stand support/stop With Miter Saw Stand Support/Stop,"Dewalt stand support/stop With Miter Saw Stand Support/Stop, DW7029","stand support/stop, DW7029","stand support/stop, DW7029",Miter Saw Stand Support/Stop,,,,,,,,,,,,,,,,,,,,With Miter Saw Stand Support/Stop,,,Miter Saw,,,Model Number,DW7029,,,,,,,,,,,,,,,,,,,,,,,,,,,,,,,,,,,,,,,,,,,,,,,,,,,,,,,,,,,,,,,,,,,,,,,,,,,,,,,,,,,,,,,,,,,,,,,,,,,,,,,,,,,,,,,,,,,,,,,,,,,,,,,,,,,,,,,,,,,,,,,,,,,,,,,,27112700,,,,,,,,,,,,,,,,,,,,,,,,,,,,,,,,,,,,,,,,,,,
https://,,,,,,,,,,,TS1017,TS1017 Table Saw Zero-Clearance Insert,,,,Robt Bosch Tool Corp (6564),Robt Bosch Tool Corp,Bosch,Bosch,TS1017,,Power Tools & Equipment>Power Tool Accessories>Table Saw Accessories,"Robt Bosch Tool Corp Bosch, table saw insert, TS1017, TS1017",TABLE SAW INSERT TS1017,Bosch TS1017 table saw insert With Zero-Clearance,"Bosch table saw insert With Zero-Clearance, TS1017","table saw insert, TS1017","table saw insert, TS1017",Zero-Clearance,,,,,,,,,,,,,,,,,,,,With Zero-Clearance,,,Table Saw,,,Model Number,TS1017,,,,,,,,,,,,,,,,,,,,,,,,,,,,,,,,,,,,,,,,,,,,,,,,,,,,,,,,,,,,,,,,,,,,,,,,,,,,,,,,,,,,,,,,,,,,,,,,,,,,,,,,,,,,,,,,,,,,,,,,,,,,,,,,,,,,,,,,,,,,,,,,,,,,,,,,27112700,,,,,,,,,,,,,,,,,,,,,,,,,,,,,,,,,,,,,,,,,,,
https://,,,,,,,,,,,TGP2-FA,TGP2-FA T-Glide Fence Professional,,,,Saw Stop LLC (SAWST),Saw Stop LLC,Saw Stop,Saw Stop,TGP2-FA,,Power Tools & Equipment>Power Tool Accessories>Table Saw Accessories,"Saw Stop LLC Saw Stop, Fence, T-Glide, TGP2-FA, TGP2-FA, Professional",FENCE TGP2-FA PROFESSIONAL,Saw Stop T-Glide TGP2-FA Fence With T-Glide Fence,"Saw Stop Fence With T-Glide Fence, T-Glide, TGP2-FA, Professional","T-Glide Fence, TGP2-FA, Professional","T-Glide Fence, TGP2-FA, Professional",T-Glide Fence,,,,,,,,,,,,,,,,,,,,With T-Glide Fence,,,Table Saw,,,Model Number,TGP2-FA,,Grade,Professional,,,,,,,,,,,,,,,,,,,,,,,,,,,,,,,,,,,,,,,,,,,,,,,,,,,,,,,,,,,,,,,,,,,,,,,,,,,,,,,,,,,,,,,,,,,,,,,,,,,,,,,,,,,,,,,,,,,,,,,,,,,,,,,,,,,,,,,,,,,,,,,,,,,,,27112700,,,,,,,,,,,,,,,,,,,,,,,,,,,,,,,,,,,,,,,,,,,
https://,,,,,,,,,,,ATGI-FA,ATGI-FA T-Glide Advanced Fence Industrial,,,,Saw Stop LLC (SAWST),Saw Stop LLC,Saw Stop,Saw Stop,ATGI-FA,,Power Tools & Equipment>Power Tool Accessories>Table Saw Accessories,"Saw Stop LLC Saw Stop, Fence, T-Glide, ATGI-FA, ATGI-FA, Industrial",FENCE ATGI-FA INDUSTRIAL,Saw Stop T-Glide ATGI-FA Fence With T-Glide Advanced Fence,"Saw Stop Fence With T-Glide Advanced Fence, T-Glide, ATGI-FA, Industrial","T-Glide Fence, ATGI-FA, Industrial","T-Glide Fence, ATGI-FA, Industrial",T-Glide Advanced Fence,,,,,,,,,,,,,,,,,,,,With T-Glide Advanced Fence,,,Table Saw,,,Model Number,ATGI-FA,,Grade,Industrial,,,,,,,,,,,,,,,,,,,,,,,,,,,,,,,,,,,,,,,,,,,,,,,,,,,,,,,,,,,,,,,,,,,,,,,,,,,,,,,,,,,,,,,,,,,,,,,,,,,,,,,,,,,,,,,,,,,,,,,,,,,,,,,,,,,,,,,,,,,,,,,,,,,,,27112700,,,,,,,,,,,,,,,,,,,,,,,,,,,,,,,,,,,,,,,,,,,
https://,,,,,,,,,,,ATGP-FA,ATGP-FA T-Glide Advance Fence Professional,,,,Saw Stop LLC (SAWST),Saw Stop LLC,Saw Stop,Saw Stop,ATGP-FA,,Power Tools & Equipment>Power Tool Accessories>Table Saw Accessories,"Saw Stop LLC Saw Stop, Fence, T-Glide, ATGP-FA, ATGP-FA, Professional",FENCE ATGP-FA PROFESSIONAL,Saw Stop T-Glide ATGP-FA Fence With T-Glide Advance Fence,"Saw Stop Fence With T-Glide Advance Fence, T-Glide, ATGP-FA, Professional","T-Glide Fence, ATGP-FA, Professional","T-Glide Fence, ATGP-FA, Professional",T-Glide Advance Fence,,,,,,,,,,,,,,,,,,,,With T-Glide Advance Fence,,,Table Saw,,,Model Number,ATGP-FA,,Grade,Professional,,,,,,,,,,,,,,,,,,,,,,,,,,,,,,,,,,,,,,,,,,,,,,,,,,,,,,,,,,,,,,,,,,,,,,,,,,,,,,,,,,,,,,,,,,,,,,,,,,,,,,,,,,,,,,,,,,,,,,,,,,,,,,,,,,,,,,,,,,,,,,,,,,,,,27112700,,,,,,,,,,,,,,,,,,,,,,,,,,,,,,,,,,,,,,,,,,,
https://,,,,,,,,,,,TGI2-FA,TGI2-FA T-Glide Fence Indudtrial,,,,Saw Stop LLC (SAWST),Saw Stop LLC,Saw Stop,Saw Stop,TGI2-FA,,Power Tools & Equipment>Power Tool Accessories>Table Saw Accessories,"Saw Stop LLC Saw Stop, Fence, T-Glide, TGI2-FA, TGI2-FA, Indudtrial",FENCE TGI2-FA INDUDTRIAL,Saw Stop T-Glide TGI2-FA Fence With T-Glide Fence,"Saw Stop Fence With T-Glide Fence, T-Glide, TGI2-FA, Indudtrial","T-Glide Fence, TGI2-FA, Indudtrial","T-Glide Fence, TGI2-FA, Indudtrial",T-Glide Fence,,,,,,,,,,,,,,,,,,,,With T-Glide Fence,,,Table Saw,,,Model Number,TGI2-FA,,Grade,Indudtrial,,,,,,,,,,,,,,,,,,,,,,,,,,,,,,,,,,,,,,,,,,,,,,,,,,,,,,,,,,,,,,,,,,,,,,,,,,,,,,,,,,,,,,,,,,,,,,,,,,,,,,,,,,,,,,,,,,,,,,,,,,,,,,,,,,,,,,,,,,,,,,,,,,,,,27112700,,,,,,,,,,,,,,,,,,,,,,,,,,,,,,,,,,,,,,,,,,,
https://,,,,,,,,,,,SSCMS,SSCMS Stealthstop Miter Sled,,,,Woodpeckers Inc (WOODP),Woodpeckers Inc,Woodpeckers Inc,Woodpeckers Inc,SSCMS,,Machinery>Woodworking Machinery Accessories>Miter Saw Accessories,"Woodpeckers Inc, Miter Sled, Stealthstop, SSCMS, SSCMS",MITER SLED SSCMS,Woodpeckers Inc Stealthstop SSCMS Miter Sled With Stealthstop Miter Sled,"Woodpeckers Inc Miter Sled With Stealthstop Miter Sled, Stealthstop, SSCMS","Stealthstop Miter Sled, SSCMS","Stealthstop Miter Sled, SSCMS",Stealthstop Miter Sled,,,,,,,,,,,,,,,,,,,,With Stealthstop Miter Sled,,,Miter Saw Accessories,,,Model Number,SSCMS,,,,,,,,,,,,,,,,,,,,,,,,,,,,,,,,,,,,,,,,,,,,,,,,,,,,,,,,,,,,,,,,,,,,,,,,,,,,,,,,,,,,,,,,,,,,,,,,,,,,,,,,,,,,,,,,,,,,,,,,,,,,,,,,,,,,,,,,,,,,,,,,,,,,,,,,27112700,,,,,,,,,,,,,,,,,,,,,,,,,,,,,,,,,,,,,,,,,,,
https://woodstock.com,,,,,,,,,,,T27417,T27417 Grizzly OscillatingEdge - Belt and Spindle Sander,,,,Woodstock Intl (3658),Woodstock Intl,Grizzly,Grizzly,T27417,,Machinery>Woodworking Machinery>Edge Sanders,"Woodstock Intl Grizzly, Edge Sander, T27417, T27417, Oscillating Belt and Spindle",EDGE SANDER T27417,Grizzly T27417 Edge Sander With OscillatingEdge,"Grizzly Edge Sander With OscillatingEdge, T27417, Oscillating Belt and Spindle","Edge Sander, T27417, Oscillating Belt and Spindle","Edge Sander, T27417, Oscillating Belt and Spindle",OscillatingEdge,Belt and Spindle Sander,,,,,,,,,,,,,,,,,,,With OscillatingEdge,,,,,,Model Number,T27417,,Type,Oscillating Belt and Spindle,,,,,,,,,,,,,,,,,,,,,,,,,,,,,,,,,,,,,,,,,,,,,,,,,,,,,,,,,,,,,,,,,,,,,,,,,,,,,,,,,,,,,,,,,,,,,,,,,,,,,,,,,,,,,,,,,,,,,,,,,,,,,,,,,,,,,,,,,,,,,,,,,,,,,23101500,,,,,,,,,,,,,,,,,,,,,,,,,,,,,,,,,,,,,,,,,,,
https://leviton.com,,,,,,,,,,,174-0CSB3-15W,174-OCSB3-15A Toggle 3-Way Switch Water Heater,,,,Leviton Mfg Co (4927),Leviton Mfg Co,Leviton,Leviton,174-0CSB3-15W,,Electrical>Wiring Devices>Wall Switches,"Leviton Mfg Co Leviton, Switch, 174-0CSB3-15W, 15 A, 3-Way",SWITCH 15A 3-WAY,Leviton 174-0CSB3-15W Switch With Toggle switch,"Leviton Switch With Toggle switch, 15 A Amperage Rating, 3-Way","Switch, 3-Way","Switch, 3-Way",Toggle switch,Water heater,,,,,,,,,,,,,,,,,,,With Toggle switch,,,Water Heater,,,Amperage Rating,15,A,Switch Type,3-Way,,,,,,,,,,,,,,,,,,,,,,,,,,,,,,,,,,,,,,,,,,,,,,,,,,,,,,,,,,,,,,,,,,,,,,,,,,,,,,,,,,,,,,,,,,,,,,,,,,,,,,,,,,,,,,,,,,,,,,,,,,,,,,,,,,,,,,,,,,,,,,,,,,,,,39122211,,,,,,,,,,,,,,,,,,,,,,,,,,,,,,,,,,,,,,,,,,,
https://,,,,,,,,,,,1517602,6068R Gliding Patio Dr 4500 United Black Ext/Water Heater Int LowE Arg w/J,United Window & Door,,,United Window & Door Manufacturing (UNIWI),United Window & Door Manufacturing,United,United,1517602,,Building Materials>Doors & Windows>Patio Doors,"United Window & Door Manufacturing United, gliding patio door, 4500, 1517602",GLIDING PATIO DOOR 6068 BLACKEXTERIOR,United 4500 1517602 gliding patio door With Gliding,"United gliding patio door With Gliding, 4500, 6068, Black exterior, LowE Argon","4500 gliding patio door, 6068, Black exterior, LowE Argon","4500 gliding patio door, 6068, Black exterior, LowE Argon",Gliding,w/J,,,,,,,,,,,,,,,,,,,With Gliding,,,Water Heater,,,size,6068,,color,Black exterior,,glazing,LowE Argon,,,,,,,,,,,,,,,,,,,,,,,,,,,,,,,,,,,,,,,,,,,,,,,,,,,,,,,,,,,,,,,,,,,,,,,,,,,,,,,,,,,,,,,,,,,,,,,,,,,,,,,,,,,,,,,,,,,,,,,,,,,,,,,,,,,,,,,,,,,,,,,,,,30171501,,,,,,,,,,,,,,,,,,,,,,,,,,,,,,,,,,,,,,,,,,,
https://,,,,,,,,,,,1517603,6068L Gliding Patio Dr 4500 United Black Ext/Water Heater Int LowE Arg w/J,United Window & Door,,,United Window & Door Manufacturing (UNIWI),United Window & Door Manufacturing,United,United,1517603,,Building Materials>Doors & Windows>Patio Doors,"United Window & Door Manufacturing United, gliding patio door, 4500, 1517603",GLIDING PATIO DOOR 6068 BLACKEXTERIOR,United 4500 1517603 gliding patio door With Gliding,"United gliding patio door With Gliding, 4500, 6068, Black exterior, LowE Argon","4500 gliding patio door, 6068, Black exterior, LowE Argon","4500 gliding patio door, 6068, Black exterior, LowE Argon",Gliding,w/J,,,,,,,,,,,,,,,,,,,With Gliding,,,Water Heater,,,size,6068,,color,Black exterior,,glazing,LowE Argon,,,,,,,,,,,,,,,,,,,,,,,,,,,,,,,,,,,,,,,,,,,,,,,,,,,,,,,,,,,,,,,,,,,,,,,,,,,,,,,,,,,,,,,,,,,,,,,,,,,,,,,,,,,,,,,,,,,,,,,,,,,,,,,,,,,,,,,,,,,,,,,,,,30171501,,,,,,,,,,,,,,,,,,,,,,,,,,,,,,,,,,,,,,,,,,,
https://,,,,,,,,,,,M701B-21L,M701B-21L Milwaukee L Black Heated Work Glove Liners,,,,Milwaukee Accessory (4031),Milwaukee Accessory,Milwaukee,Milwaukee,M701B-21L,,Safety & Security>Personal Protective Equipment>Hand Protection,"Milwaukee Accessory Milwaukee, glove liners, M701B-21L, L, Black, Heated",GLOVE LINERS L BLACK HEATED,"Milwaukee M701B-21L glove liners With Heated, L, Black","Milwaukee glove liners With Heated, L, Black, Heated","glove liners, L, Black, Heated","glove liners, L, Black, Heated",Heated,Work Glove Liners,,,,,,,,,,,,,,,,,,,With Heated,,,Work,,,Size,L,,Color,Black,,Type,Heated,,,,,,,,,,,,,,,,,,,,,,,,,,,,,,,,,,,,,,,,,,,,,,,,,,,,,,,,,,,,,,,,,,,,,,,,,,,,,,,,,,,,,,,,,,,,,,,,,,,,,,,,,,,,,,,,,,,,,,,,,,,,,,,,,,,,,,,,,,,,,,,,,,46181504,,,,,,,,,,,,,,,,,,,,,,,,,,,,,,,,,,,,,,,,,,,
https://,,,,,,,,,,,M701B-21M,M701B-21M Milwaukee M Black Heated Work Glove Liners,,,,Milwaukee Accessory (4031),Milwaukee Accessory,Milwaukee,Milwaukee,M701B-21M,,Safety & Security>Personal Protective Equipment>Hand Protection,"Milwaukee Accessory Milwaukee, glove liners, M701B-21M, M, Black, Heated",GLOVE LINERS M BLACK HEATED,"Milwaukee M701B-21M glove liners With Heated, M, Black","Milwaukee glove liners With Heated, M, Black, Heated","glove liners, M, Black, Heated","glove liners, M, Black, Heated",Heated,Work Glove Liners,,,,,,,,,,,,,,,,,,,With Heated,,,Work,,,Size,M,,Color,Black,,Type,Heated,,,,,,,,,,,,,,,,,,,,,,,,,,,,,,,,,,,,,,,,,,,,,,,,,,,,,,,,,,,,,,,,,,,,,,,,,,,,,,,,,,,,,,,,,,,,,,,,,,,,,,,,,,,,,,,,,,,,,,,,,,,,,,,,,,,,,,,,,,,,,,,,,,46181504,,,,,,,,,,,,,,,,,,,,,,,,,,,,,,,,,,,,,,,,,,,
https://,,,,,,,,,,,M701B-21S,M701B-21S Milwaukee S Black Heated Work Glove Liners,,,,Milwaukee Accessory (4031),Milwaukee Accessory,Milwaukee,Milwaukee,M701B-21S,,Safety & Security>Personal Protective Equipment>Hand Protection,"Milwaukee Accessory Milwaukee, glove liners, M701B-21S, S, Black, Heated",GLOVE LINERS S BLACK HEATED,"Milwaukee M701B-21S glove liners With Heated, S, Black","Milwaukee glove liners With Heated, S, Black, Heated","glove liners, S, Black, Heated","glove liners, S, Black, Heated",Heated,Work Glove Liners,,,,,,,,,,,,,,,,,,,With Heated,,,Work,,,Size,S,,Color,Black,,Type,Heated,,,,,,,,,,,,,,,,,,,,,,,,,,,,,,,,,,,,,,,,,,,,,,,,,,,,,,,,,,,,,,,,,,,,,,,,,,,,,,,,,,,,,,,,,,,,,,,,,,,,,,,,,,,,,,,,,,,,,,,,,,,,,,,,,,,,,,,,,,,,,,,,,,46181504,,,,,,,,,,,,,,,,,,,,,,,,,,,,,,,,,,,,,,,,,,,
https://,,,,,,,,,,,M701B-21XL,M701B-21XL Milwaukee XL Black Heated Work Glove Liners,,,,Milwaukee Accessory (4031),Milwaukee Accessory,Milwaukee,Milwaukee,M701B-21XL,,Safety & Security>Personal Protective Equipment>Hand Protection,"Milwaukee Accessory Milwaukee, glove liners, M701B-21XL, XL, Black, Heated",GLOVE LINERS XL BLACK HEATED,"Milwaukee M701B-21XL glove liners With Heated, XL, Black","Milwaukee glove liners With Heated, XL, Black, Heated","glove liners, XL, Black, Heated","glove liners, XL, Black, Heated",Heated,Work Glove Liners,,,,,,,,,,,,,,,,,,,With Heated,,,Work,,,Size,XL,,Color,Black,,Type,Heated,,,,,,,,,,,,,,,,,,,,,,,,,,,,,,,,,,,,,,,,,,,,,,,,,,,,,,,,,,,,,,,,,,,,,,,,,,,,,,,,,,,,,,,,,,,,,,,,,,,,,,,,,,,,,,,,,,,,,,,,,,,,,,,,,,,,,,,,,,,,,,,,,,46181504,,,,,,,,,,,,,,,,,,,,,,,,,,,,,,,,,,,,,,,,,,,
https://policesecurity.com,https://policesecurity.com/search?q=97708,,,,,,,,,,97708,97708 Police 800L Headlight,,,Police Security,Police Security (9470),Police Security,Police Security,Police Security,97708,,Tools & Hardware>Lighting & Electrical>Headlamps,"Police Security, Headlight, 97708, 97708, 800 L",HEADLIGHT 97708 800L,Police Security 97708 Headlight With 800 Lumen headlight,"Police Security Headlight With 800 Lumen headlight, 97708, 800 L Brightness","Headlight, 97708, 800 L","Headlight, 97708, 800 L",800 Lumen headlight,,,,,,,,,,,,,,,,,,,,With 800 Lumen headlight,,,Headlamps,,,Model Number,97708,,Brightness,800,L,,,,,,,,,,,,,,,,,,,,,,,,,,,,,,,,,,,,,,,,,,,,,,,,,,,,,,,,,,,,,,,,,,,,,,,,,,,,,,,,,,,,,,,,,,,,,,,,,,,,,,,,,,,,,,,,,,,,,,,,,,,,,,,,,,,,,,,,,,,,,,,,,,,,39111610,,,,,,,,,,,,,,,,,,,,,,,,,,,,,,,,,,,,,,,,,,,
https://primewirecable.com,https://primewirecable.com/search?q=pbuc013,,,,,,,,,,PBUC013,PBUC013 15A Wall Tap w/USB,,,Prime,Prime Wire & Cable (3562),Prime Wire & Cable,Prime,,PBUC013,,Electrical>Wiring Devices>Wall Taps,"Prime Wire & Cable Prime, Wall Tap, PBUC013, 15 A, 3.1 A",WALL TAP 15A 3.1A,Prime PBUC013 Wall Tap With 2 Outlet,"Prime Wall Tap With 2 Outlet, 15 A Amperage Rating, 3.1 A USB Output, Additional Information: PBUC013","Wall Tap, 3.1 A","Wall Tap, 3.1 A",2 Outlet,1-Port USB-A,1-Port USB-C,great for tight spaces,,,,,,,,,,,,,,,,,With 2 Outlet,,,,,,Amperage Rating,15,A,USB Output,3.1,A,,,,,,,,,,,,,,,,,,,,,,,,,,,,,,,,,,,,,,,,,,,,,,,,,,,,,,,,,,,,,,,,,,,,,,,,,,,,,,,,,,,,,,,,,,,,,,,,,,,,,,,,,,,,,,,,,,,,,,,,,,,,,,,,,,,,,,,,,,,,,,,,,,,,39121406,,,,,,,,,,,,,,,,,,,,,,,,,,,,,,,,,,,,,,,,,,,
https://,,,,,,,,,,,1517605,6068R Gliding Patio Dr 4500 United White LowE Arg w/J,United Window & Door,,,United Window & Door Manufacturing (UNIWI),United Window & Door Manufacturing,United,United,1517605,,Building Materials>Doors & Windows>Patio Doors,"United Window & Door Manufacturing United, Patio Door, 4500, 1517605",PATIO DOOR 6068R WHITE LOWEARG,"United 4500 1517605 Patio Door With Gliding, White","United Patio Door With Gliding, 4500, 6068R, White, LowE Arg","4500 Patio Door, 6068R, White, LowE Arg","4500 Patio Door, 6068R, White, LowE Arg",Gliding,w/J,,,,,,,,,,,,,,,,,,,With Gliding,,,Patio,,,Model,6068R,,Color,White,,Glass Type,LowE Arg,,,,,,,,,,,,,,,,,,,,,,,,,,,,,,,,,,,,,,,,,,,,,,,,,,,,,,,,,,,,,,,,,,,,,,,,,,,,,,,,,,,,,,,,,,,,,,,,,,,,,,,,,,,,,,,,,,,,,,,,,,,,,,,,,,,,,,,,,,,,,,,,,,30171501,,,,,,,,,,,,,,,,,,,,,,,,,,,,,,,,,,,,,,,,,,,
https://edgeeyewear.com,https://edgeeyewear.com/search?q=tsdkap218-g2,,,,,,,,,,TSDKAP218-G2,TSDKAP218-G2 Edge Safety - Khor Black Frame Polarized,,,,Edge Eyewear Inc (EDGSA),Edge Eyewear Inc,Edge,Edge,TSDKAP218-G2,,Safety>Personal Protective Equipment>Eye Protection,"Edge Eyewear Inc Edge, safety glasses, Khor, TSDKAP218-G2, Black, Polarized",SAFETY GLASSES BLACK POLARIZED,Edge Khor TSDKAP218-G2 safety glasses With Black frame,"Edge safety glasses With Black frame, Khor, Black, Polarized","Khor safety glasses, Black, Polarized","Khor safety glasses, Black, Polarized",Black frame,Polarized lenses,,,,,,,,,,,,,,,,,,,With Black frame,,,Safety,,,Frame Color,Black,,Lens Type,Polarized,,,,,,,,,,,,,,,,,,,,,,,,,,,,,,,,,,,,,,,,,,,,,,,,,,,,,,,,,,,,,,,,,,,,,,,,,,,,,,,,,,,,,,,,,,,,,,,,,,,,,,,,,,,,,,,,,,,,,,,,,,,,,,,,,,,,,,,,,,,,,,,,,,,,,46181802,,,,,,,,,,,,,,,,,,,,,,,,,,,,,,,,,,,,,,,,,,,
https://edgeeyewear.com,https://edgeeyewear.com/search?q=xdap419,,,,,,,,,,XDAP419,XDAP419 Edge Safety Glasses - Dawson Black Frame Red Lenses,,,,Edge Eyewear Inc (EDGSA),Edge Eyewear Inc,Edge,Edge,XDAP419,,Safety>Personal Protective Equipment>Eye Protection,"Edge Eyewear Inc Edge, safety glasses, Dawson, XDAP419, Black, Red",SAFETY GLASSES BLACK RED,Edge Dawson XDAP419 safety glasses With Black frame,"Edge safety glasses With Black frame, Dawson, Black, Red","Dawson safety glasses, Black, Red","Dawson safety glasses, Black, Red",Black frame,Red lenses,,,,,,,,,,,,,,,,,,,With Black frame,,,Safety,,,Frame Color,Black,,Lens Color,Red,,,,,,,,,,,,,,,,,,,,,,,,,,,,,,,,,,,,,,,,,,,,,,,,,,,,,,,,,,,,,,,,,,,,,,,,,,,,,,,,,,,,,,,,,,,,,,,,,,,,,,,,,,,,,,,,,,,,,,,,,,,,,,,,,,,,,,,,,,,,,,,,,,,,,46181802,,,,,,,,,,,,,,,,,,,,,,,,,,,,,,,,,,,,,,,,,,,
https://,,,,,,,,,,,48-22-3301,48-22-3301 Milwaukee Mechanical Pencil w/ Lead Pack,,,,Milwaukee Accessory (4031),Milwaukee Accessory,Milwaukee,Milwaukee,48-22-3301,,Office Supplies>Writing Instruments>Mechanical Pencils,"Milwaukee Accessory Milwaukee, Mechanical Pencil, 48-22-3301",MECHANICAL PENCIL 48-22-3301,Milwaukee 48-22-3301 Mechanical Pencil With Includes lead pack,"Milwaukee Mechanical Pencil With Includes lead pack, 48-22-3301","Mechanical Pencil, 48-22-3301","Mechanical Pencil, 48-22-3301",Includes lead pack,,,,,,,,,,,,,,,,,,,,With Includes lead pack,,,Writing,Lead Pack,,Model Number,48-22-3301,,,,,,,,,,,,,,,,,,,,,,,,,,,,,,,,,,,,,,,,,,,,,,,,,,,,,,,,,,,,,,,,,,,,,,,,,,,,,,,,,,,,,,,,,,,,,,,,,,,,,,,,,,,,,,,,,,,,,,,,,,,,,,,,,,,,,,,,,,,,,,,,,,,,,,,,44121705,,,,,,,,,,,,,,,,,,,,,,,,,,,,,,,,,,,,,,,,,,,
https://black.com,,,,,,,,,,,DWHT10994,DWHT10994 Folding Knife,,,DEWALT,Black & Decker/dewlt (2585),Black & Decker/dewlt,DEWALT,,DWHT10994,,Hand & Power Tools>Hand Tools>Knives,"Black & Decker/dewlt DEWALT, Product, DWHT10994",PRODUCT,DEWALT DWHT10994 Product,"DEWALT Product, ",Product,Product,,,,,,,,,,,,,,,,,,,,,,,,,,,,,,,,,,,,,,,,,,,,,,,,,,,,,,,,,,,,,,,,,,,,,,,,,,,,,,,,,,,,,,,,,,,,,,,,,,,,,,,,,,,,,,,,,,,,,,,,,,,,,,,,,,,,,,,,,,,,,,,,,,,,,,,,,,,,,,,,,,,,,,,,,,,,,,,,,,,,27111503,,,,,,,,,,,,,,,,,,,,,,,,,,,,,,,,,,,,,,,,,,,
https://kreg.com,,,,,,,,,,,KPTDR050A,KPTDR050A Kreg 20V Ionic Compact Drill,,,,Kreg Tool Company (KRETO),Kreg Tool Company,Kreg,Kreg,KPTDR050A,,Tools & Equipment>Power Tools>Cordless Drills & Drivers,"Kreg Tool Company Kreg, Drill, Ionic Drive, KPTDR050A, 20 V, 1/2 in, 5.9 in",DRILL 20V 1/2IN 5.9IN,Kreg Ionic Drive KPTDR050A Drill With Powerful brushless motor,"Kreg Drill With Powerful brushless motor, Ionic Drive, 20 V Voltage Rating, 1/2 in Chuck Size, 5.9 in Length, Additional Information: 5.9-inch compact design.","Ionic Drive Drill, 1/2 in, 5.9 in","Ionic Drive Drill, 1/2 in, 5.9 in",Powerful brushless motor,compact design,,,,,,,,,,,,,,,,,,,With Powerful brushless motor,,,,Tool Only,,Voltage Rating,20,V,Chuck Size,1/2,in,Length,5.9,in,,,,,,,,,,,,,,,,,,,,,,,,,,,,,,,,,,,,,,,,,,,,,,,,,,,,,,,,,,,,,,,,,,,,,,,,,,,,,,,,,,,,,,,,,,,,,,,,,,,,,,,,,,,,,,,,,,,,,,,,,,,,,,,,,,,,,,,,,,,,,,,,,27112703,,,,,,,,,,,,,,,,,,,,,,,,,,,,,,,,,,,,,,,,,,,
https://,,,,,,,,,,,2955-20,2955-20 Milwaukee M12 Bluetooth - Jobsite Speaker w/Packout,,,,Milwaukee Accessory (4031),Milwaukee Accessory,Milwaukee,Milwaukee,2955-20,,Tools & Equipment>Power Tools>Jobsite Radios,"Milwaukee Accessory Milwaukee, Speaker, M12, 2955-20, 2955-20",SPEAKER 2955-20,Milwaukee M12 2955-20 Speaker With Bluetooth Jobsite Speaker,"Milwaukee Speaker With Bluetooth Jobsite Speaker, M12, 2955-20","M12 Speaker, 2955-20","M12 Speaker, 2955-20",Bluetooth Jobsite Speaker,w/Packout,,,,,,,,,,,,,,,,,,,With Bluetooth Jobsite Speaker,,,Jobsite,Packout,,Model Number,2955-20,,,,,,,,,,,,,,,,,,,,,,,,,,,,,,,,,,,,,,,,,,,,,,,,,,,,,,,,,,,,,,,,,,,,,,,,,,,,,,,,,,,,,,,,,,,,,,,,,,,,,,,,,,,,,,,,,,,,,,,,,,,,,,,,,,,,,,,,,,,,,,,,,,,,,,,,52161512,,,,,,,,,,,,,,,,,,,,,,,,,,,,,,,,,,,,,,,,,,,
